encounter_id,member_id,encounter_date,encounter_type
1,2,2026-04-23,inpatient
2,2,2026-01-21,inpatient
3,5,2025-05-22,ED
4,5,2025-08-21,ED
5,6,2025-01-04,inpatient
6,7,2025-04-02,ED
7,8,2025-02-24,ED
8,10,2025-10-10,ED
9,10,2025-07-27,inpatient
10,10,2026-05-04,ED
11,11,2026-06-23,ED
12,11,2026-02-19,ED
13,11,2026-01-16,ED
14,11,2025-12-13,ED
15,13,2025-03-13,ED
16,14,2026-03-29,ED
17,14,2026-01-02,ED
18,16,2026-05-24,ED
19,16,2025-09-21,ED
20,16,2025-11-11,ED
21,17,2025-03-03,ED
22,18,2025-02-01,inpatient
23,18,2025-06-22,ED
24,20,2025-05-16,ED
25,20,2026-01-20,ED
26,23,2026-01-18,ED
27,23,2026-01-15,inpatient
28,23,2026-04-28,ED
29,27,2026-05-29,ED
30,29,2025-06-29,inpatient
31,29,2026-05-13,ED
32,29,2025-06-02,ED
33,29,2025-09-20,ED
34,29,2025-10-22,inpatient
35,29,2026-04-30,ED
36,30,2025-03-30,ED
37,31,2026-03-24,ED
38,33,2026-05-31,ED
39,33,2025-03-19,ED
40,33,2026-01-29,inpatient
41,33,2026-06-28,ED
42,33,2025-05-10,ED
43,33,2025-11-12,ED
44,35,2025-12-19,ED
45,35,2026-04-22,ED
46,35,2025-08-05,ED
47,37,2026-05-04,ED
48,37,2026-06-11,ED
49,37,2025-10-08,inpatient
50,37,2026-01-04,ED
51,38,2025-10-27,ED
52,39,2025-08-25,ED
53,40,2026-02-04,inpatient
54,40,2025-10-29,ED
55,40,2026-05-08,ED
56,46,2026-01-17,ED
57,46,2025-06-19,ED
58,46,2026-06-28,ED
59,46,2025-12-30,inpatient
60,47,2025-06-17,ED
61,48,2026-06-24,ED
62,48,2025-02-03,ED
63,49,2025-06-27,ED
64,53,2025-12-03,ED
65,55,2025-10-21,ED
66,55,2025-01-20,ED
67,56,2025-04-16,ED
68,57,2025-03-30,inpatient
69,57,2025-08-08,inpatient
70,60,2025-02-28,ED
71,63,2026-03-26,ED
72,63,2025-10-10,ED
73,63,2025-10-08,inpatient
74,63,2026-01-19,inpatient
75,65,2025-08-26,ED
76,65,2025-07-18,ED
77,65,2026-02-21,ED
78,65,2025-09-26,inpatient
79,66,2026-01-13,ED
80,68,2025-03-17,ED
81,68,2025-12-28,ED
82,69,2025-04-06,ED
83,71,2025-09-14,ED
84,72,2026-03-21,ED
85,72,2025-04-27,ED
86,74,2025-06-13,inpatient
87,74,2025-06-27,ED
88,74,2025-05-09,ED
89,74,2025-10-18,ED
90,75,2026-02-20,ED
91,75,2025-11-21,ED
92,75,2025-10-16,ED
93,75,2025-04-11,ED
94,78,2025-01-29,ED
95,78,2025-08-19,ED
96,78,2025-01-14,ED
97,79,2025-06-13,ED
98,80,2026-04-23,ED
99,80,2026-02-12,ED
100,80,2025-02-08,inpatient
101,80,2026-04-20,ED
102,80,2026-03-13,ED
103,80,2025-03-23,ED
104,82,2025-01-23,inpatient
105,82,2026-06-20,ED
106,82,2025-03-20,ED
107,83,2025-05-04,ED
108,83,2026-05-13,ED
109,83,2025-11-25,ED
110,85,2026-03-17,ED
111,86,2025-12-04,ED
112,86,2026-03-12,ED
113,88,2026-01-12,ED
114,88,2026-06-13,ED
115,88,2025-11-03,ED
116,88,2025-03-09,inpatient
117,90,2025-03-27,ED
118,90,2025-01-19,ED
119,90,2025-12-15,ED
120,91,2025-04-04,ED
121,92,2026-05-17,inpatient
122,93,2025-07-24,ED
123,94,2025-11-25,ED
124,94,2025-09-16,ED
125,94,2026-02-18,inpatient
126,94,2026-04-09,ED
127,94,2025-04-13,ED
128,94,2026-01-25,ED
129,98,2025-07-25,ED
130,98,2025-10-22,inpatient
131,99,2025-07-21,ED
132,100,2026-01-27,ED
133,100,2025-12-19,ED
134,101,2025-12-28,ED
135,101,2025-02-16,ED
136,101,2025-10-27,ED
137,101,2025-05-30,ED
138,103,2025-03-05,ED
139,104,2026-04-01,ED
140,105,2025-07-13,ED
141,106,2025-10-30,ED
142,108,2025-10-09,ED
143,108,2026-02-10,inpatient
144,109,2026-03-09,ED
145,109,2025-06-14,ED
146,109,2026-01-01,ED
147,113,2026-01-04,ED
148,114,2025-05-13,ED
149,114,2025-05-20,ED
150,119,2025-01-16,ED
151,120,2025-08-08,inpatient
152,124,2026-01-19,inpatient
153,124,2025-03-04,inpatient
154,125,2026-06-13,ED
155,125,2026-02-15,ED
156,130,2025-10-12,inpatient
157,130,2026-03-06,ED
158,130,2025-11-02,ED
159,131,2025-03-28,inpatient
160,131,2025-03-13,ED
161,132,2025-08-06,ED
162,132,2026-06-20,ED
163,132,2025-01-30,ED
164,132,2026-04-04,ED
165,134,2025-06-22,inpatient
166,134,2026-03-30,ED
167,135,2026-05-15,ED
168,135,2026-03-27,ED
169,135,2025-03-12,ED
170,137,2025-06-27,inpatient
171,137,2025-10-18,ED
172,139,2025-08-11,ED
173,139,2025-04-07,ED
174,139,2025-08-08,inpatient
175,139,2026-04-29,ED
176,142,2025-12-15,inpatient
177,143,2025-09-27,ED
178,145,2025-08-09,ED
179,146,2025-05-05,inpatient
180,146,2025-03-04,ED
181,146,2025-10-13,ED
182,147,2025-04-18,ED
183,147,2025-08-11,inpatient
184,147,2025-12-05,ED
185,150,2025-05-16,inpatient
186,150,2026-01-02,ED
187,150,2026-02-11,ED
188,151,2025-04-10,ED
189,151,2026-05-21,ED
190,151,2025-11-03,ED
191,151,2026-03-26,ED
192,151,2025-06-09,ED
193,151,2025-06-25,ED
194,153,2025-06-19,ED
195,153,2025-01-09,ED
196,153,2025-10-13,inpatient
197,153,2025-04-06,inpatient
198,153,2026-05-13,ED
199,153,2026-02-01,ED
200,154,2025-11-02,inpatient
201,154,2026-02-22,ED
202,162,2025-10-04,ED
203,162,2025-04-28,inpatient
204,164,2025-02-24,ED
205,167,2026-02-14,ED
206,168,2025-06-16,ED
207,168,2025-07-05,ED
208,168,2025-10-05,ED
209,169,2025-06-10,ED
210,169,2025-07-19,ED
211,171,2025-05-14,ED
212,171,2025-08-08,ED
213,173,2025-11-01,ED
214,173,2025-12-19,ED
215,173,2026-06-28,ED
216,175,2026-02-08,ED
217,175,2026-05-19,ED
218,175,2025-10-11,ED
219,175,2026-04-14,inpatient
220,177,2025-08-02,ED
221,178,2026-05-18,ED
222,178,2025-02-18,ED
223,178,2026-02-03,ED
224,184,2026-03-23,ED
225,186,2025-03-17,ED
226,187,2025-04-12,ED
227,187,2026-04-20,ED
228,187,2025-03-21,inpatient
229,187,2026-03-24,ED
230,188,2025-05-16,inpatient
231,188,2025-01-11,ED
232,190,2025-10-26,ED
233,190,2025-04-28,inpatient
234,195,2025-11-01,ED
235,196,2025-05-12,inpatient
236,199,2025-04-10,ED
237,199,2025-10-25,ED
238,201,2026-01-04,inpatient
239,201,2025-09-27,ED
240,201,2025-08-16,ED
241,202,2026-01-08,ED
242,202,2026-02-23,inpatient
243,204,2026-05-28,ED
244,206,2025-02-15,ED
245,206,2025-09-04,ED
246,207,2026-01-01,ED
247,207,2026-05-04,ED
248,207,2026-04-24,ED
249,207,2026-02-19,ED
250,212,2025-09-19,inpatient
251,212,2025-04-06,ED
252,212,2026-06-07,ED
253,212,2025-10-13,inpatient
254,217,2025-09-19,ED
255,217,2025-07-24,ED
256,217,2025-10-18,ED
257,217,2025-10-21,ED
258,217,2025-05-17,ED
259,217,2026-02-13,ED
260,219,2025-07-16,ED
261,220,2025-02-24,ED
262,221,2025-07-16,ED
263,224,2025-11-27,ED
264,226,2026-05-08,ED
265,226,2025-07-29,ED
266,226,2025-02-03,ED
267,227,2025-08-10,ED
268,229,2026-05-25,ED
269,230,2025-12-06,ED
270,230,2025-08-05,inpatient
271,230,2025-10-06,inpatient
272,230,2026-01-17,ED
273,231,2025-10-09,ED
274,231,2025-11-02,ED
275,231,2025-06-02,ED
276,233,2025-12-07,ED
277,236,2025-05-29,ED
278,236,2025-04-10,ED
279,237,2026-01-01,ED
280,237,2026-01-13,ED
281,237,2025-06-27,inpatient
282,239,2025-04-24,ED
283,241,2025-08-10,ED
284,241,2025-02-17,ED
285,241,2025-03-30,ED
286,242,2025-01-01,ED
287,243,2025-09-12,ED
288,245,2026-02-11,ED
289,247,2025-05-05,ED
290,247,2025-06-09,inpatient
291,247,2026-03-05,ED
292,247,2025-11-16,inpatient
293,247,2025-05-04,inpatient
294,247,2025-04-12,inpatient
295,248,2026-02-23,ED
296,248,2025-07-02,ED
297,248,2025-05-02,ED
298,249,2025-06-27,ED
299,251,2025-09-21,ED
300,251,2025-07-29,ED
301,252,2026-02-11,inpatient
302,257,2025-03-18,inpatient
303,257,2025-07-09,ED
304,259,2026-01-24,ED
305,261,2025-07-26,inpatient
306,262,2025-07-02,ED
307,262,2025-08-21,ED
308,263,2025-09-22,ED
309,263,2026-01-29,ED
310,263,2025-10-26,ED
311,263,2025-04-26,ED
312,265,2025-10-09,ED
313,265,2025-10-16,ED
314,266,2025-08-14,ED
315,269,2026-06-13,ED
316,271,2026-01-14,ED
317,272,2025-09-08,inpatient
318,272,2025-10-09,ED
319,272,2026-03-30,ED
320,272,2026-05-29,ED
321,274,2026-01-31,ED
322,276,2025-09-25,ED
323,276,2025-09-02,ED
324,276,2026-01-20,ED
325,276,2025-07-23,inpatient
326,277,2026-06-18,ED
327,280,2025-07-30,ED
328,281,2025-03-05,ED
329,281,2025-05-11,ED
330,282,2026-06-26,ED
331,282,2025-09-12,ED
332,282,2026-02-18,ED
333,282,2025-04-11,inpatient
334,284,2026-02-19,ED
335,285,2026-02-11,ED
336,286,2026-04-15,ED
337,287,2025-05-01,ED
338,290,2026-01-03,ED
339,290,2025-07-15,inpatient
340,290,2025-08-21,ED
341,294,2025-06-02,inpatient
342,294,2026-06-30,inpatient
343,298,2026-01-27,ED
344,298,2025-02-25,ED
345,299,2025-10-16,ED
346,300,2025-01-20,ED
347,301,2025-07-30,ED
348,302,2025-06-12,ED
349,303,2025-06-08,ED
350,304,2025-05-14,ED
351,304,2025-11-29,ED
352,306,2025-08-09,ED
353,308,2026-02-03,ED
354,308,2025-05-29,inpatient
355,310,2025-08-24,ED
356,310,2025-05-21,ED
357,311,2026-05-30,ED
358,312,2025-12-30,ED
359,313,2026-03-06,ED
360,313,2025-01-16,inpatient
361,314,2026-02-26,ED
362,315,2026-01-05,ED
363,315,2026-05-02,ED
364,316,2025-11-15,inpatient
365,318,2026-02-27,ED
366,319,2025-10-19,ED
367,319,2025-05-14,ED
368,319,2025-05-08,ED
369,319,2025-12-22,ED
370,319,2025-05-05,ED
371,319,2025-09-27,ED
372,320,2026-02-13,ED
373,320,2026-04-02,ED
374,321,2025-05-03,ED
375,322,2025-11-14,ED
376,322,2025-04-30,ED
377,322,2026-04-03,ED
378,322,2025-01-02,ED
379,322,2025-07-23,ED
380,322,2026-01-22,ED
381,323,2025-12-28,ED
382,324,2026-06-13,ED
383,326,2026-03-29,inpatient
384,326,2026-06-04,inpatient
385,329,2025-06-29,inpatient
386,329,2026-01-17,ED
387,329,2025-04-22,ED
388,329,2026-05-04,inpatient
389,330,2025-11-12,ED
390,330,2026-01-19,inpatient
391,331,2025-08-23,ED
392,331,2025-05-08,inpatient
393,333,2025-01-25,ED
394,333,2025-02-13,ED
395,335,2025-05-07,ED
396,338,2025-07-09,ED
397,338,2025-05-21,ED
398,339,2026-01-12,ED
399,339,2025-09-04,inpatient
400,339,2026-04-01,inpatient
401,339,2025-12-05,ED
402,340,2026-03-19,ED
403,340,2025-09-28,ED
404,343,2026-04-23,ED
405,344,2026-01-07,ED
406,344,2026-06-10,ED
407,345,2026-01-02,ED
408,345,2025-06-23,ED
409,345,2026-03-26,ED
410,345,2025-02-04,ED
411,346,2025-10-18,ED
412,347,2025-11-18,inpatient
413,347,2025-05-20,ED
414,350,2026-04-09,inpatient
415,350,2025-04-24,ED
416,350,2026-06-01,ED
417,350,2026-02-16,ED
418,350,2025-09-12,ED
419,350,2025-08-30,ED
420,351,2026-03-15,ED
421,351,2025-05-30,ED
422,351,2025-01-04,ED
423,353,2025-12-29,inpatient
424,355,2026-03-17,ED
425,355,2026-01-19,ED
426,357,2025-05-10,ED
427,357,2025-12-23,ED
428,357,2026-04-30,ED
429,358,2026-01-21,ED
430,360,2025-08-31,ED
431,363,2026-06-13,ED
432,363,2025-02-25,ED
433,363,2026-06-08,ED
434,363,2025-04-30,ED
435,365,2025-01-21,ED
436,366,2025-03-10,ED
437,366,2026-02-21,ED
438,366,2025-11-30,ED
439,366,2026-06-04,ED
440,367,2025-05-07,ED
441,368,2026-03-04,ED
442,373,2025-06-26,ED
443,374,2025-08-30,ED
444,375,2025-10-03,ED
445,376,2026-04-01,ED
446,378,2025-01-21,ED
447,378,2025-02-20,ED
448,378,2025-09-22,ED
449,378,2026-04-30,ED
450,382,2026-03-05,ED
451,382,2025-11-29,inpatient
452,385,2025-09-24,ED
453,385,2025-05-21,inpatient
454,386,2025-07-08,ED
455,391,2025-08-22,ED
456,395,2025-05-07,ED
457,397,2025-07-30,ED
458,397,2025-02-26,inpatient
459,397,2026-03-09,ED
460,398,2026-05-07,ED
461,398,2025-08-11,ED
462,399,2026-01-28,ED
463,399,2026-04-24,ED
464,399,2025-03-05,ED
465,399,2025-01-11,ED
466,400,2025-03-03,ED
467,400,2025-10-24,ED
468,400,2025-04-08,ED
469,400,2025-08-23,ED
470,401,2025-01-23,inpatient
471,401,2025-04-10,ED
472,402,2025-02-11,ED
473,402,2025-01-21,ED
474,403,2025-07-16,ED
475,403,2025-04-14,ED
476,403,2025-05-30,inpatient
477,406,2025-06-10,ED
478,407,2025-03-24,ED
479,408,2025-03-22,ED
480,408,2025-04-17,ED
481,408,2025-05-17,inpatient
482,408,2026-01-29,ED
483,409,2025-12-02,inpatient
484,413,2026-02-24,ED
485,413,2025-11-28,ED
486,413,2026-02-24,inpatient
487,413,2025-10-02,ED
488,415,2025-10-08,ED
489,416,2025-08-09,inpatient
490,416,2026-01-19,ED
491,416,2026-03-16,ED
492,416,2025-04-17,ED
493,417,2025-09-16,inpatient
494,418,2025-09-19,ED
495,418,2025-01-06,ED
496,419,2025-11-13,ED
497,420,2026-05-30,ED
498,420,2025-03-05,ED
499,420,2025-06-22,ED
500,422,2026-05-01,ED
501,423,2025-11-14,ED
502,423,2025-12-04,inpatient
503,423,2025-02-02,ED
504,423,2025-06-03,ED
505,423,2025-01-14,inpatient
506,423,2025-03-20,ED
507,425,2025-03-10,ED
508,425,2025-03-16,ED
509,426,2025-04-10,ED
510,426,2025-08-13,ED
511,426,2025-02-26,ED
512,428,2026-06-05,ED
513,430,2025-09-17,ED
514,431,2025-08-24,ED
515,431,2025-05-18,ED
516,431,2026-04-27,ED
517,432,2025-03-07,ED
518,432,2025-12-06,ED
519,432,2025-03-30,ED
520,432,2025-10-07,ED
521,432,2025-05-16,ED
522,432,2026-06-22,ED
523,438,2025-01-12,inpatient
524,440,2026-06-18,ED
525,440,2026-04-28,ED
526,440,2025-11-02,ED
527,440,2025-04-20,ED
528,440,2026-04-14,inpatient
529,440,2025-06-19,ED
530,441,2025-11-30,inpatient
531,443,2025-07-14,ED
532,444,2025-08-26,ED
533,444,2025-03-15,ED
534,445,2026-05-20,ED
535,445,2026-04-20,ED
536,446,2025-03-15,ED
537,446,2025-02-11,ED
538,446,2026-04-28,ED
539,446,2025-04-01,ED
540,447,2025-11-23,ED
541,447,2025-07-17,ED
542,448,2025-11-23,inpatient
543,448,2025-08-13,ED
544,448,2025-11-18,ED
545,448,2025-12-22,ED
546,448,2025-10-30,ED
547,448,2025-02-10,ED
548,449,2026-03-18,inpatient
549,450,2025-08-21,ED
550,451,2026-06-19,ED
551,451,2025-03-25,ED
552,452,2025-05-28,ED
553,452,2025-02-18,ED
554,452,2025-02-02,ED
555,452,2026-01-08,inpatient
556,453,2026-04-20,inpatient
557,458,2026-02-21,ED
558,460,2025-10-05,ED
559,460,2026-01-27,ED
560,460,2026-05-13,ED
561,462,2025-08-08,inpatient
562,463,2025-05-11,ED
563,463,2025-01-30,ED
564,467,2026-03-23,ED
565,467,2026-01-29,ED
566,467,2026-01-31,ED
567,468,2025-07-05,ED
568,468,2025-09-29,ED
569,469,2025-03-02,ED
570,473,2025-10-25,ED
571,475,2026-02-17,inpatient
572,476,2025-12-06,inpatient
573,477,2025-09-02,inpatient
574,477,2025-03-14,ED
575,477,2025-08-23,ED
576,477,2025-02-02,inpatient
577,477,2025-11-01,ED
578,477,2026-05-05,ED
579,478,2025-11-03,inpatient
580,478,2026-06-29,ED
581,478,2026-03-03,ED
582,478,2025-12-25,ED
583,478,2025-10-18,ED
584,478,2025-06-22,ED
585,479,2025-11-13,ED
586,479,2025-10-26,inpatient
587,479,2025-04-09,ED
588,482,2026-01-31,ED
589,488,2025-09-21,inpatient
590,489,2025-09-30,ED
591,489,2025-04-30,ED
592,489,2025-02-10,ED
593,490,2026-02-09,ED
594,490,2026-05-28,ED
595,490,2025-11-30,ED
596,491,2025-05-15,ED
597,491,2025-04-10,ED
598,491,2025-02-23,ED
599,491,2026-06-04,ED
600,498,2026-04-01,inpatient
601,498,2025-05-30,ED
602,499,2026-03-10,ED
603,499,2026-02-05,inpatient
604,501,2026-06-19,ED
605,502,2025-03-05,ED
606,502,2025-11-29,ED
607,505,2025-10-05,ED
608,506,2026-02-03,ED
609,506,2026-03-24,inpatient
610,507,2025-06-22,inpatient
611,507,2025-05-27,ED
612,508,2025-11-24,ED
613,508,2025-04-05,ED
614,509,2026-04-27,ED
615,510,2026-06-02,ED
616,511,2026-05-01,ED
617,515,2025-11-19,inpatient
618,516,2025-09-10,ED
619,517,2025-04-04,ED
620,518,2025-08-02,ED
621,518,2025-04-03,ED
622,519,2025-11-07,ED
623,519,2025-09-05,inpatient
624,519,2025-05-28,inpatient
625,520,2026-02-05,ED
626,521,2025-09-09,inpatient
627,522,2025-09-03,ED
628,523,2025-03-24,inpatient
629,524,2026-01-25,ED
630,529,2025-02-05,ED
631,529,2025-03-08,ED
632,530,2025-03-11,ED
633,530,2025-04-04,ED
634,533,2026-03-18,ED
635,534,2026-01-30,ED
636,534,2025-11-03,ED
637,534,2025-03-20,ED
638,534,2026-05-07,ED
639,534,2025-02-28,inpatient
640,534,2026-04-21,ED
641,535,2026-01-30,ED
642,535,2025-07-01,ED
643,537,2026-02-01,inpatient
644,537,2026-06-23,inpatient
645,538,2025-05-14,ED
646,540,2025-03-10,ED
647,540,2025-09-03,ED
648,542,2025-01-18,ED
649,544,2025-06-13,ED
650,544,2026-06-02,ED
651,545,2026-01-03,inpatient
652,547,2026-04-18,ED
653,547,2025-10-31,ED
654,549,2025-11-12,ED
655,552,2025-10-07,ED
656,552,2025-07-17,ED
657,556,2025-01-24,inpatient
658,556,2026-06-09,inpatient
659,556,2025-09-18,ED
660,556,2026-01-05,ED
661,556,2025-05-19,inpatient
662,556,2025-11-28,ED
663,557,2025-09-19,ED
664,557,2025-06-23,ED
665,557,2025-03-14,ED
666,558,2026-02-06,ED
667,558,2025-06-01,ED
668,558,2025-11-19,ED
669,563,2025-01-12,ED
670,565,2025-08-21,ED
671,565,2025-05-07,ED
672,565,2025-09-07,ED
673,566,2026-03-07,ED
674,566,2025-02-25,ED
675,566,2025-05-08,inpatient
676,566,2026-01-15,ED
677,568,2025-03-20,ED
678,568,2025-03-20,ED
679,568,2025-01-31,inpatient
680,568,2025-08-10,ED
681,570,2025-08-07,inpatient
682,572,2025-03-06,ED
683,573,2025-03-26,ED
684,573,2026-03-09,inpatient
685,576,2026-06-07,ED
686,576,2026-02-21,ED
687,577,2026-06-03,ED
688,578,2025-09-30,ED
689,579,2026-06-16,ED
690,579,2025-09-12,inpatient
691,581,2025-01-09,ED
692,581,2026-06-22,inpatient
693,582,2026-03-23,ED
694,583,2026-05-22,ED
695,590,2026-01-26,ED
696,592,2025-07-10,ED
697,593,2025-05-29,ED
698,594,2026-01-17,ED
699,594,2025-05-29,ED
700,595,2025-09-27,ED
701,595,2025-02-07,ED
702,595,2026-04-20,ED
703,595,2025-08-01,inpatient
704,597,2025-04-21,ED
705,598,2026-01-01,ED
706,600,2025-04-20,ED
707,601,2025-10-05,ED
708,601,2025-09-16,inpatient
709,602,2025-11-29,ED
710,602,2026-04-11,ED
711,602,2025-07-12,ED
712,602,2025-06-26,inpatient
713,605,2025-03-01,ED
714,607,2026-01-03,inpatient
715,607,2026-01-22,ED
716,607,2025-03-30,inpatient
717,607,2025-10-26,ED
718,610,2025-03-02,ED
719,611,2025-12-25,ED
720,618,2025-12-14,inpatient
721,619,2026-03-04,ED
722,619,2025-12-26,ED
723,619,2025-12-27,ED
724,620,2026-01-06,ED
725,620,2025-11-05,ED
726,620,2026-03-22,ED
727,621,2026-06-11,ED
728,621,2025-10-22,ED
729,622,2026-02-09,ED
730,622,2025-03-09,ED
731,623,2025-11-27,ED
732,626,2026-03-19,ED
733,626,2026-03-21,ED
734,626,2025-01-13,ED
735,626,2026-06-04,ED
736,627,2025-08-28,ED
737,630,2025-02-05,ED
738,630,2025-10-09,ED
739,630,2025-09-14,ED
740,630,2025-11-01,inpatient
741,631,2026-04-13,ED
742,633,2025-04-23,ED
743,633,2025-07-24,ED
744,634,2025-10-25,inpatient
745,634,2025-08-21,ED
746,635,2026-04-27,ED
747,635,2026-05-14,ED
748,635,2026-03-09,ED
749,635,2025-04-09,ED
750,635,2026-06-03,ED
751,635,2025-09-21,ED
752,637,2025-02-19,ED
753,637,2026-06-18,inpatient
754,637,2025-06-05,ED
755,638,2025-08-02,inpatient
756,638,2025-02-17,ED
757,638,2026-06-17,inpatient
758,639,2025-12-11,ED
759,640,2025-10-16,ED
760,641,2026-01-16,inpatient
761,641,2025-05-18,ED
762,641,2025-03-31,ED
763,641,2026-03-06,ED
764,642,2026-04-27,ED
765,646,2025-04-05,ED
766,648,2025-09-20,ED
767,648,2025-03-18,inpatient
768,649,2025-05-10,ED
769,650,2025-04-16,ED
770,651,2025-10-05,ED
771,651,2025-05-24,ED
772,652,2025-10-04,ED
773,653,2026-03-19,ED
774,656,2026-06-26,ED
775,656,2025-07-21,ED
776,658,2026-04-23,ED
777,658,2026-04-17,ED
778,658,2026-04-03,ED
779,658,2025-09-28,inpatient
780,659,2025-07-26,ED
781,659,2025-01-27,ED
782,667,2025-06-13,inpatient
783,667,2026-03-26,ED
784,667,2026-04-08,ED
785,667,2025-01-21,ED
786,669,2025-12-11,inpatient
787,669,2026-02-28,ED
788,673,2025-02-03,ED
789,675,2026-04-08,ED
790,678,2025-10-20,ED
791,678,2025-01-16,ED
792,678,2025-03-11,ED
793,678,2026-05-13,ED
794,678,2026-06-17,ED
795,678,2026-04-16,ED
796,680,2026-02-20,ED
797,681,2026-02-04,ED
798,681,2025-07-29,inpatient
799,681,2025-07-11,ED
800,682,2025-07-19,ED
801,683,2026-05-21,ED
802,683,2025-02-12,ED
803,684,2025-07-07,ED
804,685,2026-06-08,inpatient
805,686,2025-09-07,ED
806,686,2025-01-14,ED
807,686,2025-07-13,ED
808,686,2025-05-14,ED
809,687,2025-07-15,ED
810,689,2026-01-23,ED
811,694,2025-07-17,ED
812,695,2025-05-29,inpatient
813,695,2025-12-03,ED
814,698,2026-06-18,inpatient
815,698,2025-10-22,ED
816,699,2025-01-12,ED
817,700,2025-12-06,ED
818,700,2025-10-21,ED
819,700,2025-01-30,ED
820,701,2025-06-02,ED
821,701,2025-08-15,ED
822,701,2025-04-07,inpatient
823,701,2025-06-29,inpatient
824,701,2025-10-19,ED
825,701,2026-05-31,ED
826,704,2026-04-18,inpatient
827,704,2025-07-02,ED
828,704,2025-06-10,ED
829,705,2025-02-02,ED
830,705,2026-02-17,ED
831,705,2026-03-06,ED
832,707,2025-12-11,ED
833,708,2025-04-22,ED
834,710,2025-03-29,inpatient
835,712,2025-02-18,ED
836,714,2025-06-03,ED
837,714,2025-02-06,ED
838,714,2025-03-28,ED
839,715,2025-07-15,ED
840,715,2025-01-18,ED
841,715,2025-11-13,ED
842,716,2025-10-12,inpatient
843,718,2026-01-06,ED
844,718,2025-02-10,ED
845,719,2025-06-29,ED
846,720,2025-01-08,ED
847,720,2026-06-27,ED
848,720,2025-05-12,ED
849,722,2025-05-05,ED
850,723,2025-04-14,ED
851,725,2026-05-13,ED
852,729,2026-01-27,ED
853,729,2025-04-11,ED
854,731,2026-06-06,ED
855,731,2025-06-24,ED
856,731,2025-08-18,ED
857,732,2026-01-17,ED
858,732,2025-01-27,ED
859,732,2025-07-03,ED
860,733,2025-05-04,ED
861,733,2025-05-20,inpatient
862,734,2026-06-04,inpatient
863,740,2025-03-28,ED
864,740,2025-04-06,ED
865,741,2025-12-14,ED
866,741,2025-05-26,inpatient
867,743,2026-05-30,ED
868,744,2025-07-03,ED
869,744,2025-04-01,ED
870,744,2025-09-10,ED
871,744,2025-05-04,ED
872,744,2025-11-08,ED
873,744,2025-05-06,ED
874,745,2025-03-30,ED
875,747,2025-04-16,ED
876,749,2025-04-27,ED
877,749,2026-04-02,inpatient
878,749,2025-03-22,ED
879,749,2025-04-23,inpatient
880,751,2025-11-05,ED
881,751,2026-06-19,ED
882,751,2025-01-29,ED
883,751,2025-12-23,ED
884,753,2025-01-27,ED
885,756,2026-03-20,ED
886,758,2025-07-29,ED
887,760,2025-05-10,ED
888,760,2025-11-19,ED
889,760,2026-02-26,ED
890,760,2026-04-21,ED
891,760,2025-04-07,inpatient
892,760,2026-03-12,ED
893,761,2025-05-26,ED
894,761,2025-11-15,ED
895,761,2025-01-20,ED
896,763,2026-04-07,ED
897,763,2025-07-26,ED
898,763,2025-06-19,ED
899,763,2026-04-11,ED
900,763,2026-04-15,ED
901,763,2025-01-17,ED
902,765,2026-04-29,inpatient
903,766,2025-04-29,ED
904,766,2025-03-04,ED
905,767,2025-05-20,ED
906,767,2025-05-25,ED
907,767,2025-12-19,ED
908,767,2025-10-02,ED
909,770,2026-06-17,ED
910,770,2025-11-24,ED
911,770,2025-04-13,ED
912,772,2025-06-19,ED
913,773,2026-06-15,ED
914,774,2026-02-22,ED
915,774,2025-12-07,inpatient
916,775,2025-07-10,ED
917,775,2025-03-08,ED
918,776,2025-02-06,ED
919,777,2025-11-05,ED
920,777,2026-04-18,ED
921,778,2025-05-30,ED
922,778,2025-06-24,ED
923,778,2026-06-10,ED
924,779,2025-08-17,ED
925,779,2026-01-03,ED
926,780,2025-08-02,ED
927,781,2026-03-04,ED
928,782,2025-07-21,ED
929,784,2025-02-21,ED
930,784,2025-06-06,ED
931,787,2025-01-10,inpatient
932,790,2026-01-02,ED
933,791,2026-01-09,ED
934,791,2026-04-28,ED
935,792,2025-12-20,inpatient
936,794,2025-11-05,inpatient
937,794,2025-05-24,ED
938,794,2025-01-18,ED
939,797,2025-03-30,ED
940,797,2026-06-23,ED
941,797,2025-04-11,ED
942,797,2025-10-19,inpatient
943,798,2025-10-04,inpatient
944,800,2025-05-25,ED
945,801,2026-05-28,inpatient
946,802,2025-10-31,ED
947,802,2026-02-25,ED
948,802,2025-01-04,inpatient
949,802,2025-11-25,inpatient
950,802,2025-12-16,ED
951,802,2025-11-08,inpatient
952,803,2026-01-24,ED
953,806,2025-06-22,ED
954,807,2025-01-14,inpatient
955,807,2025-12-11,ED
956,807,2025-06-14,ED
957,810,2025-10-17,ED
958,810,2025-09-08,inpatient
959,810,2025-03-27,ED
960,811,2026-01-14,inpatient
961,811,2026-01-13,ED
962,811,2026-03-13,inpatient
963,813,2025-10-30,inpatient
964,813,2025-07-17,ED
965,813,2025-02-11,ED
966,813,2026-02-10,inpatient
967,815,2026-01-09,inpatient
968,816,2026-02-18,ED
969,816,2025-04-04,ED
970,818,2026-03-30,inpatient
971,818,2025-12-15,ED
972,819,2026-06-01,ED
973,819,2026-01-28,ED
974,819,2026-01-13,ED
975,819,2026-04-14,ED
976,819,2025-04-14,ED
977,819,2025-05-06,ED
978,820,2026-01-08,ED
979,820,2026-02-07,ED
980,820,2026-04-20,ED
981,829,2026-04-16,ED
982,829,2025-08-19,ED
983,830,2025-10-15,inpatient
984,830,2026-02-21,inpatient
985,830,2025-08-21,ED
986,830,2025-07-25,ED
987,831,2026-05-31,inpatient
988,831,2025-03-27,ED
989,831,2025-07-10,ED
990,833,2025-10-19,ED
991,834,2025-03-12,ED
992,836,2026-03-01,ED
993,839,2026-03-12,ED
994,840,2025-02-16,ED
995,840,2025-10-17,ED
996,843,2025-04-13,ED
997,843,2026-01-07,inpatient
998,843,2025-02-26,ED
999,843,2026-02-07,ED
1000,844,2026-01-27,ED
1001,844,2026-05-21,ED
1002,844,2026-06-20,ED
1003,846,2026-02-05,ED
1004,847,2025-01-27,ED
1005,847,2026-01-20,inpatient
1006,851,2026-03-18,ED
1007,854,2025-05-26,ED
1008,857,2026-03-22,ED
1009,857,2025-08-26,inpatient
1010,857,2025-02-27,ED
1011,857,2025-02-15,inpatient
1012,858,2026-05-25,ED
1013,858,2025-06-17,inpatient
1014,858,2025-07-19,ED
1015,859,2026-02-27,ED
1016,859,2025-09-23,ED
1017,862,2026-04-26,ED
1018,862,2026-03-03,ED
1019,863,2025-06-11,ED
1020,863,2025-05-11,ED
1021,863,2025-09-19,inpatient
1022,864,2025-09-19,ED
1023,869,2026-04-12,ED
1024,869,2025-07-08,ED
1025,869,2025-11-05,ED
1026,869,2025-03-16,ED
1027,869,2025-12-15,inpatient
1028,869,2026-05-05,ED
1029,871,2025-07-28,ED
1030,872,2026-05-18,inpatient
1031,872,2025-08-15,ED
1032,873,2025-12-26,ED
1033,873,2026-03-04,inpatient
1034,877,2025-02-11,ED
1035,877,2025-12-03,ED
1036,877,2025-07-24,ED
1037,877,2026-01-30,ED
1038,877,2026-02-17,ED
1039,877,2025-11-11,inpatient
1040,878,2026-01-08,ED
1041,879,2025-03-07,ED
1042,881,2026-03-28,inpatient
1043,881,2026-06-25,ED
1044,881,2025-01-29,inpatient
1045,881,2025-02-26,ED
1046,882,2025-04-11,inpatient
1047,882,2025-03-18,ED
1048,883,2025-04-11,ED
1049,888,2026-03-06,ED
1050,889,2025-01-14,ED
1051,889,2026-06-12,ED
1052,890,2025-01-07,ED
1053,891,2025-09-26,inpatient
1054,892,2026-06-20,ED
1055,893,2026-06-27,ED
1056,895,2025-02-24,ED
1057,895,2025-09-07,ED
1058,898,2025-05-26,ED
1059,899,2025-12-13,ED
1060,900,2025-09-27,ED
1061,900,2025-12-11,ED
1062,901,2025-01-24,ED
1063,902,2025-07-27,ED
1064,902,2025-05-08,ED
1065,903,2025-05-16,ED
1066,904,2025-12-28,ED
1067,904,2026-04-01,ED
1068,907,2026-02-16,ED
1069,907,2026-03-21,ED
1070,910,2026-02-26,ED
1071,910,2026-03-25,ED
1072,910,2026-03-22,ED
1073,912,2025-07-21,ED
1074,914,2025-12-27,ED
1075,914,2025-09-13,ED
1076,914,2025-12-08,ED
1077,915,2025-03-03,ED
1078,915,2025-12-04,ED
1079,916,2025-09-06,ED
1080,916,2025-05-03,inpatient
1081,916,2026-03-15,ED
1082,918,2026-02-19,ED
1083,918,2025-09-02,ED
1084,922,2025-06-27,ED
1085,922,2025-11-27,ED
1086,923,2025-03-12,ED
1087,924,2025-01-03,ED
1088,926,2025-05-17,ED
1089,927,2026-04-05,ED
1090,928,2026-01-14,ED
1091,928,2025-12-02,inpatient
1092,928,2025-08-27,inpatient
1093,928,2025-02-21,ED
1094,928,2025-02-26,ED
1095,928,2025-01-16,ED
1096,929,2026-01-30,ED
1097,930,2026-04-22,ED
1098,932,2025-08-20,ED
1099,932,2026-05-20,inpatient
1100,932,2026-02-21,ED
1101,934,2026-03-12,ED
1102,934,2026-02-03,ED
1103,934,2025-03-25,ED
1104,935,2025-03-22,inpatient
1105,936,2025-08-07,ED
1106,941,2026-03-28,ED
1107,942,2025-03-30,ED
1108,942,2025-02-13,ED
1109,942,2025-01-30,ED
1110,942,2025-10-06,inpatient
1111,942,2025-02-14,ED
1112,942,2026-06-04,ED
1113,944,2025-01-10,ED
1114,946,2025-12-05,ED
1115,946,2025-04-13,ED
1116,946,2026-03-18,ED
1117,946,2025-08-17,ED
1118,952,2026-06-25,ED
1119,954,2025-09-28,ED
1120,954,2026-05-10,ED
1121,955,2026-06-28,ED
1122,955,2025-08-01,ED
1123,957,2026-04-29,ED
1124,958,2026-04-09,ED
1125,958,2025-10-25,inpatient
1126,958,2025-10-03,ED
1127,959,2025-01-18,ED
1128,960,2026-01-16,ED
1129,960,2025-02-01,ED
1130,960,2025-12-12,ED
1131,962,2026-01-12,ED
1132,963,2026-05-06,ED
1133,967,2025-02-15,ED
1134,967,2025-10-16,ED
1135,967,2026-04-12,inpatient
1136,968,2025-09-28,ED
1137,969,2025-08-26,ED
1138,971,2026-03-12,inpatient
1139,971,2025-01-30,ED
1140,972,2025-08-14,inpatient
1141,974,2026-01-05,ED
1142,974,2026-04-08,ED
1143,975,2025-01-10,inpatient
1144,975,2025-09-16,ED
1145,975,2025-02-10,ED
1146,975,2025-09-03,ED
1147,977,2025-10-26,ED
1148,977,2026-06-23,inpatient
1149,977,2025-11-04,ED
1150,977,2025-08-10,ED
1151,977,2026-06-11,ED
1152,977,2025-01-09,inpatient
1153,979,2026-02-25,ED
1154,979,2026-03-31,ED
1155,979,2025-03-23,inpatient
1156,979,2026-02-01,ED
1157,981,2026-03-31,ED
1158,981,2025-03-05,ED
1159,982,2025-11-14,ED
1160,983,2025-06-25,ED
1161,983,2025-07-10,inpatient
1162,984,2025-10-21,ED
1163,985,2025-09-23,ED
1164,987,2025-07-27,ED
1165,988,2025-12-21,ED
1166,988,2026-05-08,ED
1167,989,2025-09-21,ED
1168,991,2025-03-26,ED
1169,991,2026-05-26,ED
1170,991,2025-04-17,ED
1171,991,2026-04-09,ED
1172,992,2025-05-02,ED
1173,992,2026-02-15,ED
1174,992,2025-05-13,ED
1175,992,2025-07-02,inpatient
1176,994,2025-02-02,ED
1177,994,2025-12-15,inpatient
1178,994,2026-05-20,ED
1179,994,2026-03-01,ED
1180,996,2026-01-28,ED
1181,997,2025-08-07,ED
1182,998,2025-08-13,inpatient
1183,998,2025-04-09,ED
1184,999,2025-06-20,ED
1185,1000,2025-03-26,ED
1186,1002,2026-06-04,inpatient
1187,1005,2025-12-23,ED
1188,1005,2026-02-25,ED
1189,1006,2026-05-08,ED
1190,1007,2026-06-30,ED
1191,1007,2025-03-01,ED
1192,1007,2025-08-13,ED
1193,1007,2025-01-29,ED
1194,1009,2025-07-22,ED
1195,1009,2026-06-06,ED
1196,1009,2026-04-02,ED
1197,1009,2025-09-09,ED
1198,1009,2026-05-18,ED
1199,1009,2025-07-07,ED
1200,1011,2026-05-17,inpatient
1201,1011,2025-04-11,ED
1202,1011,2025-05-18,ED
1203,1013,2026-04-02,inpatient
1204,1013,2026-05-31,ED
1205,1015,2026-03-29,ED
1206,1016,2026-01-29,ED
1207,1016,2025-11-20,ED
1208,1019,2025-05-26,ED
1209,1019,2026-04-21,ED
1210,1021,2025-04-06,ED
1211,1021,2025-03-09,ED
1212,1022,2025-10-15,ED
1213,1023,2025-10-02,ED
1214,1023,2025-05-14,ED
1215,1023,2025-02-16,ED
1216,1023,2025-08-19,ED
1217,1024,2026-04-21,ED
1218,1025,2026-01-19,ED
1219,1027,2026-06-06,ED
1220,1027,2025-10-25,ED
1221,1027,2025-01-02,ED
1222,1027,2026-01-07,ED
1223,1028,2025-07-03,ED
1224,1028,2026-02-02,inpatient
1225,1028,2025-12-14,ED
1226,1028,2025-11-20,ED
1227,1029,2026-02-23,ED
1228,1031,2025-08-06,ED
1229,1031,2025-05-14,ED
1230,1031,2025-03-31,inpatient
1231,1031,2025-07-24,ED
1232,1034,2026-02-09,ED
1233,1034,2025-02-23,ED
1234,1035,2025-11-03,ED
1235,1036,2025-03-03,ED
1236,1038,2025-05-24,ED
1237,1040,2025-04-22,ED
1238,1043,2026-06-04,ED
1239,1043,2025-09-21,ED
1240,1043,2026-06-28,inpatient
1241,1043,2025-06-17,ED
1242,1043,2026-03-20,ED
1243,1043,2025-06-21,ED
1244,1044,2025-06-01,ED
1245,1044,2026-06-07,ED
1246,1044,2025-02-06,ED
1247,1044,2025-02-18,ED
1248,1045,2026-03-13,inpatient
1249,1045,2026-01-17,ED
1250,1045,2025-03-09,ED
1251,1045,2025-05-10,inpatient
1252,1045,2025-12-28,ED
1253,1045,2025-09-16,ED
1254,1046,2025-06-06,inpatient
1255,1047,2025-02-08,ED
1256,1047,2025-12-25,ED
1257,1047,2026-03-01,inpatient
1258,1047,2026-03-07,ED
1259,1050,2026-03-27,ED
1260,1050,2025-02-22,ED
1261,1050,2026-01-19,inpatient
1262,1050,2026-01-09,ED
1263,1050,2025-12-28,ED
1264,1050,2026-06-04,inpatient
1265,1051,2025-05-13,inpatient
1266,1051,2026-04-09,ED
1267,1051,2025-07-30,ED
1268,1051,2025-04-16,ED
1269,1052,2025-12-25,inpatient
1270,1052,2026-02-18,ED
1271,1053,2026-04-29,inpatient
1272,1054,2026-05-29,ED
1273,1055,2026-06-02,ED
1274,1055,2026-01-04,ED
1275,1056,2026-06-26,ED
1276,1056,2026-03-16,ED
1277,1057,2026-04-23,ED
1278,1059,2025-03-11,ED
1279,1060,2025-12-19,inpatient
1280,1061,2025-07-01,ED
1281,1061,2025-01-10,inpatient
1282,1061,2025-01-20,ED
1283,1061,2026-05-14,ED
1284,1061,2025-03-13,ED
1285,1061,2025-10-26,ED
1286,1062,2026-03-20,ED
1287,1063,2025-02-09,ED
1288,1063,2025-07-18,inpatient
1289,1064,2026-03-03,inpatient
1290,1064,2025-03-06,inpatient
1291,1064,2025-11-06,ED
1292,1064,2025-07-30,ED
1293,1066,2026-04-16,ED
1294,1066,2025-06-27,ED
1295,1067,2026-06-03,ED
1296,1067,2026-03-10,ED
1297,1069,2025-10-09,ED
1298,1069,2025-04-06,inpatient
1299,1074,2025-06-10,inpatient
1300,1074,2025-05-12,ED
1301,1075,2025-08-28,ED
1302,1078,2025-10-24,ED
1303,1078,2025-04-15,ED
1304,1078,2026-06-06,ED
1305,1078,2026-03-24,ED
1306,1078,2025-05-31,ED
1307,1078,2026-05-28,ED
1308,1080,2025-03-25,ED
1309,1082,2026-06-18,ED
1310,1084,2025-07-16,ED
1311,1085,2025-07-11,ED
1312,1085,2025-09-13,ED
1313,1085,2025-10-16,ED
1314,1085,2026-06-20,inpatient
1315,1086,2025-05-25,ED
1316,1087,2025-05-08,ED
1317,1088,2025-04-26,ED
1318,1091,2025-07-22,ED
1319,1092,2025-06-11,ED
1320,1095,2026-04-14,ED
1321,1098,2025-02-20,ED
1322,1100,2025-01-28,ED
1323,1100,2025-12-10,ED
1324,1101,2025-12-27,ED
1325,1105,2025-02-11,ED
1326,1105,2025-02-05,ED
1327,1105,2025-06-11,ED
1328,1105,2025-11-03,ED
1329,1105,2025-05-01,ED
1330,1105,2025-04-18,ED
1331,1106,2025-04-11,ED
1332,1107,2026-06-11,ED
1333,1108,2025-12-31,ED
1334,1109,2025-01-11,ED
1335,1110,2025-11-17,ED
1336,1110,2025-11-08,ED
1337,1111,2025-05-24,ED
1338,1113,2026-04-11,ED
1339,1114,2025-12-20,ED
1340,1114,2025-05-31,ED
1341,1114,2025-10-08,ED
1342,1115,2025-05-04,ED
1343,1117,2025-11-19,inpatient
1344,1117,2025-10-25,ED
1345,1117,2025-09-05,ED
1346,1119,2025-03-03,ED
1347,1119,2025-05-28,inpatient
1348,1119,2026-06-08,ED
1349,1120,2025-02-22,ED
1350,1120,2026-05-12,inpatient
1351,1120,2026-06-05,inpatient
1352,1122,2026-04-29,ED
1353,1126,2026-05-21,ED
1354,1126,2026-02-06,inpatient
1355,1126,2025-05-14,ED
1356,1126,2025-08-16,inpatient
1357,1126,2026-01-25,ED
1358,1126,2025-09-27,ED
1359,1128,2025-09-07,ED
1360,1128,2025-01-24,ED
1361,1130,2025-10-19,inpatient
1362,1132,2025-12-02,ED
1363,1132,2025-12-08,ED
1364,1133,2026-02-23,ED
1365,1136,2025-06-15,ED
1366,1142,2025-04-12,ED
1367,1142,2025-04-18,inpatient
1368,1143,2026-01-08,ED
1369,1145,2026-04-18,ED
1370,1145,2025-09-26,ED
1371,1145,2026-06-22,ED
1372,1146,2026-01-08,ED
1373,1148,2025-05-01,ED
1374,1149,2025-11-27,inpatient
1375,1149,2025-03-07,ED
1376,1149,2025-08-08,ED
1377,1150,2026-06-26,ED
1378,1151,2026-01-31,inpatient
1379,1152,2025-01-02,ED
1380,1152,2026-04-12,ED
1381,1154,2026-03-02,ED
1382,1154,2025-05-21,ED
1383,1155,2026-05-18,ED
1384,1156,2025-04-09,ED
1385,1157,2026-04-16,inpatient
1386,1157,2025-07-18,ED
1387,1157,2026-03-26,ED
1388,1157,2025-12-22,inpatient
1389,1157,2026-02-21,inpatient
1390,1157,2025-04-07,ED
1391,1158,2025-09-16,ED
1392,1158,2025-07-21,inpatient
1393,1158,2025-02-07,ED
1394,1159,2025-06-14,ED
1395,1163,2026-05-15,ED
1396,1164,2025-09-04,ED
1397,1164,2025-03-28,ED
1398,1164,2025-11-09,ED
1399,1164,2025-01-30,ED
1400,1164,2026-05-31,ED
1401,1164,2025-07-01,ED
1402,1166,2025-01-05,ED
1403,1166,2025-11-16,ED
1404,1167,2025-06-07,inpatient
1405,1167,2025-02-25,ED
1406,1167,2025-12-21,ED
1407,1168,2025-06-23,ED
1408,1168,2025-11-19,ED
1409,1168,2026-06-23,ED
1410,1169,2026-04-19,ED
1411,1169,2025-07-08,ED
1412,1170,2026-03-11,ED
1413,1176,2025-05-22,ED
1414,1176,2025-02-11,ED
1415,1176,2025-04-01,ED
1416,1179,2025-01-17,ED
1417,1179,2026-06-22,ED
1418,1179,2025-03-04,inpatient
1419,1185,2026-03-02,ED
1420,1185,2025-05-11,inpatient
1421,1189,2025-12-07,ED
1422,1190,2025-12-23,ED
1423,1190,2025-02-05,ED
1424,1190,2025-03-23,ED
1425,1191,2026-04-18,ED
1426,1192,2026-06-07,ED
1427,1193,2025-03-27,inpatient
1428,1195,2025-11-27,ED
1429,1195,2025-11-07,ED
1430,1195,2025-06-15,ED
1431,1197,2025-04-27,inpatient
1432,1197,2026-05-31,ED
1433,1198,2025-12-06,ED
1434,1198,2026-06-18,ED
1435,1199,2025-02-12,ED
1436,1201,2025-01-09,ED
1437,1202,2025-10-19,ED
1438,1204,2025-04-21,ED
1439,1204,2025-02-02,ED
1440,1204,2025-04-24,ED
1441,1206,2026-05-29,ED
1442,1206,2025-05-04,ED
1443,1212,2025-09-03,ED
1444,1212,2025-03-08,ED
1445,1212,2026-04-24,ED
1446,1212,2025-08-22,inpatient
1447,1213,2025-11-05,inpatient
1448,1213,2026-04-30,ED
1449,1214,2025-02-27,ED
1450,1215,2025-07-17,inpatient
1451,1215,2025-11-12,ED
1452,1217,2025-03-13,inpatient
1453,1217,2025-07-17,ED
1454,1219,2026-01-22,inpatient
1455,1219,2025-10-04,inpatient
1456,1219,2026-01-13,ED
1457,1221,2025-04-13,ED
1458,1223,2026-04-28,inpatient
1459,1225,2026-04-29,ED
1460,1226,2025-05-15,inpatient
1461,1226,2026-04-18,ED
1462,1226,2026-02-04,ED
1463,1229,2025-09-13,ED
1464,1229,2025-07-31,inpatient
1465,1230,2025-08-28,ED
1466,1230,2026-06-26,ED
1467,1231,2025-11-26,ED
1468,1232,2025-01-22,ED
1469,1232,2026-04-24,inpatient
1470,1232,2026-01-29,inpatient
1471,1232,2026-03-16,ED
1472,1234,2025-09-09,ED
1473,1235,2025-11-19,ED
1474,1237,2025-04-12,ED
1475,1237,2025-11-10,ED
1476,1237,2025-09-26,ED
1477,1237,2025-06-22,ED
1478,1239,2025-12-19,ED
1479,1239,2026-06-19,ED
1480,1240,2025-08-27,ED
1481,1240,2025-11-08,inpatient
1482,1244,2025-06-13,ED
1483,1244,2026-04-28,inpatient
1484,1245,2025-07-14,ED
1485,1246,2026-02-26,ED
1486,1247,2025-01-24,ED
1487,1247,2025-07-29,ED
1488,1249,2026-05-20,ED
1489,1249,2025-03-11,ED
1490,1249,2026-04-28,ED
1491,1249,2026-04-18,ED
1492,1250,2025-06-19,ED
1493,1252,2026-04-07,inpatient
1494,1256,2025-02-23,ED
1495,1256,2025-01-06,inpatient
1496,1257,2025-12-06,ED
1497,1257,2025-10-06,ED
1498,1257,2026-01-29,ED
1499,1257,2025-01-04,ED
1500,1258,2025-01-02,ED
1501,1258,2025-01-27,inpatient
1502,1258,2025-07-06,ED
1503,1259,2025-06-10,inpatient
1504,1259,2026-06-18,ED
1505,1260,2025-07-22,ED
1506,1261,2025-01-27,ED
1507,1263,2025-01-28,ED
1508,1263,2025-10-02,inpatient
1509,1263,2026-02-25,inpatient
1510,1264,2025-04-17,ED
1511,1264,2025-05-20,ED
1512,1265,2026-03-27,ED
1513,1267,2025-12-03,inpatient
1514,1267,2025-07-19,ED
1515,1267,2025-04-29,ED
1516,1270,2026-03-14,ED
1517,1270,2025-01-21,ED
1518,1270,2026-01-17,ED
1519,1274,2025-10-28,ED
1520,1274,2026-05-16,ED
1521,1278,2025-04-12,ED
1522,1278,2025-02-01,ED
1523,1280,2026-06-07,ED
1524,1281,2025-02-26,ED
1525,1283,2025-04-21,inpatient
1526,1283,2025-05-27,ED
1527,1284,2025-02-19,ED
1528,1284,2026-03-12,ED
1529,1284,2026-01-09,ED
1530,1285,2026-04-19,ED
1531,1286,2026-03-20,inpatient
1532,1286,2026-04-05,ED
1533,1289,2026-04-23,ED
1534,1289,2025-12-17,inpatient
1535,1289,2026-06-12,ED
1536,1290,2025-09-25,ED
1537,1290,2025-06-01,inpatient
1538,1291,2025-05-03,ED
1539,1294,2025-03-22,ED
1540,1294,2026-06-09,ED
1541,1294,2025-08-22,ED
1542,1294,2026-04-15,ED
1543,1295,2025-07-21,ED
1544,1297,2026-05-11,inpatient
1545,1297,2026-01-05,ED
1546,1298,2026-06-23,ED
1547,1299,2025-09-03,ED
1548,1299,2026-01-22,inpatient
1549,1299,2026-03-08,ED
1550,1300,2025-03-21,ED
1551,1300,2025-12-30,ED
1552,1302,2025-09-29,ED
1553,1303,2026-05-06,inpatient
1554,1305,2026-03-06,ED
1555,1305,2025-03-01,ED
1556,1306,2025-10-04,inpatient
1557,1306,2025-10-07,ED
1558,1306,2025-10-09,ED
1559,1306,2026-06-14,ED
1560,1307,2025-11-17,ED
1561,1308,2025-02-27,ED
1562,1308,2026-04-09,ED
1563,1308,2025-11-18,inpatient
1564,1308,2026-01-22,ED
1565,1310,2025-01-02,inpatient
1566,1311,2026-06-04,ED
1567,1311,2026-03-11,ED
1568,1314,2025-07-28,ED
1569,1315,2025-12-03,inpatient
1570,1319,2025-07-03,ED
1571,1319,2026-04-16,ED
1572,1319,2025-05-17,ED
1573,1319,2026-04-01,ED
1574,1320,2025-08-13,ED
1575,1320,2026-05-22,ED
1576,1320,2026-01-26,ED
1577,1320,2025-08-16,ED
1578,1321,2026-03-15,ED
1579,1321,2026-01-08,ED
1580,1322,2025-11-18,ED
1581,1322,2025-04-19,ED
1582,1322,2025-05-23,ED
1583,1325,2025-01-10,ED
1584,1328,2026-03-23,ED
1585,1328,2026-03-04,ED
1586,1328,2025-09-14,ED
1587,1330,2025-03-27,ED
1588,1330,2025-08-09,inpatient
1589,1332,2025-07-18,ED
1590,1332,2026-01-07,ED
1591,1332,2025-03-17,ED
1592,1332,2025-03-22,ED
1593,1334,2026-04-02,ED
1594,1335,2025-03-18,ED
1595,1335,2026-05-01,inpatient
1596,1335,2025-05-20,ED
1597,1337,2025-03-08,ED
1598,1337,2025-03-27,ED
1599,1337,2026-01-23,ED
1600,1337,2025-09-05,ED
1601,1338,2025-02-18,ED
1602,1338,2026-05-29,ED
1603,1338,2026-04-08,ED
1604,1339,2025-07-02,ED
1605,1339,2026-05-23,ED
1606,1341,2025-03-20,ED
1607,1341,2026-01-10,ED
1608,1341,2025-08-21,ED
1609,1341,2026-02-27,ED
1610,1342,2025-10-22,ED
1611,1342,2025-10-22,ED
1612,1342,2026-05-22,ED
1613,1344,2025-10-31,ED
1614,1347,2025-12-05,inpatient
1615,1349,2026-03-22,ED
1616,1350,2026-04-13,ED
1617,1353,2025-04-05,ED
1618,1353,2025-04-24,ED
1619,1355,2025-10-21,ED
1620,1357,2025-07-12,ED
1621,1357,2025-08-07,inpatient
1622,1357,2025-06-27,ED
1623,1357,2025-02-11,inpatient
1624,1359,2026-01-16,inpatient
1625,1360,2025-10-05,inpatient
1626,1360,2026-04-26,inpatient
1627,1360,2025-06-19,ED
1628,1360,2026-03-28,ED
1629,1361,2026-01-28,ED
1630,1361,2025-02-14,ED
1631,1361,2025-07-05,ED
1632,1361,2025-09-09,ED
1633,1362,2026-03-25,ED
1634,1363,2025-11-24,ED
1635,1364,2025-08-16,ED
1636,1364,2026-05-07,ED
1637,1364,2025-12-15,ED
1638,1364,2025-02-22,ED
1639,1365,2025-04-30,ED
1640,1366,2025-11-14,ED
1641,1368,2025-04-29,ED
1642,1368,2026-06-26,ED
1643,1369,2025-10-04,ED
1644,1369,2025-02-16,ED
1645,1369,2026-03-09,ED
1646,1372,2026-05-18,ED
1647,1372,2025-03-16,ED
1648,1373,2025-09-09,ED
1649,1375,2025-06-22,ED
1650,1377,2025-05-21,ED
1651,1382,2025-12-01,inpatient
1652,1383,2025-04-25,ED
1653,1384,2025-11-13,ED
1654,1384,2025-01-09,ED
1655,1384,2026-01-10,ED
1656,1384,2025-10-27,ED
1657,1384,2025-09-01,ED
1658,1384,2025-04-28,ED
1659,1386,2026-05-13,ED
1660,1387,2026-01-05,ED
1661,1387,2026-06-18,ED
1662,1388,2025-09-02,inpatient
1663,1388,2025-06-22,ED
1664,1388,2025-06-07,inpatient
1665,1388,2026-05-30,ED
1666,1389,2025-03-24,ED
1667,1389,2026-05-18,ED
1668,1390,2025-02-16,ED
1669,1391,2025-08-17,ED
1670,1393,2025-09-16,ED
1671,1394,2026-05-14,ED
1672,1394,2025-08-07,ED
1673,1394,2026-05-01,inpatient
1674,1394,2025-10-13,ED
1675,1396,2025-06-26,inpatient
1676,1396,2025-06-11,inpatient
1677,1398,2026-05-29,inpatient
1678,1399,2025-08-13,ED
1679,1401,2025-02-15,ED
1680,1402,2025-08-11,ED
1681,1402,2025-06-03,ED
1682,1402,2025-12-05,ED
1683,1402,2026-05-26,ED
1684,1403,2025-12-29,ED
1685,1403,2025-11-09,ED
1686,1403,2025-03-15,ED
1687,1403,2025-08-13,ED
1688,1404,2026-06-04,ED
1689,1404,2025-03-27,ED
1690,1405,2025-03-27,ED
1691,1406,2025-05-27,ED
1692,1407,2025-05-26,ED
1693,1407,2025-06-24,ED
1694,1407,2025-08-20,ED
1695,1408,2026-01-15,ED
1696,1409,2026-06-05,ED
1697,1411,2026-05-17,ED
1698,1412,2025-02-06,ED
1699,1413,2025-06-30,ED
1700,1413,2026-02-22,ED
1701,1414,2025-03-26,ED
1702,1417,2025-11-16,ED
1703,1417,2025-11-10,ED
1704,1418,2026-04-20,inpatient
1705,1418,2026-05-16,ED
1706,1418,2025-07-12,ED
1707,1418,2025-08-25,ED
1708,1418,2025-09-17,ED
1709,1418,2025-07-27,ED
1710,1420,2026-04-04,ED
1711,1420,2025-08-13,ED
1712,1420,2025-12-15,ED
1713,1420,2025-07-20,inpatient
1714,1420,2025-03-20,ED
1715,1420,2026-02-03,ED
1716,1422,2026-03-07,ED
1717,1422,2026-01-26,ED
1718,1422,2026-01-23,ED
1719,1427,2025-04-06,ED
1720,1427,2025-03-30,ED
1721,1427,2025-08-17,inpatient
1722,1428,2025-08-20,ED
1723,1428,2026-02-09,ED
1724,1429,2026-01-16,ED
1725,1432,2025-04-26,ED
1726,1434,2025-09-24,ED
1727,1434,2025-08-27,ED
1728,1435,2025-05-23,ED
1729,1435,2025-05-12,ED
1730,1437,2025-08-22,inpatient
1731,1437,2025-06-29,inpatient
1732,1437,2026-03-17,ED
1733,1437,2025-02-10,inpatient
1734,1440,2026-02-28,ED
1735,1440,2025-01-01,ED
1736,1440,2025-01-17,ED
1737,1440,2026-02-28,ED
1738,1440,2026-02-22,ED
1739,1440,2026-06-06,inpatient
1740,1443,2025-06-23,ED
1741,1443,2025-12-06,ED
1742,1443,2025-03-24,ED
1743,1443,2025-01-19,ED
1744,1444,2025-11-09,ED
1745,1444,2025-08-01,ED
1746,1444,2025-07-14,ED
1747,1444,2025-09-08,ED
1748,1447,2026-02-02,ED
1749,1448,2026-02-10,ED
1750,1448,2025-05-09,ED
1751,1448,2025-03-25,inpatient
1752,1449,2025-01-14,inpatient
1753,1449,2025-11-27,ED
1754,1452,2026-02-06,inpatient
1755,1453,2025-03-14,inpatient
1756,1453,2026-01-22,ED
1757,1453,2025-04-24,inpatient
1758,1453,2025-12-14,ED
1759,1454,2025-10-28,inpatient
1760,1454,2025-09-16,inpatient
1761,1455,2025-05-31,ED
1762,1455,2026-03-02,ED
1763,1456,2026-04-29,ED
1764,1456,2026-03-19,ED
1765,1456,2025-02-23,ED
1766,1456,2025-01-04,ED
1767,1460,2026-06-25,ED
1768,1460,2026-06-29,ED
1769,1461,2025-07-14,inpatient
1770,1461,2025-03-24,ED
1771,1461,2025-10-01,ED
1772,1461,2025-09-09,ED
1773,1462,2025-01-22,inpatient
1774,1462,2025-08-06,ED
1775,1462,2026-06-26,ED
1776,1463,2025-04-14,ED
1777,1464,2025-01-09,ED
1778,1465,2025-10-06,ED
1779,1465,2025-05-29,ED
1780,1465,2026-03-08,ED
1781,1468,2026-05-19,ED
1782,1469,2025-07-31,ED
1783,1469,2025-06-25,ED
1784,1469,2025-04-07,ED
1785,1469,2026-01-06,ED
1786,1469,2025-01-06,inpatient
1787,1469,2025-02-18,inpatient
1788,1470,2026-06-12,ED
1789,1471,2025-01-27,ED
1790,1472,2025-06-08,ED
1791,1473,2026-04-14,inpatient
1792,1475,2025-09-04,ED
1793,1475,2025-02-03,ED
1794,1475,2025-11-14,ED
1795,1477,2025-10-13,ED
1796,1477,2025-08-08,ED
1797,1478,2025-09-02,ED
1798,1478,2025-03-23,ED
1799,1479,2025-07-02,ED
1800,1479,2025-12-21,ED
1801,1479,2026-01-23,ED
1802,1481,2026-04-15,inpatient
1803,1481,2026-01-17,ED
1804,1482,2025-11-13,ED
1805,1483,2026-06-11,ED
1806,1483,2026-05-23,inpatient
1807,1483,2025-10-21,ED
1808,1483,2025-08-08,inpatient
1809,1485,2026-02-12,ED
1810,1485,2026-06-09,ED
1811,1485,2026-01-28,ED
1812,1485,2025-02-01,inpatient
1813,1485,2025-07-24,ED
1814,1485,2025-06-05,inpatient
1815,1486,2026-05-08,ED
1816,1491,2025-04-15,inpatient
1817,1491,2026-06-10,ED
1818,1492,2025-01-07,ED
1819,1495,2025-06-27,inpatient
1820,1497,2025-12-11,ED
1821,1497,2025-05-20,ED
1822,1497,2025-05-26,ED
1823,1497,2025-08-22,inpatient
1824,1497,2025-05-15,ED
1825,1497,2025-11-06,ED
1826,1499,2025-05-25,ED
1827,1506,2026-02-18,ED
1828,1506,2025-06-04,ED
1829,1511,2025-08-29,inpatient
1830,1512,2026-06-09,inpatient
1831,1513,2025-01-28,ED
1832,1513,2025-04-13,ED
1833,1513,2026-02-26,ED
1834,1515,2025-06-03,inpatient
1835,1517,2026-05-02,ED
1836,1517,2025-12-20,ED
1837,1517,2025-04-16,ED
1838,1518,2026-03-14,ED
1839,1518,2025-10-15,ED
1840,1518,2026-01-20,inpatient
1841,1519,2025-11-30,ED
1842,1519,2026-04-13,ED
1843,1519,2025-11-06,ED
1844,1519,2025-06-11,inpatient
1845,1519,2026-01-12,ED
1846,1519,2025-02-11,ED
1847,1520,2026-04-30,inpatient
1848,1520,2026-04-11,ED
1849,1520,2026-02-25,ED
1850,1520,2025-10-12,inpatient
1851,1521,2025-12-07,ED
1852,1522,2026-04-25,ED
1853,1522,2025-10-29,ED
1854,1523,2025-06-25,ED
1855,1525,2026-01-31,ED
1856,1527,2025-06-13,inpatient
1857,1527,2026-06-19,ED
1858,1527,2026-05-12,ED
1859,1529,2025-02-17,inpatient
1860,1529,2026-03-06,ED
1861,1529,2025-08-21,inpatient
1862,1532,2025-03-05,inpatient
1863,1533,2026-05-02,ED
1864,1533,2026-05-22,ED
1865,1534,2025-02-14,ED
1866,1536,2025-02-20,ED
1867,1536,2025-10-02,ED
1868,1538,2026-04-20,ED
1869,1538,2025-01-19,ED
1870,1539,2025-05-14,inpatient
1871,1540,2025-07-19,ED
1872,1540,2026-05-30,ED
1873,1540,2025-03-05,inpatient
1874,1541,2026-01-15,ED
1875,1542,2026-03-16,inpatient
1876,1542,2026-05-13,ED
1877,1542,2025-05-07,ED
1878,1542,2025-07-24,ED
1879,1543,2025-10-19,ED
1880,1544,2026-03-19,ED
1881,1545,2026-01-26,ED
1882,1545,2026-03-20,ED
1883,1545,2025-02-03,ED
1884,1546,2026-03-08,ED
1885,1546,2026-02-13,ED
1886,1546,2025-05-16,inpatient
1887,1546,2025-11-23,inpatient
1888,1546,2025-09-14,inpatient
1889,1546,2025-07-21,ED
1890,1548,2025-03-08,ED
1891,1548,2025-05-03,ED
1892,1551,2026-06-26,ED
1893,1551,2025-03-02,ED
1894,1551,2025-01-07,ED
1895,1551,2025-12-16,ED
1896,1554,2025-12-15,ED
1897,1556,2026-06-12,inpatient
1898,1561,2025-07-18,inpatient
1899,1562,2026-03-17,ED
1900,1565,2026-02-27,ED
1901,1566,2025-02-09,ED
1902,1571,2025-02-14,ED
1903,1571,2026-03-21,inpatient
1904,1572,2026-03-22,ED
1905,1573,2025-01-15,ED
1906,1573,2026-01-29,ED
1907,1576,2025-08-31,ED
1908,1577,2025-10-13,ED
1909,1580,2025-03-11,ED
1910,1584,2026-03-26,ED
1911,1584,2025-06-05,ED
1912,1586,2025-12-11,inpatient
1913,1586,2026-04-02,inpatient
1914,1586,2025-04-20,ED
1915,1586,2025-09-25,ED
1916,1587,2025-02-14,ED
1917,1587,2025-02-09,ED
1918,1587,2025-01-26,ED
1919,1587,2025-08-27,ED
1920,1587,2025-04-01,ED
1921,1587,2026-01-25,inpatient
1922,1592,2025-07-22,ED
1923,1592,2025-07-25,ED
1924,1592,2025-06-26,ED
1925,1596,2025-09-21,ED
1926,1596,2026-01-19,ED
1927,1599,2026-03-02,inpatient
1928,1599,2025-12-03,inpatient
1929,1599,2026-06-01,ED
1930,1599,2025-04-27,ED
1931,1599,2025-04-22,ED
1932,1599,2026-04-23,ED
1933,1600,2026-05-14,ED
1934,1600,2025-09-16,ED
1935,1602,2025-01-30,ED
1936,1603,2025-04-12,ED
1937,1607,2026-06-28,ED
1938,1608,2025-09-29,inpatient
1939,1608,2026-03-25,ED
1940,1608,2026-05-03,ED
1941,1608,2026-02-24,ED
1942,1609,2025-12-04,ED
1943,1610,2025-01-19,ED
1944,1610,2025-01-20,ED
1945,1612,2026-04-07,ED
1946,1613,2026-03-08,ED
1947,1613,2026-04-01,ED
1948,1613,2025-11-14,ED
1949,1622,2025-03-07,ED
1950,1625,2025-05-19,ED
1951,1625,2025-01-31,ED
1952,1626,2025-10-09,ED
1953,1626,2025-06-05,ED
1954,1626,2025-10-27,ED
1955,1628,2025-12-19,inpatient
1956,1630,2025-03-17,ED
1957,1630,2025-01-23,ED
1958,1630,2025-09-30,ED
1959,1630,2025-08-26,inpatient
1960,1631,2025-02-09,ED
1961,1632,2025-05-18,inpatient
1962,1632,2026-04-06,inpatient
1963,1638,2025-02-11,inpatient
1964,1638,2025-12-21,ED
1965,1638,2026-05-31,ED
1966,1638,2025-07-20,inpatient
1967,1638,2025-06-22,ED
1968,1638,2025-08-04,ED
1969,1640,2025-09-19,ED
1970,1641,2025-03-12,ED
1971,1644,2025-05-12,ED
1972,1644,2025-08-30,ED
1973,1644,2025-12-17,ED
1974,1646,2025-05-05,inpatient
1975,1651,2025-11-15,ED
1976,1651,2026-04-08,ED
1977,1651,2025-01-09,ED
1978,1652,2026-06-07,inpatient
1979,1653,2025-03-22,ED
1980,1653,2025-06-28,ED
1981,1653,2025-02-06,ED
1982,1653,2025-08-24,ED
1983,1653,2025-11-14,ED
1984,1653,2025-06-20,inpatient
1985,1655,2025-03-20,inpatient
1986,1655,2025-08-03,ED
1987,1655,2026-06-19,inpatient
1988,1659,2025-03-24,ED
1989,1660,2026-04-07,ED
1990,1660,2025-10-15,ED
1991,1660,2025-08-11,ED
1992,1660,2025-01-07,ED
1993,1660,2025-02-23,inpatient
1994,1660,2025-04-14,ED
1995,1661,2025-03-04,inpatient
1996,1661,2026-03-05,ED
1997,1661,2025-07-21,ED
1998,1662,2025-10-06,ED
1999,1665,2025-01-21,ED
2000,1667,2026-04-21,ED
2001,1667,2025-06-25,inpatient
2002,1669,2026-01-11,ED
2003,1670,2025-02-02,ED
2004,1672,2025-01-19,ED
2005,1673,2025-12-25,ED
2006,1673,2025-12-09,ED
2007,1673,2026-01-15,ED
2008,1674,2025-01-24,ED
2009,1674,2025-06-03,ED
2010,1674,2026-05-20,ED
2011,1674,2025-03-12,ED
2012,1674,2026-04-14,ED
2013,1674,2025-08-28,ED
2014,1675,2025-12-05,ED
2015,1675,2025-08-04,ED
2016,1675,2026-03-15,ED
2017,1678,2025-10-13,ED
2018,1679,2025-04-29,ED
2019,1679,2025-07-04,ED
2020,1679,2025-09-05,ED
2021,1682,2025-05-29,ED
2022,1682,2025-09-30,ED
2023,1682,2026-04-25,ED
2024,1682,2025-04-15,ED
2025,1685,2026-04-20,ED
2026,1687,2025-06-10,ED
2027,1687,2026-05-02,ED
2028,1688,2026-03-24,ED
2029,1690,2026-04-30,inpatient
2030,1690,2025-12-11,inpatient
2031,1690,2025-12-06,ED
2032,1691,2025-07-15,ED
2033,1692,2026-03-05,ED
2034,1695,2025-08-24,ED
2035,1697,2025-12-19,inpatient
2036,1698,2025-01-30,ED
2037,1698,2025-07-15,ED
2038,1699,2025-05-04,ED
2039,1702,2025-02-17,ED
2040,1703,2025-04-21,ED
2041,1704,2026-06-24,ED
2042,1704,2025-10-07,ED
2043,1704,2026-03-19,ED
2044,1705,2025-04-10,ED
2045,1706,2026-06-17,ED
2046,1706,2026-04-22,inpatient
2047,1706,2025-03-29,ED
2048,1707,2025-06-20,ED
2049,1708,2025-12-16,inpatient
2050,1709,2026-06-08,ED
2051,1711,2026-01-21,ED
2052,1711,2025-11-06,ED
2053,1711,2025-11-30,ED
2054,1712,2025-04-27,ED
2055,1712,2026-01-29,ED
2056,1712,2025-07-16,inpatient
2057,1713,2025-02-18,ED
2058,1713,2026-03-31,ED
2059,1715,2025-12-19,ED
2060,1715,2025-02-06,ED
2061,1717,2025-01-13,inpatient
2062,1718,2026-05-22,inpatient
2063,1718,2025-08-20,ED
2064,1722,2025-11-07,ED
2065,1723,2025-12-30,inpatient
2066,1723,2026-04-04,ED
2067,1723,2025-08-16,ED
2068,1724,2025-05-20,inpatient
2069,1724,2026-03-15,inpatient
2070,1724,2026-03-31,ED
2071,1725,2026-05-01,ED
2072,1725,2025-03-14,ED
2073,1725,2025-03-06,ED
2074,1725,2026-01-17,ED
2075,1726,2026-02-20,ED
2076,1727,2026-05-23,ED
2077,1727,2025-10-10,ED
2078,1729,2025-12-08,ED
2079,1731,2026-06-23,inpatient
2080,1731,2025-10-17,inpatient
2081,1731,2025-06-25,ED
2082,1731,2025-06-13,ED
2083,1733,2026-06-27,ED
2084,1733,2025-06-02,ED
2085,1734,2025-05-22,ED
2086,1734,2026-06-18,ED
2087,1735,2025-03-16,ED
2088,1735,2025-10-16,ED
2089,1735,2026-03-27,ED
2090,1736,2025-11-17,inpatient
2091,1736,2025-04-20,ED
2092,1737,2025-09-10,ED
2093,1737,2025-04-29,ED
2094,1739,2025-02-27,ED
2095,1740,2025-02-11,ED
2096,1741,2025-09-24,ED
2097,1741,2025-04-10,ED
2098,1742,2025-07-27,ED
2099,1742,2026-01-14,ED
2100,1742,2025-04-25,ED
2101,1742,2026-03-13,inpatient
2102,1743,2026-04-08,ED
2103,1743,2025-07-01,inpatient
2104,1744,2025-03-17,ED
2105,1745,2025-08-17,ED
2106,1746,2026-04-09,ED
2107,1746,2025-05-27,ED
2108,1747,2026-02-03,ED
2109,1750,2025-05-31,ED
2110,1750,2026-05-13,inpatient
2111,1750,2025-06-29,ED
2112,1751,2025-05-20,ED
2113,1752,2025-02-26,ED
2114,1752,2026-06-10,ED
2115,1753,2026-02-07,ED
2116,1753,2026-06-30,ED
2117,1753,2025-09-11,ED
2118,1753,2026-03-29,inpatient
2119,1755,2026-06-10,inpatient
2120,1755,2026-04-16,ED
2121,1755,2025-03-31,ED
2122,1755,2025-08-09,ED
2123,1755,2025-07-04,ED
2124,1755,2026-01-27,ED
2125,1757,2025-10-25,ED
2126,1757,2025-08-18,ED
2127,1759,2026-01-18,inpatient
2128,1763,2025-05-29,ED
2129,1763,2025-02-05,ED
2130,1763,2026-03-17,ED
2131,1764,2025-10-27,ED
2132,1765,2026-03-29,inpatient
2133,1765,2025-02-04,ED
2134,1765,2025-10-22,ED
2135,1765,2026-06-26,inpatient
2136,1766,2025-04-22,ED
2137,1766,2026-05-10,ED
2138,1767,2025-01-23,ED
2139,1767,2025-09-18,ED
2140,1767,2025-11-23,inpatient
2141,1767,2025-06-13,ED
2142,1768,2025-03-16,ED
2143,1769,2026-05-21,ED
2144,1769,2025-01-15,ED
2145,1769,2025-07-29,inpatient
2146,1771,2025-09-02,ED
2147,1771,2025-11-08,ED
2148,1771,2026-02-12,inpatient
2149,1772,2025-06-24,ED
2150,1772,2025-06-26,ED
2151,1773,2026-04-13,ED
2152,1773,2025-03-23,ED
2153,1773,2025-03-26,ED
2154,1773,2026-05-02,ED
2155,1773,2026-03-07,ED
2156,1773,2026-02-19,ED
2157,1776,2026-03-18,ED
2158,1776,2026-03-25,ED
2159,1776,2026-01-25,ED
2160,1776,2026-01-24,ED
2161,1777,2025-03-07,ED
2162,1777,2025-06-27,ED
2163,1778,2026-05-20,ED
2164,1780,2025-04-24,inpatient
2165,1780,2025-05-22,ED
2166,1780,2025-05-24,ED
2167,1780,2025-12-29,ED
2168,1781,2026-03-31,inpatient
2169,1782,2026-02-17,ED
2170,1782,2026-04-15,ED
2171,1782,2026-03-16,ED
2172,1782,2025-09-16,inpatient
2173,1783,2025-09-23,ED
2174,1784,2026-03-01,ED
2175,1785,2026-05-28,inpatient
2176,1785,2025-01-10,ED
2177,1786,2025-04-26,ED
2178,1790,2025-09-12,ED
2179,1790,2025-04-19,ED
2180,1791,2026-05-30,ED
2181,1793,2026-01-11,ED
2182,1793,2025-05-09,ED
2183,1794,2026-05-20,ED
2184,1794,2025-04-11,inpatient
2185,1794,2025-05-29,ED
2186,1795,2025-08-28,ED
2187,1796,2025-03-20,ED
2188,1796,2025-08-08,ED
2189,1796,2026-03-07,inpatient
2190,1796,2025-09-30,ED
2191,1796,2025-11-20,ED
2192,1796,2025-05-17,ED
2193,1798,2025-03-09,ED
2194,1798,2026-06-25,ED
2195,1798,2026-05-06,ED
2196,1798,2026-01-22,ED
2197,1798,2025-12-26,ED
2198,1798,2025-08-06,inpatient
2199,1800,2026-04-24,ED
2200,1801,2026-03-08,ED
2201,1801,2025-11-11,inpatient
2202,1803,2026-04-06,ED
2203,1808,2026-05-13,ED
2204,1809,2025-09-03,ED
2205,1810,2026-04-14,ED
2206,1810,2026-02-20,ED
2207,1810,2026-05-12,ED
2208,1810,2025-09-23,ED
2209,1810,2025-11-11,ED
2210,1810,2025-01-29,ED
2211,1812,2025-05-01,ED
2212,1812,2025-01-24,ED
2213,1812,2026-02-07,inpatient
2214,1812,2025-02-15,ED
2215,1812,2026-05-23,ED
2216,1812,2025-11-07,ED
2217,1814,2026-02-25,ED
2218,1814,2025-02-23,ED
2219,1816,2026-02-16,ED
2220,1820,2026-01-09,ED
2221,1821,2026-02-13,inpatient
2222,1821,2025-05-31,ED
2223,1821,2025-08-21,ED
2224,1821,2025-01-23,ED
2225,1822,2025-10-28,ED
2226,1822,2025-07-09,ED
2227,1825,2026-02-03,inpatient
2228,1826,2025-10-18,inpatient
2229,1826,2026-01-20,inpatient
2230,1826,2026-06-14,ED
2231,1826,2026-04-08,ED
2232,1827,2025-09-23,ED
2233,1828,2025-02-25,ED
2234,1831,2025-03-08,ED
2235,1834,2026-02-27,ED
2236,1834,2025-11-09,ED
2237,1835,2026-05-23,ED
2238,1836,2025-10-21,ED
2239,1837,2026-05-23,ED
2240,1838,2025-11-20,ED
2241,1838,2026-01-14,inpatient
2242,1841,2025-09-22,ED
2243,1841,2026-01-21,ED
2244,1841,2025-07-07,ED
2245,1841,2025-05-03,ED
2246,1841,2025-11-15,ED
2247,1841,2025-10-10,ED
2248,1846,2025-03-23,ED
2249,1846,2025-03-18,ED
2250,1847,2025-02-21,ED
2251,1847,2025-07-01,ED
2252,1847,2025-06-05,ED
2253,1848,2025-12-05,inpatient
2254,1848,2026-03-09,ED
2255,1848,2025-06-10,ED
2256,1848,2025-05-18,ED
2257,1848,2025-10-12,inpatient
2258,1848,2025-04-10,inpatient
2259,1849,2025-03-08,inpatient
2260,1849,2026-06-20,ED
2261,1851,2026-02-03,ED
2262,1852,2026-01-27,ED
2263,1852,2026-02-22,ED
2264,1853,2025-04-30,ED
2265,1854,2025-08-16,ED
2266,1854,2026-01-26,ED
2267,1854,2026-01-07,ED
2268,1855,2025-06-24,inpatient
2269,1855,2026-06-05,ED
2270,1855,2026-05-13,ED
2271,1855,2025-09-14,ED
2272,1855,2026-05-01,ED
2273,1855,2026-02-01,ED
2274,1856,2025-08-21,inpatient
2275,1860,2025-05-24,ED
2276,1860,2026-06-18,ED
2277,1860,2025-08-26,ED
2278,1861,2026-05-09,ED
2279,1861,2025-07-08,ED
2280,1862,2025-03-27,ED
2281,1863,2025-03-07,ED
2282,1863,2025-12-10,ED
2283,1865,2025-10-23,ED
2284,1866,2026-03-01,ED
2285,1866,2025-07-02,inpatient
2286,1866,2025-02-16,ED
2287,1867,2026-02-06,ED
2288,1867,2025-02-14,inpatient
2289,1867,2025-01-04,ED
2290,1868,2025-12-06,ED
2291,1870,2025-05-02,ED
2292,1870,2025-01-30,ED
2293,1872,2025-04-03,inpatient
2294,1872,2025-12-10,ED
2295,1873,2025-06-04,ED
2296,1873,2026-04-02,ED
2297,1876,2025-11-16,inpatient
2298,1876,2025-05-20,inpatient
2299,1876,2026-04-29,ED
2300,1877,2026-06-04,inpatient
2301,1877,2025-01-22,ED
2302,1878,2025-01-26,ED
2303,1878,2025-09-16,inpatient
2304,1878,2025-11-25,ED
2305,1880,2025-04-22,inpatient
2306,1880,2026-05-29,inpatient
2307,1881,2026-01-29,ED
2308,1881,2025-04-07,inpatient
2309,1882,2025-04-20,ED
2310,1886,2025-08-23,ED
2311,1887,2025-06-29,ED
2312,1889,2025-12-18,ED
2313,1889,2026-04-03,ED
2314,1889,2025-07-08,inpatient
2315,1889,2025-12-21,inpatient
2316,1890,2025-02-08,inpatient
2317,1890,2025-12-21,ED
2318,1891,2025-10-24,ED
2319,1892,2025-05-30,ED
2320,1892,2025-02-03,ED
2321,1892,2025-04-01,ED
2322,1892,2026-03-13,ED
2323,1893,2026-02-25,ED
2324,1893,2025-09-10,ED
2325,1895,2026-03-21,ED
2326,1895,2026-01-27,ED
2327,1896,2025-01-09,inpatient
2328,1896,2025-01-08,ED
2329,1898,2025-06-01,ED
2330,1902,2026-06-09,ED
2331,1904,2026-05-24,ED
2332,1905,2026-04-03,inpatient
2333,1907,2025-12-05,ED
2334,1907,2025-07-12,ED
2335,1910,2025-03-06,ED
2336,1910,2025-12-12,ED
2337,1910,2026-01-19,ED
2338,1911,2025-01-08,ED
2339,1913,2025-01-30,ED
2340,1913,2025-03-04,ED
2341,1917,2026-02-20,ED
2342,1917,2025-05-18,ED
2343,1923,2025-02-04,ED
2344,1925,2025-10-10,ED
2345,1925,2026-05-07,ED
2346,1925,2026-03-07,ED
2347,1925,2026-04-02,ED
2348,1930,2025-03-09,ED
2349,1930,2025-06-09,inpatient
2350,1930,2026-03-21,ED
2351,1930,2025-06-30,ED
2352,1930,2026-06-24,ED
2353,1930,2025-04-29,ED
2354,1931,2025-02-06,inpatient
2355,1933,2025-04-05,ED
2356,1933,2025-03-20,ED
2357,1933,2025-02-24,ED
2358,1933,2025-12-17,ED
2359,1933,2025-02-11,ED
2360,1933,2025-08-21,ED
2361,1934,2025-11-12,inpatient
2362,1934,2025-10-15,ED
2363,1934,2026-05-15,ED
2364,1934,2026-01-19,ED
2365,1936,2025-12-12,ED
2366,1936,2025-07-08,ED
2367,1936,2025-07-29,ED
2368,1937,2025-08-27,ED
2369,1938,2025-03-07,ED
2370,1941,2026-02-13,ED
2371,1941,2025-02-20,ED
2372,1942,2025-08-05,ED
2373,1942,2025-01-27,ED
2374,1942,2025-03-04,ED
2375,1946,2026-01-30,inpatient
2376,1947,2026-04-13,ED
2377,1949,2025-09-10,inpatient
2378,1949,2025-09-11,ED
2379,1949,2025-06-01,inpatient
2380,1949,2025-06-08,ED
2381,1949,2025-03-16,ED
2382,1949,2026-05-01,ED
2383,1952,2025-09-05,ED
2384,1952,2026-05-11,ED
2385,1952,2025-06-10,ED
2386,1952,2025-04-17,ED
2387,1954,2025-06-12,ED
2388,1955,2025-09-01,ED
2389,1955,2026-05-23,ED
2390,1957,2026-01-15,ED
2391,1961,2026-03-15,ED
2392,1961,2026-06-17,inpatient
2393,1961,2026-03-16,ED
2394,1962,2025-04-13,ED
2395,1964,2025-12-31,ED
2396,1964,2026-04-06,ED
2397,1966,2026-05-17,ED
2398,1966,2026-02-09,ED
2399,1966,2025-06-09,ED
2400,1966,2026-02-28,ED
2401,1967,2025-03-11,ED
2402,1967,2025-07-23,ED
2403,1969,2025-03-25,ED
2404,1972,2025-11-16,ED
2405,1972,2025-10-10,ED
2406,1972,2025-05-22,ED
2407,1972,2025-10-06,ED
2408,1980,2025-01-10,ED
2409,1982,2025-10-28,ED
2410,1984,2026-05-14,ED
2411,1987,2025-10-20,ED
2412,1988,2025-06-19,ED
2413,1989,2026-03-21,ED
2414,1989,2025-02-28,inpatient
2415,1990,2025-01-29,ED
2416,1991,2025-08-19,ED
2417,1992,2026-04-05,ED
2418,1993,2025-03-19,inpatient
2419,1994,2026-06-30,inpatient
2420,1995,2026-04-23,inpatient
2421,1997,2025-03-05,ED
2422,1997,2025-09-17,ED
2423,2000,2025-06-15,ED
2424,2000,2026-03-04,ED
2425,2000,2025-07-10,ED
2426,2000,2026-03-29,ED
2427,2001,2026-01-03,inpatient
2428,2002,2025-08-16,ED
2429,2002,2025-08-02,ED
2430,2002,2026-03-11,ED
2431,2003,2025-11-25,ED
2432,2003,2025-07-12,ED
2433,2003,2025-11-23,ED
2434,2003,2026-04-30,ED
2435,2006,2026-03-29,ED
2436,2009,2025-05-05,ED
2437,2009,2025-10-21,ED
2438,2014,2025-12-30,ED
2439,2014,2026-05-28,ED
2440,2014,2025-04-11,ED
2441,2014,2026-06-27,ED
2442,2015,2025-08-14,inpatient
2443,2015,2026-04-29,ED
2444,2015,2025-09-16,ED
2445,2016,2025-12-24,ED
2446,2017,2025-12-09,ED
2447,2017,2025-04-18,ED
2448,2017,2025-03-13,ED
2449,2017,2025-02-25,ED
2450,2018,2025-05-29,ED
2451,2018,2025-03-25,inpatient
2452,2020,2026-03-14,ED
2453,2020,2026-04-09,ED
2454,2023,2026-04-12,ED
2455,2023,2025-04-13,ED
2456,2025,2026-06-14,ED
2457,2027,2025-05-27,ED
2458,2027,2025-05-25,ED
2459,2027,2025-04-08,ED
2460,2027,2025-02-26,inpatient
2461,2027,2025-10-18,ED
2462,2027,2026-05-06,ED
2463,2033,2025-02-24,ED
2464,2033,2026-01-25,ED
2465,2033,2025-12-05,ED
2466,2033,2025-03-21,ED
2467,2036,2025-06-09,ED
2468,2036,2025-09-05,ED
2469,2036,2025-08-04,ED
2470,2036,2026-03-16,ED
2471,2036,2025-10-01,ED
2472,2036,2025-11-15,ED
2473,2038,2025-05-27,ED
2474,2038,2025-11-04,ED
2475,2038,2026-06-21,ED
2476,2038,2026-04-24,inpatient
2477,2040,2025-03-31,ED
2478,2041,2025-02-28,inpatient
2479,2042,2025-06-19,ED
2480,2042,2025-05-12,ED
2481,2042,2025-08-04,inpatient
2482,2044,2026-02-19,ED
2483,2045,2025-05-17,ED
2484,2050,2025-10-19,ED
2485,2050,2026-01-10,inpatient
2486,2050,2026-06-16,ED
2487,2052,2025-11-16,ED
2488,2053,2025-08-18,inpatient
2489,2054,2025-12-09,ED
2490,2055,2026-05-11,ED
2491,2058,2026-05-06,inpatient
2492,2060,2025-01-13,ED
2493,2061,2025-07-14,ED
2494,2061,2026-02-19,inpatient
2495,2061,2025-05-25,ED
2496,2064,2025-09-14,ED
2497,2064,2026-01-14,inpatient
2498,2064,2025-04-01,ED
2499,2065,2026-05-10,ED
2500,2065,2025-06-28,ED
2501,2065,2025-10-06,inpatient
2502,2065,2026-04-18,inpatient
2503,2065,2025-08-14,ED
2504,2065,2026-03-22,ED
2505,2071,2026-05-01,ED
2506,2073,2025-12-13,ED
2507,2074,2025-05-05,ED
2508,2076,2025-01-06,ED
2509,2077,2026-06-21,inpatient
2510,2077,2025-03-05,ED
2511,2080,2025-10-19,ED
2512,2081,2025-03-08,ED
2513,2083,2025-05-13,ED
2514,2083,2025-08-24,ED
2515,2086,2025-12-26,ED
2516,2086,2025-11-25,ED
2517,2086,2025-01-29,ED
2518,2086,2025-07-17,ED
2519,2087,2026-04-23,inpatient
2520,2088,2026-05-03,inpatient
2521,2088,2025-02-21,ED
2522,2088,2026-04-27,inpatient
2523,2088,2026-05-01,ED
2524,2090,2025-05-17,inpatient
2525,2090,2025-04-27,inpatient
2526,2090,2025-12-13,inpatient
2527,2091,2025-08-03,ED
2528,2094,2025-05-09,ED
2529,2094,2025-12-20,ED
2530,2094,2026-03-16,ED
2531,2096,2026-01-29,ED
2532,2096,2026-05-31,ED
2533,2096,2026-06-28,ED
2534,2096,2025-09-05,ED
2535,2097,2025-04-27,inpatient
2536,2097,2026-03-26,ED
2537,2100,2025-10-28,ED
2538,2100,2026-04-21,inpatient
2539,2100,2025-03-08,ED
2540,2101,2025-01-14,ED
2541,2103,2025-12-20,ED
2542,2104,2025-03-28,ED
2543,2104,2025-10-10,ED
2544,2104,2026-02-21,ED
2545,2104,2025-07-25,ED
2546,2104,2026-04-03,ED
2547,2104,2026-02-03,ED
2548,2105,2026-01-22,ED
2549,2106,2025-03-04,inpatient
2550,2106,2026-04-12,ED
2551,2107,2025-06-25,ED
2552,2107,2025-09-21,ED
2553,2108,2025-11-30,inpatient
2554,2110,2026-06-06,ED
2555,2111,2025-03-08,ED
2556,2111,2025-05-29,ED
2557,2111,2025-10-28,ED
2558,2113,2026-06-19,inpatient
2559,2114,2026-03-03,inpatient
2560,2114,2025-09-01,ED
2561,2116,2025-08-31,ED
2562,2116,2026-05-26,ED
2563,2116,2025-02-18,ED
2564,2117,2025-11-11,ED
2565,2118,2025-09-18,ED
2566,2118,2026-01-02,inpatient
2567,2118,2025-07-20,ED
2568,2121,2025-02-05,ED
2569,2121,2025-07-22,ED
2570,2121,2025-06-23,ED
2571,2121,2026-01-11,inpatient
2572,2122,2025-02-04,inpatient
2573,2124,2025-06-08,ED
2574,2125,2025-01-03,inpatient
2575,2125,2025-07-30,ED
2576,2126,2025-08-28,ED
2577,2128,2025-09-24,ED
2578,2129,2026-02-17,ED
2579,2130,2025-12-28,ED
2580,2131,2025-05-06,inpatient
2581,2134,2026-03-08,inpatient
2582,2134,2025-07-23,ED
2583,2135,2025-07-09,ED
2584,2135,2026-01-16,ED
2585,2136,2025-03-23,inpatient
2586,2136,2025-10-26,inpatient
2587,2136,2025-06-24,ED
2588,2138,2026-06-06,ED
2589,2138,2025-10-17,ED
2590,2138,2026-04-16,inpatient
2591,2138,2025-03-15,ED
2592,2138,2026-05-16,ED
2593,2138,2025-04-14,ED
2594,2139,2026-06-10,ED
2595,2142,2025-09-20,ED
2596,2142,2025-05-30,ED
2597,2142,2025-07-30,ED
2598,2142,2025-03-29,ED
2599,2143,2026-06-14,ED
2600,2145,2025-10-08,inpatient
2601,2145,2026-05-02,ED
2602,2146,2025-12-13,ED
2603,2154,2025-03-07,ED
2604,2157,2025-05-05,inpatient
2605,2158,2025-02-17,ED
2606,2158,2026-02-04,inpatient
2607,2158,2025-11-26,ED
2608,2159,2025-01-07,ED
2609,2160,2025-03-07,ED
2610,2161,2025-09-17,ED
2611,2161,2026-01-20,ED
2612,2162,2026-02-22,ED
2613,2163,2025-01-03,ED
2614,2163,2025-08-12,ED
2615,2164,2026-06-15,inpatient
2616,2165,2025-07-07,ED
2617,2165,2025-06-23,ED
2618,2166,2026-01-25,inpatient
2619,2166,2026-03-27,inpatient
2620,2167,2026-01-15,ED
2621,2170,2025-03-09,ED
2622,2172,2025-11-21,ED
2623,2172,2025-04-04,ED
2624,2175,2025-12-25,inpatient
2625,2175,2025-09-28,ED
2626,2176,2025-01-02,inpatient
2627,2177,2025-05-07,ED
2628,2178,2026-02-18,ED
2629,2178,2026-06-20,inpatient
2630,2180,2025-03-12,ED
2631,2180,2025-07-05,inpatient
2632,2180,2025-03-09,ED
2633,2180,2026-01-30,ED
2634,2181,2025-01-05,ED
2635,2183,2025-05-21,ED
2636,2183,2026-02-04,ED
2637,2184,2026-04-26,ED
2638,2184,2025-01-26,ED
2639,2184,2025-07-19,ED
2640,2184,2025-08-27,ED
2641,2185,2025-11-08,ED
2642,2185,2026-01-11,ED
2643,2185,2025-11-16,ED
2644,2185,2025-12-16,ED
2645,2185,2026-05-15,ED
2646,2185,2026-03-30,ED
2647,2188,2026-01-21,ED
2648,2190,2026-02-06,ED
2649,2190,2025-08-27,ED
2650,2191,2025-04-14,ED
2651,2192,2026-03-07,ED
2652,2193,2025-06-13,ED
2653,2198,2026-06-09,ED
2654,2198,2025-01-21,ED
2655,2199,2025-05-29,ED
2656,2199,2025-08-01,ED
2657,2199,2025-02-21,ED
2658,2200,2026-04-01,ED
2659,2202,2025-10-19,ED
2660,2204,2025-12-16,ED
2661,2205,2026-02-13,ED
2662,2205,2025-08-28,ED
2663,2205,2025-07-14,ED
2664,2205,2026-02-02,ED
2665,2206,2026-06-17,ED
2666,2206,2026-06-07,ED
2667,2207,2025-09-14,ED
2668,2207,2025-09-05,ED
2669,2207,2025-10-24,ED
2670,2208,2025-12-30,ED
2671,2209,2025-10-10,ED
2672,2209,2026-06-13,inpatient
2673,2211,2026-05-01,ED
2674,2212,2025-10-21,inpatient
2675,2212,2025-05-17,inpatient
2676,2212,2026-05-20,ED
2677,2212,2026-01-12,ED
2678,2212,2026-04-12,inpatient
2679,2212,2025-06-10,ED
2680,2213,2025-02-18,ED
2681,2213,2025-08-28,ED
2682,2213,2026-06-22,ED
2683,2214,2026-03-19,ED
2684,2216,2025-09-09,inpatient
2685,2216,2025-06-30,ED
2686,2217,2026-05-16,ED
2687,2218,2025-06-17,inpatient
2688,2219,2025-09-16,ED
2689,2220,2026-01-15,ED
2690,2220,2025-01-03,inpatient
2691,2220,2025-04-21,ED
2692,2221,2025-02-27,ED
2693,2225,2026-02-24,ED
2694,2225,2025-06-04,ED
2695,2225,2025-09-22,inpatient
2696,2225,2025-10-13,ED
2697,2225,2025-01-13,inpatient
2698,2225,2026-03-16,ED
2699,2227,2026-03-19,ED
2700,2228,2026-01-01,ED
2701,2229,2026-01-09,ED
2702,2230,2025-12-13,inpatient
2703,2232,2025-05-06,ED
2704,2233,2025-01-08,ED
2705,2233,2026-01-02,ED
2706,2236,2025-02-19,ED
2707,2236,2025-09-16,ED
2708,2236,2025-10-12,ED
2709,2236,2025-07-28,ED
2710,2238,2025-01-10,ED
2711,2239,2025-08-08,ED
2712,2239,2025-06-30,ED
2713,2239,2025-07-19,ED
2714,2241,2025-05-13,ED
2715,2241,2025-06-04,ED
2716,2241,2025-01-13,ED
2717,2242,2025-02-07,ED
2718,2243,2025-03-19,ED
2719,2244,2026-03-18,ED
2720,2244,2025-09-06,ED
2721,2244,2025-12-18,ED
2722,2244,2025-07-15,ED
2723,2246,2025-03-21,ED
2724,2246,2025-10-19,ED
2725,2248,2025-03-05,inpatient
2726,2249,2026-06-27,ED
2727,2251,2025-04-05,ED
2728,2251,2025-04-27,ED
2729,2251,2026-04-18,ED
2730,2255,2025-02-23,ED
2731,2255,2025-05-24,ED
2732,2255,2025-09-10,ED
2733,2258,2025-09-08,inpatient
2734,2258,2025-08-29,ED
2735,2258,2025-07-21,ED
2736,2259,2026-05-14,ED
2737,2260,2025-12-01,ED
2738,2262,2025-06-15,ED
2739,2262,2026-06-28,ED
2740,2264,2025-03-11,ED
2741,2264,2026-06-14,ED
2742,2266,2025-03-10,ED
2743,2270,2025-07-07,ED
2744,2270,2025-02-23,ED
2745,2270,2025-09-03,ED
2746,2271,2025-10-12,ED
2747,2272,2025-10-28,inpatient
2748,2273,2025-02-15,inpatient
2749,2274,2025-04-22,ED
2750,2274,2025-10-26,inpatient
2751,2274,2025-10-04,ED
2752,2274,2025-08-08,ED
2753,2275,2026-05-16,ED
2754,2276,2025-09-03,ED
2755,2277,2026-04-05,ED
2756,2277,2025-04-27,ED
2757,2277,2025-01-10,ED
2758,2277,2026-04-10,ED
2759,2281,2026-05-20,ED
2760,2281,2026-04-25,ED
2761,2281,2025-12-06,ED
2762,2282,2026-04-04,ED
2763,2282,2025-01-21,ED
2764,2282,2025-06-27,ED
2765,2286,2025-07-06,inpatient
2766,2286,2026-01-12,ED
2767,2288,2025-01-10,ED
2768,2288,2025-05-12,ED
2769,2288,2025-04-30,ED
2770,2288,2026-06-04,ED
2771,2288,2025-03-11,ED
2772,2288,2026-03-20,inpatient
2773,2289,2025-01-15,ED
2774,2289,2025-11-12,ED
2775,2289,2025-11-26,inpatient
2776,2290,2025-09-16,ED
2777,2293,2025-09-20,ED
2778,2294,2026-02-04,ED
2779,2294,2026-06-05,inpatient
2780,2297,2025-07-24,ED
2781,2297,2025-11-13,ED
2782,2297,2025-08-16,ED
2783,2297,2025-10-20,ED
2784,2298,2025-08-06,ED
2785,2298,2025-03-09,ED
2786,2298,2026-04-28,ED
2787,2299,2025-08-26,ED
2788,2303,2026-04-26,inpatient
2789,2305,2025-11-04,inpatient
2790,2306,2025-09-13,ED
2791,2306,2026-01-20,ED
2792,2307,2025-03-22,ED
2793,2307,2025-01-31,ED
2794,2308,2026-05-08,ED
2795,2308,2025-07-10,inpatient
2796,2308,2026-04-09,ED
2797,2309,2025-06-15,ED
2798,2309,2026-02-28,ED
2799,2309,2026-06-25,inpatient
2800,2311,2025-04-23,ED
2801,2311,2025-03-06,ED
2802,2311,2025-07-14,ED
2803,2311,2025-04-17,ED
2804,2311,2026-06-04,ED
2805,2311,2026-01-03,ED
2806,2312,2025-11-25,ED
2807,2314,2025-08-05,ED
2808,2314,2025-07-02,ED
2809,2314,2025-04-30,inpatient
2810,2314,2025-07-24,inpatient
2811,2315,2025-12-13,ED
2812,2316,2025-04-04,ED
2813,2316,2025-09-26,ED
2814,2318,2026-05-15,ED
2815,2323,2025-03-28,ED
2816,2323,2026-04-23,ED
2817,2325,2026-02-20,ED
2818,2325,2025-08-31,ED
2819,2325,2025-01-07,ED
2820,2325,2026-02-19,ED
2821,2326,2025-07-13,ED
2822,2328,2025-10-23,ED
2823,2328,2025-10-13,ED
2824,2329,2025-09-25,ED
2825,2329,2025-10-31,ED
2826,2331,2025-07-25,ED
2827,2331,2025-05-22,ED
2828,2331,2025-01-21,ED
2829,2331,2025-08-31,ED
2830,2331,2025-02-24,inpatient
2831,2331,2026-06-25,ED
2832,2332,2026-03-30,ED
2833,2332,2025-03-08,inpatient
2834,2336,2025-11-10,ED
2835,2338,2025-05-18,ED
2836,2339,2025-12-16,inpatient
2837,2343,2026-04-27,inpatient
2838,2343,2026-03-10,ED
2839,2344,2025-06-26,ED
2840,2345,2025-07-16,ED
2841,2347,2026-06-17,ED
2842,2350,2025-05-03,ED
2843,2352,2025-12-23,ED
2844,2353,2025-02-03,ED
2845,2353,2025-03-19,inpatient
2846,2353,2026-06-12,ED
2847,2354,2026-03-14,ED
2848,2355,2026-03-04,ED
2849,2355,2025-04-29,ED
2850,2357,2026-06-27,ED
2851,2359,2025-02-28,ED
2852,2362,2025-10-31,inpatient
2853,2365,2026-05-28,ED
2854,2367,2025-06-16,ED
2855,2367,2025-07-29,ED
2856,2368,2025-01-18,ED
2857,2368,2025-11-02,ED
2858,2368,2026-02-22,ED
2859,2369,2026-03-06,ED
2860,2369,2026-05-27,ED
2861,2370,2025-08-14,ED
2862,2372,2025-08-25,ED
2863,2372,2025-10-31,inpatient
2864,2373,2026-05-13,ED
2865,2373,2026-05-31,ED
2866,2373,2025-12-25,ED
2867,2373,2025-09-07,ED
2868,2373,2025-12-18,ED
2869,2373,2026-04-30,ED
2870,2376,2025-12-31,inpatient
2871,2377,2025-12-29,ED
2872,2377,2026-06-26,ED
2873,2379,2025-09-16,ED
2874,2379,2025-01-31,inpatient
2875,2379,2026-04-28,ED
2876,2383,2025-05-16,ED
2877,2385,2025-05-21,inpatient
2878,2385,2025-05-07,ED
2879,2385,2025-08-29,ED
2880,2386,2025-01-09,ED
2881,2388,2025-05-22,ED
2882,2388,2026-05-01,ED
2883,2389,2026-03-21,ED
2884,2390,2025-05-23,ED
2885,2391,2025-04-28,ED
2886,2391,2026-06-21,ED
2887,2391,2025-01-25,ED
2888,2393,2026-05-23,ED
2889,2394,2025-12-12,ED
2890,2396,2025-07-16,ED
2891,2397,2025-07-30,inpatient
2892,2398,2025-05-29,ED
2893,2398,2025-12-09,ED
2894,2399,2026-04-28,ED
2895,2399,2025-06-23,ED
2896,2399,2025-01-20,ED
2897,2401,2026-02-10,ED
2898,2403,2025-07-11,ED
2899,2403,2025-02-24,ED
2900,2404,2026-03-23,ED
2901,2406,2026-06-20,ED
2902,2406,2025-04-17,inpatient
2903,2406,2025-11-03,ED
2904,2406,2025-05-15,ED
2905,2406,2025-11-24,ED
2906,2406,2026-05-23,inpatient
2907,2407,2025-09-15,inpatient
2908,2407,2025-02-04,ED
2909,2407,2025-07-25,ED
2910,2411,2025-03-12,ED
2911,2411,2025-05-09,ED
2912,2411,2025-02-20,ED
2913,2411,2025-08-27,ED
2914,2414,2026-03-14,ED
2915,2415,2025-09-07,ED
2916,2418,2026-05-17,ED
2917,2419,2025-03-15,ED
2918,2421,2025-12-24,inpatient
2919,2421,2025-10-06,ED
2920,2421,2026-05-12,ED
2921,2423,2025-01-24,inpatient
2922,2424,2025-03-29,ED
2923,2424,2026-05-24,ED
2924,2424,2025-10-02,ED
2925,2425,2025-01-23,ED
2926,2426,2025-07-06,ED
2927,2426,2026-06-23,ED
2928,2428,2026-02-11,ED
2929,2433,2025-02-21,ED
2930,2433,2026-04-19,ED
2931,2433,2026-02-21,ED
2932,2433,2025-09-06,ED
2933,2434,2026-01-10,ED
2934,2435,2025-06-27,inpatient
2935,2435,2025-04-14,inpatient
2936,2438,2026-02-04,ED
2937,2440,2026-05-19,ED
2938,2445,2025-07-25,ED
2939,2445,2025-05-26,ED
2940,2446,2025-06-10,ED
2941,2446,2025-11-11,ED
2942,2447,2025-01-07,ED
2943,2448,2026-01-15,inpatient
2944,2448,2025-12-12,ED
2945,2448,2026-06-27,ED
2946,2450,2026-04-10,ED
2947,2451,2026-02-03,inpatient
2948,2451,2025-11-21,ED
2949,2451,2026-03-21,ED
2950,2452,2025-01-25,ED
2951,2455,2026-04-16,inpatient
2952,2458,2026-02-23,inpatient
2953,2462,2025-05-17,ED
2954,2468,2026-02-09,ED
2955,2468,2026-05-15,ED
2956,2468,2026-02-09,ED
2957,2475,2026-03-29,inpatient
2958,2475,2026-01-25,ED
2959,2475,2025-08-26,ED
2960,2475,2026-01-30,ED
2961,2477,2026-03-14,ED
2962,2478,2025-01-06,inpatient
2963,2478,2025-12-28,inpatient
2964,2478,2026-05-21,ED
2965,2478,2026-02-24,ED
2966,2479,2025-09-16,ED
2967,2479,2025-12-23,inpatient
2968,2481,2025-06-20,ED
2969,2481,2025-03-29,ED
2970,2482,2025-05-08,ED
2971,2483,2026-03-16,ED
2972,2484,2025-07-01,ED
2973,2484,2025-05-25,ED
2974,2485,2025-07-14,ED
2975,2487,2025-09-30,ED
2976,2488,2025-08-13,inpatient
2977,2489,2025-12-14,ED
2978,2491,2026-04-20,ED
2979,2492,2025-06-10,ED
2980,2492,2026-01-30,ED
2981,2492,2025-04-21,ED
2982,2492,2025-04-02,ED
2983,2493,2025-02-04,ED
2984,2493,2026-04-07,ED
2985,2494,2025-03-25,ED
2986,2494,2025-03-14,ED
2987,2494,2025-03-10,ED
2988,2495,2026-01-30,ED
2989,2496,2026-03-04,ED
2990,2499,2025-11-14,inpatient
2991,2499,2026-04-21,ED
2992,2499,2025-04-29,ED
2993,2499,2026-06-29,ED
2994,2500,2026-05-05,ED
2995,2501,2025-11-07,ED
2996,2502,2025-03-18,inpatient
2997,2507,2026-03-10,ED
2998,2507,2026-05-09,ED
2999,2507,2025-04-14,ED
3000,2509,2025-10-24,ED
3001,2509,2025-09-07,ED
3002,2509,2026-04-12,ED
3003,2509,2025-05-06,ED
3004,2509,2026-03-26,inpatient
3005,2509,2025-11-05,ED
3006,2519,2025-04-03,ED
3007,2519,2026-01-14,ED
3008,2519,2025-01-15,ED
3009,2520,2025-02-28,ED
3010,2520,2025-07-21,ED
3011,2521,2025-03-15,ED
3012,2521,2026-06-28,ED
3013,2521,2026-01-02,ED
3014,2522,2026-02-14,ED
3015,2522,2025-02-27,ED
3016,2522,2026-05-02,ED
3017,2522,2026-04-16,ED
3018,2523,2025-05-16,ED
3019,2523,2026-06-16,ED
3020,2523,2026-04-15,ED
3021,2523,2025-10-08,ED
3022,2524,2025-05-04,ED
3023,2524,2026-03-05,ED
3024,2524,2025-04-04,ED
3025,2524,2025-07-24,ED
3026,2524,2026-01-16,ED
3027,2524,2025-05-22,inpatient
3028,2526,2025-02-16,ED
3029,2528,2026-06-06,ED
3030,2528,2025-07-17,ED
3031,2528,2025-10-23,ED
3032,2529,2025-05-24,inpatient
3033,2529,2025-11-16,ED
3034,2529,2025-09-25,ED
3035,2529,2025-10-16,ED
3036,2532,2025-09-12,ED
3037,2533,2025-07-22,ED
3038,2533,2026-05-08,ED
3039,2534,2025-12-19,ED
3040,2535,2025-07-14,ED
3041,2538,2025-03-26,ED
3042,2539,2026-02-16,ED
3043,2539,2025-07-03,ED
3044,2541,2026-01-10,ED
3045,2541,2026-04-26,ED
3046,2542,2026-04-11,ED
3047,2543,2026-01-07,ED
3048,2544,2025-02-03,ED
3049,2545,2026-02-22,ED
3050,2547,2025-08-12,inpatient
3051,2547,2025-11-08,ED
3052,2547,2026-01-23,ED
3053,2547,2026-06-18,ED
3054,2549,2025-04-06,ED
3055,2549,2025-05-23,ED
3056,2549,2026-01-20,inpatient
3057,2549,2025-05-07,ED
3058,2551,2025-02-21,ED
3059,2551,2025-09-03,ED
3060,2552,2025-11-27,ED
3061,2552,2026-06-20,ED
3062,2553,2025-12-21,ED
3063,2554,2026-04-04,ED
3064,2554,2025-07-04,ED
3065,2554,2025-01-17,ED
3066,2555,2025-02-06,ED
3067,2558,2026-04-28,ED
3068,2559,2026-02-18,inpatient
3069,2561,2025-03-04,ED
3070,2561,2025-11-30,inpatient
3071,2561,2025-03-03,ED
3072,2561,2025-09-01,ED
3073,2563,2026-03-18,ED
3074,2563,2025-09-03,ED
3075,2566,2025-02-18,ED
3076,2566,2026-05-04,ED
3077,2566,2025-03-13,ED
3078,2566,2025-06-24,ED
3079,2567,2026-04-21,ED
3080,2567,2025-04-27,ED
3081,2568,2026-05-16,ED
3082,2568,2025-04-08,ED
3083,2568,2025-08-17,inpatient
3084,2568,2025-05-12,ED
3085,2570,2025-01-17,ED
3086,2570,2025-12-10,ED
3087,2570,2025-09-08,ED
3088,2570,2026-03-24,ED
3089,2570,2025-09-13,ED
3090,2570,2026-01-28,ED
3091,2571,2025-05-23,ED
3092,2571,2026-03-11,inpatient
3093,2571,2026-01-21,ED
3094,2572,2026-04-05,ED
3095,2573,2026-03-10,ED
3096,2574,2025-03-28,ED
3097,2575,2025-01-28,ED
3098,2576,2026-04-29,ED
3099,2576,2026-02-24,ED
3100,2577,2025-07-20,ED
3101,2577,2025-03-09,ED
3102,2579,2026-02-03,ED
3103,2579,2025-08-28,ED
3104,2579,2025-07-26,ED
3105,2580,2025-09-21,ED
3106,2581,2026-03-29,ED
3107,2583,2025-12-11,ED
3108,2583,2026-06-27,ED
3109,2584,2026-03-26,ED
3110,2586,2026-01-27,ED
3111,2586,2025-03-19,ED
3112,2588,2025-08-14,ED
3113,2589,2025-01-17,ED
3114,2589,2025-09-01,ED
3115,2589,2025-11-13,inpatient
3116,2589,2025-11-16,ED
3117,2593,2025-08-21,ED
3118,2594,2025-08-18,inpatient
3119,2594,2025-07-13,ED
3120,2594,2026-03-10,ED
3121,2595,2025-01-14,ED
3122,2595,2026-06-25,ED
3123,2597,2025-08-16,ED
3124,2597,2025-11-03,ED
3125,2598,2025-03-05,ED
3126,2598,2025-02-23,ED
3127,2598,2026-02-01,ED
3128,2599,2025-03-11,ED
3129,2599,2025-07-27,ED
3130,2599,2025-02-10,ED
3131,2600,2026-01-29,ED
3132,2600,2025-03-08,ED
3133,2601,2026-05-20,inpatient
3134,2602,2026-02-27,ED
3135,2604,2026-03-21,ED
3136,2604,2026-03-27,ED
3137,2604,2026-05-08,ED
3138,2606,2025-07-23,ED
3139,2606,2026-02-03,ED
3140,2606,2026-05-13,ED
3141,2606,2026-04-01,ED
3142,2606,2025-11-03,ED
3143,2606,2025-05-09,ED
3144,2607,2025-01-17,ED
3145,2607,2026-06-07,ED
3146,2607,2025-07-29,ED
3147,2608,2026-06-02,ED
3148,2608,2025-07-24,ED
3149,2608,2026-01-16,ED
3150,2608,2025-11-05,ED
3151,2609,2025-01-30,ED
3152,2612,2026-01-03,ED
3153,2614,2026-02-02,ED
3154,2616,2025-01-08,ED
3155,2616,2025-02-09,ED
3156,2616,2026-02-11,ED
3157,2617,2025-10-03,ED
3158,2617,2025-01-21,inpatient
3159,2621,2025-12-16,ED
3160,2621,2026-04-26,ED
3161,2621,2025-10-05,inpatient
3162,2624,2025-12-26,ED
3163,2624,2025-01-10,ED
3164,2624,2025-09-08,inpatient
3165,2625,2025-12-08,inpatient
3166,2625,2025-03-22,ED
3167,2625,2026-05-25,ED
3168,2625,2025-08-29,ED
3169,2625,2025-09-24,ED
3170,2625,2026-04-20,inpatient
3171,2628,2025-11-20,ED
3172,2629,2025-11-13,ED
3173,2629,2025-11-30,ED
3174,2629,2026-06-30,ED
3175,2630,2026-01-19,ED
3176,2631,2025-04-23,ED
3177,2631,2025-01-31,ED
3178,2631,2025-07-09,ED
3179,2632,2026-06-08,ED
3180,2634,2026-05-11,ED
3181,2635,2025-11-07,ED
3182,2635,2026-05-21,ED
3183,2635,2025-08-20,ED
3184,2635,2025-12-31,ED
3185,2636,2026-05-30,ED
3186,2637,2025-06-14,inpatient
3187,2640,2025-02-09,ED
3188,2645,2026-06-14,ED
3189,2645,2025-10-24,ED
3190,2645,2026-03-01,ED
3191,2645,2025-02-16,ED
3192,2646,2025-11-20,ED
3193,2648,2026-03-31,inpatient
3194,2649,2025-12-04,ED
3195,2650,2025-03-14,ED
3196,2650,2025-09-13,ED
3197,2653,2026-06-17,ED
3198,2653,2025-03-30,ED
3199,2653,2025-07-08,ED
3200,2653,2026-02-17,ED
3201,2654,2025-05-24,ED
3202,2656,2025-08-22,inpatient
3203,2656,2026-06-27,inpatient
3204,2656,2025-10-22,ED
3205,2656,2025-11-16,ED
3206,2658,2025-11-21,ED
3207,2659,2026-04-15,ED
3208,2659,2025-03-27,ED
3209,2661,2025-09-20,ED
3210,2663,2026-01-08,inpatient
3211,2668,2025-08-12,ED
3212,2669,2025-06-04,ED
3213,2669,2026-06-24,ED
3214,2671,2025-02-10,ED
3215,2672,2026-01-04,ED
3216,2674,2026-05-14,ED
3217,2674,2025-03-05,ED
3218,2674,2026-01-25,ED
3219,2674,2025-12-27,ED
3220,2674,2025-10-26,inpatient
3221,2674,2025-02-28,ED
3222,2677,2025-12-11,ED
3223,2677,2025-10-22,inpatient
3224,2677,2025-12-22,ED
3225,2678,2026-05-30,inpatient
3226,2678,2026-05-09,ED
3227,2682,2025-03-19,ED
3228,2684,2025-10-18,ED
3229,2684,2026-05-03,ED
3230,2684,2025-10-04,ED
3231,2687,2025-11-26,ED
3232,2687,2026-01-10,ED
3233,2688,2025-08-13,ED
3234,2688,2026-05-27,ED
3235,2689,2025-07-23,ED
3236,2691,2025-08-01,ED
3237,2693,2026-02-11,ED
3238,2697,2025-05-20,ED
3239,2698,2025-07-06,ED
3240,2699,2026-02-21,ED
3241,2699,2026-04-29,ED
3242,2700,2026-03-30,ED
3243,2701,2025-07-14,ED
3244,2702,2026-03-05,ED
3245,2702,2026-05-26,ED
3246,2703,2025-04-17,ED
3247,2703,2026-03-21,ED
3248,2703,2026-03-20,ED
3249,2703,2025-10-19,inpatient
3250,2704,2025-09-30,ED
3251,2705,2026-05-26,ED
3252,2705,2025-12-30,ED
3253,2705,2026-05-14,ED
3254,2705,2026-05-27,ED
3255,2708,2025-09-13,ED
3256,2709,2026-02-12,ED
3257,2709,2025-08-03,ED
3258,2710,2026-03-18,inpatient
3259,2710,2025-03-10,ED
3260,2713,2026-04-15,ED
3261,2713,2025-03-19,ED
3262,2713,2025-10-07,ED
3263,2713,2026-01-08,inpatient
3264,2714,2025-03-22,ED
3265,2715,2026-04-11,ED
3266,2715,2025-11-13,ED
3267,2715,2026-06-05,ED
3268,2716,2025-05-26,inpatient
3269,2716,2025-09-16,inpatient
3270,2718,2026-01-06,ED
3271,2718,2025-08-15,inpatient
3272,2718,2025-05-19,inpatient
3273,2720,2025-07-15,ED
3274,2720,2025-03-02,ED
3275,2721,2025-05-03,ED
3276,2723,2025-08-15,ED
3277,2723,2026-03-22,ED
3278,2726,2025-09-21,ED
3279,2726,2025-08-16,ED
3280,2726,2025-10-12,ED
3281,2726,2025-06-16,ED
3282,2726,2025-04-13,ED
3283,2726,2025-01-12,ED
3284,2727,2026-05-19,ED
3285,2727,2026-03-02,inpatient
3286,2728,2026-06-26,ED
3287,2728,2025-08-31,ED
3288,2728,2025-01-05,ED
3289,2729,2026-03-04,ED
3290,2729,2025-01-26,ED
3291,2730,2025-09-10,ED
3292,2730,2026-02-05,inpatient
3293,2732,2026-02-22,ED
3294,2733,2025-06-14,ED
3295,2734,2025-06-13,ED
3296,2734,2025-06-30,inpatient
3297,2734,2026-02-25,ED
3298,2734,2025-01-21,ED
3299,2736,2025-06-26,ED
3300,2737,2025-02-17,ED
3301,2737,2025-09-16,ED
3302,2737,2026-06-27,ED
3303,2737,2025-03-17,inpatient
3304,2737,2026-03-02,inpatient
3305,2737,2025-06-05,inpatient
3306,2740,2025-05-19,inpatient
3307,2741,2025-04-26,ED
3308,2742,2025-10-31,ED
3309,2742,2025-06-22,ED
3310,2743,2025-09-29,ED
3311,2744,2026-04-27,ED
3312,2747,2025-10-07,ED
3313,2747,2026-01-27,ED
3314,2751,2026-01-14,ED
3315,2751,2026-03-14,inpatient
3316,2754,2025-09-27,ED
3317,2754,2026-04-23,ED
3318,2754,2025-10-04,ED
3319,2755,2025-08-10,ED
3320,2756,2025-12-20,ED
3321,2757,2025-08-29,ED
3322,2758,2026-06-22,ED
3323,2758,2026-05-07,ED
3324,2758,2025-02-06,ED
3325,2760,2025-05-03,ED
3326,2760,2025-02-27,ED
3327,2762,2026-04-14,ED
3328,2763,2025-09-11,ED
3329,2765,2026-01-01,ED
3330,2766,2025-12-16,ED
3331,2766,2025-02-03,ED
3332,2766,2026-02-24,ED
3333,2767,2025-04-07,ED
3334,2767,2025-05-25,ED
3335,2767,2025-04-18,inpatient
3336,2768,2026-02-22,ED
3337,2768,2026-05-27,ED
3338,2772,2025-09-13,inpatient
3339,2775,2025-06-20,inpatient
3340,2778,2026-04-29,ED
3341,2778,2026-05-13,ED
3342,2778,2026-06-30,ED
3343,2778,2025-07-04,ED
3344,2778,2026-06-02,ED
3345,2778,2025-03-03,ED
3346,2780,2025-08-06,ED
3347,2783,2026-03-09,ED
3348,2786,2025-03-31,inpatient
3349,2786,2025-12-19,ED
3350,2790,2025-04-04,ED
3351,2791,2026-03-01,ED
3352,2793,2025-09-24,ED
3353,2794,2025-09-20,ED
3354,2794,2025-06-02,ED
3355,2795,2025-11-23,ED
3356,2795,2025-05-01,ED
3357,2795,2026-06-01,ED
3358,2795,2025-07-01,ED
3359,2796,2025-04-05,ED
3360,2797,2025-06-20,ED
3361,2797,2025-01-14,ED
3362,2800,2025-06-08,ED
3363,2800,2025-04-25,ED
3364,2800,2025-11-01,ED
3365,2800,2025-11-29,ED
3366,2801,2025-08-18,ED
3367,2802,2025-02-25,ED
3368,2803,2026-05-10,inpatient
3369,2804,2025-04-16,ED
3370,2809,2025-12-21,ED
3371,2817,2026-06-18,inpatient
3372,2820,2026-04-29,ED
3373,2821,2026-03-24,ED
3374,2821,2025-06-02,ED
3375,2821,2025-08-21,ED
3376,2823,2026-05-08,ED
3377,2823,2025-11-05,ED
3378,2830,2026-01-29,ED
3379,2830,2025-09-16,ED
3380,2831,2025-04-12,ED
3381,2831,2025-11-04,ED
3382,2831,2026-03-13,inpatient
3383,2831,2026-01-10,ED
3384,2832,2025-01-25,ED
3385,2835,2025-02-24,ED
3386,2835,2025-09-15,ED
3387,2835,2026-01-27,ED
3388,2835,2025-06-08,inpatient
3389,2836,2025-12-22,ED
3390,2836,2025-07-08,ED
3391,2837,2025-05-08,ED
3392,2837,2025-07-12,inpatient
3393,2838,2026-06-13,ED
3394,2838,2025-03-14,ED
3395,2838,2025-10-25,ED
3396,2838,2025-09-03,ED
3397,2838,2025-03-03,inpatient
3398,2838,2025-11-21,ED
3399,2843,2026-04-11,ED
3400,2843,2026-04-16,ED
3401,2843,2026-04-10,ED
3402,2843,2025-05-29,ED
3403,2845,2026-02-27,ED
3404,2848,2026-06-08,ED
3405,2850,2025-03-10,ED
3406,2850,2026-03-18,ED
3407,2851,2025-05-09,inpatient
3408,2851,2026-03-11,inpatient
3409,2851,2025-09-05,inpatient
3410,2851,2026-03-24,ED
3411,2852,2025-04-07,inpatient
3412,2852,2025-11-21,ED
3413,2852,2026-03-22,ED
3414,2855,2025-04-26,ED
3415,2856,2025-09-19,ED
3416,2857,2026-04-21,ED
3417,2857,2025-08-31,ED
3418,2859,2026-05-16,ED
3419,2859,2025-10-24,ED
3420,2860,2026-04-19,ED
3421,2862,2025-10-13,ED
3422,2862,2025-05-07,ED
3423,2865,2025-03-31,ED
3424,2866,2025-08-16,ED
3425,2869,2025-06-21,ED
3426,2870,2026-06-07,ED
3427,2871,2025-03-16,ED
3428,2871,2025-11-01,ED
3429,2871,2025-02-13,inpatient
3430,2871,2026-03-21,ED
3431,2873,2026-03-09,ED
3432,2873,2025-12-20,ED
3433,2876,2026-04-14,inpatient
3434,2876,2025-09-06,inpatient
3435,2877,2025-06-27,ED
3436,2877,2025-03-29,ED
3437,2877,2025-08-31,ED
3438,2881,2025-01-15,ED
3439,2881,2025-07-16,ED
3440,2881,2026-01-20,ED
3441,2882,2025-02-07,inpatient
3442,2882,2025-10-28,ED
3443,2882,2026-05-17,inpatient
3444,2885,2026-06-13,ED
3445,2886,2026-05-15,ED
3446,2886,2025-06-13,ED
3447,2888,2025-03-07,ED
3448,2888,2025-02-09,ED
3449,2892,2026-03-23,ED
3450,2893,2025-09-11,ED
3451,2893,2025-11-07,ED
3452,2893,2025-03-29,ED
3453,2893,2025-05-14,ED
3454,2894,2025-10-08,ED
3455,2894,2025-06-10,ED
3456,2894,2026-01-13,ED
3457,2894,2026-04-08,ED
3458,2894,2025-06-24,ED
3459,2894,2025-02-23,ED
3460,2895,2025-09-19,ED
3461,2896,2025-11-19,ED
3462,2897,2026-01-28,ED
3463,2898,2025-03-15,ED
3464,2900,2025-02-01,inpatient
3465,2900,2026-04-12,inpatient
3466,2900,2026-03-03,ED
3467,2901,2025-04-23,ED
3468,2903,2026-03-26,ED
3469,2907,2026-03-15,ED
3470,2907,2025-10-09,ED
3471,2907,2025-09-23,ED
3472,2907,2025-11-01,ED
3473,2908,2026-04-21,ED
3474,2910,2025-12-21,ED
3475,2910,2026-04-04,ED
3476,2910,2025-05-17,ED
3477,2912,2026-06-15,ED
3478,2912,2025-06-21,ED
3479,2912,2026-05-10,ED
3480,2913,2025-07-04,ED
3481,2913,2026-01-26,ED
3482,2914,2025-11-26,ED
3483,2914,2026-03-04,ED
3484,2914,2025-03-29,ED
3485,2914,2025-12-11,ED
3486,2914,2026-02-13,ED
3487,2914,2025-03-25,ED
3488,2915,2025-09-01,ED
3489,2915,2026-01-14,ED
3490,2915,2025-02-27,ED
3491,2916,2025-02-22,ED
3492,2917,2025-12-31,ED
3493,2918,2026-05-11,ED
3494,2919,2025-04-18,ED
3495,2919,2026-03-23,ED
3496,2920,2025-10-07,ED
3497,2921,2025-02-05,inpatient
3498,2921,2026-03-12,inpatient
3499,2921,2025-08-28,ED
3500,2923,2025-09-07,ED
3501,2923,2025-04-27,ED
3502,2923,2026-05-27,ED
3503,2923,2026-04-09,ED
3504,2924,2025-04-12,ED
3505,2924,2025-07-22,ED
3506,2924,2025-04-23,ED
3507,2926,2025-02-01,ED
3508,2927,2025-04-15,ED
3509,2929,2025-02-02,ED
3510,2929,2025-08-01,ED
3511,2929,2026-04-06,inpatient
3512,2930,2025-03-02,inpatient
3513,2932,2025-12-26,inpatient
3514,2933,2026-01-09,ED
3515,2933,2025-04-22,ED
3516,2933,2026-04-07,inpatient
3517,2933,2025-01-13,inpatient
3518,2937,2025-09-27,ED
3519,2941,2025-07-21,ED
3520,2941,2025-06-25,ED
3521,2943,2025-03-27,inpatient
3522,2944,2025-07-23,ED
3523,2946,2025-07-27,ED
3524,2951,2026-03-09,ED
3525,2951,2025-01-16,inpatient
3526,2951,2026-05-11,inpatient
3527,2951,2025-09-27,ED
3528,2951,2025-08-24,ED
3529,2951,2026-06-10,ED
3530,2952,2026-04-01,inpatient
3531,2952,2025-01-14,ED
3532,2953,2026-05-15,ED
3533,2953,2026-01-25,ED
3534,2956,2025-10-25,ED
3535,2956,2025-07-15,ED
3536,2956,2025-12-26,ED
3537,2956,2026-04-17,ED
3538,2961,2025-02-16,ED
3539,2961,2026-02-13,inpatient
3540,2964,2025-12-01,ED
3541,2964,2025-01-23,ED
3542,2966,2026-01-19,ED
3543,2966,2025-04-26,ED
3544,2966,2026-05-06,ED
3545,2966,2025-10-22,inpatient
3546,2968,2025-08-29,ED
3547,2968,2025-06-22,ED
3548,2968,2025-09-04,ED
3549,2970,2026-03-20,ED
3550,2974,2026-02-16,inpatient
3551,2974,2025-05-14,inpatient
3552,2974,2026-04-07,ED
3553,2974,2026-06-14,ED
3554,2976,2025-01-15,ED
3555,2977,2025-12-05,ED
3556,2977,2025-03-13,ED
3557,2980,2025-09-28,inpatient
3558,2981,2026-02-27,ED
3559,2982,2026-01-02,ED
3560,2984,2026-06-21,ED
3561,2984,2026-03-29,ED
3562,2985,2025-02-08,ED
3563,2985,2025-05-29,ED
3564,2985,2025-10-26,ED
3565,2986,2025-04-20,ED
3566,2986,2025-10-27,ED
3567,2990,2025-02-08,inpatient
3568,2990,2025-02-21,ED
3569,2991,2025-12-05,ED
3570,2991,2025-07-14,ED
3571,2991,2025-05-13,ED
3572,2992,2025-12-13,inpatient
3573,2993,2025-07-07,ED
3574,2995,2025-06-06,ED
3575,2996,2025-06-26,ED
3576,2996,2026-02-07,ED
3577,2998,2025-01-08,ED
3578,2998,2025-06-15,ED
3579,2998,2025-04-30,ED
3580,2998,2026-06-24,ED
3581,2998,2025-11-05,ED
3582,2998,2025-09-09,ED
3583,3002,2026-02-28,ED
3584,3002,2025-02-05,ED
3585,3002,2026-05-17,ED
3586,3002,2025-08-23,inpatient
3587,3003,2025-11-30,ED
3588,3004,2026-03-27,inpatient
3589,3005,2025-09-22,ED
3590,3007,2025-04-07,ED
3591,3007,2025-01-09,ED
3592,3007,2026-05-26,ED
3593,3007,2026-02-07,ED
3594,3009,2025-09-12,ED
3595,3009,2025-11-01,ED
3596,3011,2026-04-28,ED
3597,3013,2026-01-12,ED
3598,3013,2025-07-26,ED
3599,3013,2026-04-19,ED
3600,3013,2025-09-19,inpatient
3601,3014,2025-10-16,ED
3602,3014,2026-06-30,ED
3603,3015,2026-06-03,ED
3604,3015,2025-08-16,ED
3605,3015,2025-07-07,ED
3606,3016,2025-06-02,ED
3607,3016,2025-02-22,ED
3608,3020,2026-01-04,ED
3609,3021,2026-01-12,ED
3610,3021,2026-02-20,ED
3611,3021,2026-05-04,inpatient
3612,3023,2025-05-04,ED
3613,3023,2025-01-16,ED
3614,3026,2026-06-14,ED
3615,3027,2026-01-07,ED
3616,3027,2025-01-09,ED
3617,3028,2026-02-26,ED
3618,3028,2025-02-16,inpatient
3619,3029,2025-08-21,ED
3620,3031,2026-01-29,inpatient
3621,3033,2026-03-20,ED
3622,3034,2025-12-08,ED
3623,3034,2025-05-05,ED
3624,3034,2026-05-18,ED
3625,3034,2025-05-12,inpatient
3626,3035,2025-12-13,ED
3627,3035,2025-03-28,inpatient
3628,3035,2025-05-16,ED
3629,3036,2025-10-31,ED
3630,3036,2025-07-10,ED
3631,3036,2025-12-28,ED
3632,3036,2025-09-29,inpatient
3633,3037,2026-01-22,ED
3634,3037,2025-08-18,ED
3635,3037,2026-02-16,ED
3636,3038,2025-10-21,inpatient
3637,3038,2026-05-26,ED
3638,3040,2026-05-17,ED
3639,3040,2025-03-06,ED
3640,3043,2025-02-25,ED
3641,3044,2026-04-04,ED
3642,3044,2025-04-21,ED
3643,3044,2025-10-31,ED
3644,3044,2025-05-29,ED
3645,3044,2025-05-29,inpatient
3646,3044,2026-06-05,ED
3647,3045,2026-06-07,inpatient
3648,3047,2025-04-12,ED
3649,3049,2025-11-15,ED
3650,3050,2025-12-03,ED
3651,3050,2025-03-11,ED
3652,3050,2025-06-28,inpatient
3653,3050,2026-02-26,inpatient
3654,3052,2025-03-26,ED
3655,3052,2025-07-05,ED
3656,3054,2025-11-17,inpatient
3657,3054,2025-03-21,ED
3658,3056,2025-05-27,ED
3659,3057,2026-02-21,ED
3660,3057,2026-03-17,ED
3661,3057,2026-02-26,ED
3662,3058,2026-02-11,ED
3663,3059,2026-06-27,ED
3664,3060,2026-04-01,inpatient
3665,3061,2025-03-24,ED
3666,3061,2026-05-08,ED
3667,3061,2025-10-17,ED
3668,3062,2026-06-27,ED
3669,3062,2025-01-19,inpatient
3670,3062,2025-07-23,ED
3671,3063,2026-04-12,ED
3672,3065,2026-03-30,ED
3673,3065,2025-06-18,inpatient
3674,3066,2025-04-23,ED
3675,3066,2025-03-09,ED
3676,3067,2025-08-16,ED
3677,3069,2025-05-17,ED
3678,3070,2025-06-30,inpatient
3679,3070,2025-06-08,inpatient
3680,3070,2025-01-30,ED
3681,3070,2025-11-26,ED
3682,3070,2026-02-23,ED
3683,3070,2025-10-13,ED
3684,3072,2025-10-14,ED
3685,3072,2025-04-22,ED
3686,3074,2025-10-20,ED
3687,3074,2025-03-27,ED
3688,3078,2025-09-19,inpatient
3689,3078,2025-12-17,ED
3690,3078,2025-05-01,ED
3691,3080,2025-06-01,ED
3692,3082,2026-01-27,inpatient
3693,3082,2025-05-10,inpatient
3694,3082,2025-12-24,ED
3695,3082,2025-07-17,ED
3696,3083,2026-01-04,ED
3697,3083,2025-05-21,ED
3698,3084,2025-10-17,ED
3699,3087,2025-05-19,ED
3700,3087,2026-03-06,ED
3701,3088,2025-03-18,ED
3702,3089,2026-02-10,ED
3703,3089,2025-08-26,ED
3704,3090,2026-05-20,inpatient
3705,3091,2025-08-29,ED
3706,3096,2026-04-14,ED
3707,3097,2025-06-05,ED
3708,3097,2025-03-23,inpatient
3709,3102,2026-02-07,ED
3710,3102,2025-01-25,ED
3711,3102,2026-04-29,inpatient
3712,3103,2025-02-08,ED
3713,3104,2025-01-17,ED
3714,3105,2025-10-05,ED
3715,3105,2025-04-04,ED
3716,3107,2026-05-17,ED
3717,3107,2026-06-20,ED
3718,3108,2025-12-20,inpatient
3719,3108,2026-02-16,ED
3720,3112,2026-02-13,ED
3721,3113,2025-12-13,ED
3722,3116,2025-01-06,ED
3723,3118,2026-06-15,ED
3724,3118,2026-01-31,inpatient
3725,3118,2026-05-15,inpatient
3726,3118,2025-06-24,ED
3727,3119,2026-06-26,inpatient
3728,3119,2026-04-27,inpatient
3729,3120,2025-03-17,ED
3730,3120,2025-07-26,inpatient
3731,3124,2025-08-27,ED
3732,3124,2025-05-01,ED
3733,3124,2025-05-25,ED
3734,3124,2026-05-16,ED
3735,3124,2026-03-24,ED
3736,3124,2025-10-20,ED
3737,3125,2026-06-26,ED
3738,3127,2025-01-21,ED
3739,3127,2026-05-01,ED
3740,3130,2025-08-20,inpatient
3741,3130,2025-04-29,ED
3742,3131,2025-12-09,ED
3743,3131,2025-06-14,ED
3744,3131,2026-02-13,ED
3745,3131,2026-03-15,ED
3746,3131,2025-01-07,ED
3747,3131,2025-01-31,ED
3748,3134,2025-03-30,ED
3749,3134,2025-01-13,ED
3750,3134,2025-06-07,ED
3751,3137,2025-08-09,ED
3752,3138,2025-02-09,ED
3753,3139,2025-12-12,ED
3754,3142,2025-09-07,inpatient
3755,3142,2026-06-24,inpatient
3756,3142,2025-05-13,ED
3757,3142,2025-07-05,ED
3758,3143,2025-12-26,ED
3759,3143,2026-02-06,ED
3760,3145,2025-03-02,inpatient
3761,3148,2026-06-09,ED
3762,3150,2025-03-30,inpatient
3763,3150,2025-01-11,ED
3764,3153,2025-12-27,ED
3765,3154,2025-05-08,ED
3766,3154,2025-09-27,ED
3767,3155,2025-04-26,inpatient
3768,3158,2025-09-05,inpatient
3769,3158,2025-08-19,ED
3770,3158,2025-04-20,ED
3771,3158,2025-07-06,ED
3772,3159,2025-04-30,ED
3773,3160,2025-05-22,ED
3774,3160,2026-01-27,ED
3775,3161,2026-06-08,inpatient
3776,3161,2025-10-14,ED
3777,3161,2025-07-17,ED
3778,3162,2025-08-14,ED
3779,3162,2025-09-21,inpatient
3780,3163,2026-03-08,ED
3781,3168,2025-06-01,ED
3782,3168,2025-08-03,ED
3783,3169,2025-07-07,ED
3784,3169,2025-08-05,ED
3785,3171,2025-05-20,ED
3786,3173,2025-11-21,ED
3787,3175,2026-03-31,ED
3788,3178,2026-03-28,ED
3789,3178,2026-05-14,inpatient
3790,3178,2026-04-22,ED
3791,3179,2026-04-28,ED
3792,3179,2025-01-11,ED
3793,3181,2025-08-04,ED
3794,3181,2025-05-15,ED
3795,3181,2025-02-10,ED
3796,3181,2026-03-12,ED
3797,3182,2026-03-14,ED
3798,3183,2026-01-20,ED
3799,3185,2025-09-06,ED
3800,3185,2025-01-19,ED
3801,3185,2025-03-09,ED
3802,3185,2026-05-22,inpatient
3803,3189,2025-11-02,ED
3804,3189,2025-09-21,ED
3805,3190,2025-01-03,ED
3806,3191,2025-03-13,ED
3807,3191,2025-01-07,ED
3808,3191,2026-01-05,ED
3809,3193,2025-11-06,ED
3810,3195,2025-10-28,ED
3811,3195,2025-12-05,ED
3812,3195,2025-03-12,ED
3813,3196,2025-03-06,inpatient
3814,3196,2026-03-29,inpatient
3815,3196,2025-11-05,ED
3816,3197,2026-04-08,ED
3817,3197,2025-04-11,ED
3818,3197,2025-07-22,ED
3819,3197,2026-01-03,ED
3820,3198,2025-05-01,inpatient
3821,3201,2025-08-25,ED
3822,3204,2025-07-14,ED
3823,3204,2026-03-14,ED
3824,3205,2025-07-08,ED
3825,3205,2025-01-22,ED
3826,3206,2025-01-08,ED
3827,3206,2025-09-05,inpatient
3828,3207,2026-06-06,ED
3829,3207,2026-06-06,ED
3830,3210,2025-11-11,inpatient
3831,3210,2026-01-06,ED
3832,3213,2025-11-19,ED
3833,3214,2025-06-11,inpatient
3834,3215,2025-12-08,ED
3835,3216,2025-08-16,inpatient
3836,3216,2026-05-29,ED
3837,3217,2026-03-22,ED
3838,3217,2026-01-26,ED
3839,3217,2025-12-21,ED
3840,3217,2025-02-13,ED
3841,3217,2026-04-14,ED
3842,3217,2025-02-03,ED
3843,3219,2025-12-27,inpatient
3844,3219,2026-04-18,ED
3845,3220,2025-10-21,ED
3846,3220,2025-03-28,ED
3847,3221,2025-06-02,ED
3848,3223,2025-07-07,inpatient
3849,3223,2025-11-29,ED
3850,3223,2026-01-09,inpatient
3851,3223,2025-11-30,inpatient
3852,3223,2025-08-02,ED
3853,3223,2025-08-14,ED
3854,3225,2026-02-13,ED
3855,3228,2026-02-07,ED
3856,3228,2026-01-19,ED
3857,3228,2025-04-23,ED
3858,3228,2025-09-01,inpatient
3859,3228,2025-11-21,ED
3860,3228,2026-01-05,inpatient
3861,3229,2026-02-22,ED
3862,3229,2025-05-05,ED
3863,3234,2026-05-31,ED
3864,3238,2025-04-09,ED
3865,3238,2025-07-07,ED
3866,3239,2025-07-25,ED
3867,3240,2025-04-06,ED
3868,3240,2025-11-05,ED
3869,3241,2025-01-18,ED
3870,3242,2025-10-18,ED
3871,3243,2025-03-04,inpatient
3872,3245,2026-06-13,ED
3873,3245,2025-06-06,ED
3874,3246,2025-04-23,inpatient
3875,3249,2025-08-26,ED
3876,3249,2025-09-09,inpatient
3877,3252,2025-08-27,ED
3878,3252,2025-09-16,ED
3879,3254,2026-03-04,ED
3880,3254,2026-04-17,ED
3881,3254,2026-01-05,ED
3882,3254,2026-03-03,inpatient
3883,3254,2025-08-23,ED
3884,3254,2025-03-12,ED
3885,3256,2025-11-24,ED
3886,3258,2025-03-13,ED
3887,3258,2025-10-23,ED
3888,3258,2025-09-24,ED
3889,3260,2025-07-30,ED
3890,3260,2025-06-20,inpatient
3891,3262,2025-03-10,ED
3892,3262,2025-11-21,inpatient
3893,3264,2026-03-25,ED
3894,3264,2026-06-07,ED
3895,3265,2025-01-22,inpatient
3896,3267,2025-02-02,ED
3897,3268,2025-07-07,ED
3898,3268,2025-02-15,ED
3899,3268,2026-04-08,ED
3900,3268,2025-12-08,ED
3901,3268,2026-04-22,ED
3902,3268,2025-02-08,inpatient
3903,3269,2025-07-23,inpatient
3904,3269,2025-08-15,ED
3905,3269,2025-01-18,ED
3906,3269,2025-10-15,ED
3907,3270,2025-01-20,ED
3908,3273,2025-11-25,ED
3909,3275,2025-09-10,inpatient
3910,3275,2025-04-08,ED
3911,3275,2025-11-30,ED
3912,3276,2025-05-23,inpatient
3913,3276,2025-03-29,ED
3914,3276,2026-04-05,ED
3915,3278,2025-10-26,ED
3916,3278,2025-10-03,ED
3917,3278,2026-02-10,ED
3918,3278,2026-02-26,ED
3919,3279,2025-09-07,ED
3920,3280,2025-10-16,ED
3921,3280,2026-06-18,ED
3922,3282,2025-05-23,inpatient
3923,3282,2026-04-12,ED
3924,3285,2025-04-29,inpatient
3925,3287,2025-12-27,ED
3926,3287,2025-10-15,inpatient
3927,3290,2025-11-20,ED
3928,3291,2026-05-22,ED
3929,3291,2026-05-28,inpatient
3930,3292,2025-03-02,ED
3931,3292,2025-12-29,ED
3932,3293,2025-07-14,ED
3933,3293,2025-08-13,ED
3934,3293,2025-01-23,ED
3935,3294,2025-07-10,ED
3936,3294,2025-01-14,ED
3937,3295,2026-06-07,ED
3938,3295,2025-06-15,ED
3939,3297,2026-06-11,ED
3940,3298,2025-11-23,inpatient
3941,3298,2025-08-17,ED
3942,3300,2025-08-03,ED
3943,3300,2025-04-26,ED
3944,3300,2026-02-27,ED
3945,3300,2025-11-24,ED
3946,3300,2025-02-14,ED
3947,3300,2026-01-16,ED
3948,3303,2026-02-06,inpatient
3949,3303,2025-11-01,ED
3950,3303,2026-02-22,ED
3951,3304,2026-05-19,ED
3952,3311,2025-06-06,inpatient
3953,3311,2025-04-23,ED
3954,3311,2025-04-16,ED
3955,3313,2025-11-08,ED
3956,3314,2025-01-16,ED
3957,3316,2026-03-22,ED
3958,3317,2026-05-24,ED
3959,3317,2025-05-31,ED
3960,3319,2026-05-29,ED
3961,3320,2026-02-17,ED
3962,3320,2025-04-21,inpatient
3963,3321,2026-03-31,inpatient
3964,3321,2025-01-14,ED
3965,3321,2025-01-13,ED
3966,3324,2025-07-14,ED
3967,3324,2026-01-14,ED
3968,3324,2026-04-21,ED
3969,3325,2025-07-10,ED
3970,3325,2026-02-25,ED
3971,3326,2025-06-11,ED
3972,3327,2025-11-05,inpatient
3973,3327,2025-12-30,inpatient
3974,3331,2026-06-09,ED
3975,3332,2026-01-16,ED
3976,3332,2026-04-23,ED
3977,3334,2025-05-01,inpatient
3978,3334,2025-05-17,ED
3979,3334,2026-05-28,ED
3980,3334,2025-10-30,ED
3981,3338,2026-04-26,ED
3982,3338,2026-02-28,ED
3983,3338,2025-04-19,ED
3984,3338,2025-07-11,inpatient
3985,3338,2025-07-01,ED
3986,3338,2025-04-22,ED
3987,3340,2025-09-28,ED
3988,3340,2026-05-15,ED
3989,3340,2025-12-02,ED
3990,3343,2026-06-07,ED
3991,3345,2025-09-07,ED
3992,3350,2025-04-10,ED
3993,3350,2025-07-19,inpatient
3994,3350,2025-02-06,inpatient
3995,3350,2025-12-31,ED
3996,3352,2026-04-07,ED
3997,3352,2025-03-14,ED
3998,3353,2026-02-27,ED
3999,3354,2025-06-29,inpatient
4000,3354,2026-05-30,inpatient
4001,3354,2026-01-03,ED
4002,3354,2026-02-19,ED
4003,3361,2025-08-09,ED
4004,3361,2025-10-09,ED
4005,3363,2025-01-08,ED
4006,3363,2025-10-29,ED
4007,3363,2026-01-02,ED
4008,3363,2025-12-07,inpatient
4009,3364,2026-06-17,ED
4010,3365,2025-07-11,ED
4011,3365,2025-03-15,ED
4012,3365,2025-03-10,ED
4013,3365,2025-01-08,ED
4014,3367,2025-03-28,ED
4015,3367,2025-01-30,ED
4016,3367,2026-06-23,ED
4017,3368,2025-04-29,ED
4018,3370,2025-12-04,inpatient
4019,3371,2026-02-11,ED
4020,3373,2026-05-17,ED
4021,3373,2025-10-17,inpatient
4022,3376,2026-01-04,ED
4023,3376,2025-08-08,inpatient
4024,3377,2026-05-08,inpatient
4025,3377,2025-12-10,inpatient
4026,3377,2026-06-25,ED
4027,3378,2025-03-18,ED
4028,3378,2025-04-30,ED
4029,3378,2025-01-15,ED
4030,3378,2025-07-05,ED
4031,3380,2025-10-09,ED
4032,3381,2025-11-29,ED
4033,3381,2025-09-27,ED
4034,3381,2026-04-03,ED
4035,3381,2025-11-08,inpatient
4036,3382,2025-03-27,ED
4037,3382,2025-02-12,ED
4038,3382,2026-01-16,ED
4039,3382,2025-11-15,ED
4040,3383,2025-12-31,ED
4041,3383,2025-11-25,ED
4042,3385,2025-02-27,ED
4043,3386,2026-03-09,ED
4044,3386,2025-06-06,ED
4045,3389,2026-02-20,ED
4046,3392,2025-02-04,ED
4047,3395,2025-03-27,ED
4048,3399,2026-03-20,ED
4049,3399,2025-09-18,ED
4050,3399,2025-12-22,ED
4051,3399,2025-03-31,inpatient
4052,3400,2026-05-01,ED
4053,3401,2025-06-11,ED
4054,3401,2025-12-03,ED
4055,3401,2025-03-31,inpatient
4056,3401,2025-08-11,ED
4057,3402,2026-05-18,ED
4058,3404,2026-03-30,inpatient
4059,3404,2025-04-06,ED
4060,3404,2026-01-14,ED
4061,3405,2025-05-29,ED
4062,3405,2026-03-27,inpatient
4063,3405,2025-10-01,ED
4064,3405,2025-04-19,ED
4065,3407,2025-11-18,ED
4066,3408,2025-10-25,ED
4067,3409,2025-09-17,ED
4068,3409,2026-02-04,ED
4069,3409,2025-05-08,ED
4070,3409,2026-02-17,ED
4071,3410,2025-12-27,ED
4072,3411,2026-02-13,inpatient
4073,3411,2025-06-02,ED
4074,3412,2025-06-14,ED
4075,3412,2025-02-21,inpatient
4076,3414,2025-05-03,ED
4077,3416,2025-04-21,inpatient
4078,3417,2026-05-17,ED
4079,3417,2025-01-21,ED
4080,3417,2026-05-24,ED
4081,3417,2026-04-26,ED
4082,3421,2026-04-20,ED
4083,3421,2025-05-12,ED
4084,3422,2026-05-10,ED
4085,3422,2025-02-27,ED
4086,3422,2026-03-03,ED
4087,3423,2026-03-10,ED
4088,3423,2025-11-20,ED
4089,3423,2025-03-08,inpatient
4090,3423,2026-04-08,ED
4091,3424,2026-05-23,ED
4092,3425,2025-09-20,ED
4093,3425,2026-02-17,ED
4094,3425,2025-02-22,ED
4095,3426,2026-06-21,ED
4096,3428,2025-11-16,ED
4097,3431,2026-06-04,ED
4098,3431,2025-10-26,inpatient
4099,3431,2025-08-16,ED
4100,3432,2025-10-27,ED
4101,3436,2026-03-08,inpatient
4102,3436,2026-04-01,inpatient
4103,3436,2025-09-01,inpatient
4104,3439,2025-04-05,ED
4105,3439,2025-08-06,inpatient
4106,3442,2025-04-22,ED
4107,3442,2026-06-14,ED
4108,3442,2026-02-05,ED
4109,3442,2025-11-30,inpatient
4110,3443,2025-12-16,ED
4111,3444,2026-05-19,inpatient
4112,3447,2026-01-21,ED
4113,3448,2025-07-07,ED
4114,3448,2025-08-30,ED
4115,3449,2025-07-07,ED
4116,3449,2025-07-09,ED
4117,3450,2026-05-01,ED
4118,3456,2025-06-30,ED
4119,3456,2026-02-17,ED
4120,3456,2025-07-08,ED
4121,3456,2025-09-21,ED
4122,3457,2026-05-29,ED
4123,3460,2025-11-16,ED
4124,3461,2025-03-12,ED
4125,3461,2026-01-20,inpatient
4126,3462,2026-04-11,ED
4127,3464,2025-02-03,ED
4128,3464,2025-04-08,ED
4129,3465,2025-08-17,ED
4130,3466,2025-06-09,ED
4131,3467,2026-04-26,ED
4132,3468,2025-01-11,ED
4133,3468,2025-07-18,ED
4134,3468,2026-01-03,ED
4135,3468,2025-11-23,inpatient
4136,3468,2025-09-17,ED
4137,3468,2026-03-20,ED
4138,3469,2026-06-13,ED
4139,3472,2026-02-07,ED
4140,3472,2026-06-19,inpatient
4141,3472,2025-11-21,ED
4142,3472,2026-03-23,ED
4143,3472,2026-03-15,ED
4144,3472,2025-02-22,ED
4145,3474,2025-04-30,inpatient
4146,3477,2025-11-25,inpatient
4147,3477,2025-09-24,ED
4148,3478,2025-08-03,ED
4149,3479,2025-12-13,ED
4150,3479,2026-04-04,inpatient
4151,3480,2026-01-04,ED
4152,3481,2025-10-05,ED
4153,3481,2025-10-04,ED
4154,3482,2025-10-04,ED
4155,3482,2026-04-21,inpatient
4156,3483,2026-04-09,ED
4157,3485,2026-05-25,inpatient
4158,3485,2025-03-17,ED
4159,3485,2025-01-25,inpatient
4160,3486,2026-01-21,inpatient
4161,3488,2025-04-13,inpatient
4162,3491,2026-06-22,ED
4163,3491,2025-12-18,ED
4164,3491,2026-01-08,ED
4165,3491,2025-04-28,ED
4166,3491,2025-06-18,ED
4167,3491,2025-04-06,ED
4168,3492,2026-06-22,ED
4169,3493,2025-11-30,ED
4170,3494,2025-11-23,ED
4171,3495,2025-03-25,ED
4172,3495,2025-04-26,inpatient
4173,3496,2025-11-15,ED
4174,3500,2026-04-30,inpatient
4175,3500,2025-09-16,ED
4176,3500,2026-03-07,inpatient
4177,3501,2025-04-14,ED
4178,3501,2025-01-27,inpatient
4179,3501,2025-02-23,ED
4180,3507,2026-01-24,ED
4181,3508,2026-06-20,ED
4182,3508,2026-02-21,ED
4183,3509,2025-09-23,ED
4184,3509,2025-08-10,ED
4185,3509,2026-03-17,ED
4186,3511,2025-02-26,ED
4187,3512,2025-07-04,ED
4188,3512,2025-02-11,ED
4189,3514,2025-07-11,inpatient
4190,3515,2025-10-09,ED
4191,3516,2026-03-01,ED
4192,3516,2026-06-04,inpatient
4193,3518,2026-03-25,ED
4194,3518,2025-10-13,ED
4195,3520,2026-04-17,ED
4196,3522,2026-04-28,ED
4197,3522,2026-03-24,ED
4198,3522,2026-01-27,ED
4199,3523,2025-06-05,ED
4200,3523,2025-12-14,inpatient
4201,3526,2026-01-26,ED
4202,3526,2025-11-12,ED
4203,3526,2025-03-03,ED
4204,3529,2026-03-09,ED
4205,3532,2026-01-18,ED
4206,3532,2025-12-13,ED
4207,3534,2026-04-30,ED
4208,3535,2025-08-26,ED
4209,3535,2025-05-06,inpatient
4210,3537,2025-10-22,inpatient
4211,3539,2025-01-24,ED
4212,3539,2025-12-15,ED
4213,3539,2026-03-03,ED
4214,3540,2025-08-22,inpatient
4215,3542,2025-04-17,ED
4216,3544,2025-08-25,ED
4217,3545,2026-02-11,inpatient
4218,3547,2026-05-29,ED
4219,3547,2025-04-17,ED
4220,3547,2026-04-15,ED
4221,3547,2025-06-02,ED
4222,3555,2026-01-22,inpatient
4223,3556,2025-04-21,ED
4224,3562,2025-09-13,ED
4225,3563,2026-02-09,ED
4226,3564,2025-09-22,ED
4227,3564,2025-08-08,ED
4228,3565,2026-02-15,ED
4229,3565,2026-05-14,ED
4230,3565,2025-07-29,inpatient
4231,3565,2025-05-18,ED
4232,3569,2025-12-14,inpatient
4233,3569,2026-03-05,ED
4234,3570,2025-01-13,ED
4235,3574,2025-06-14,ED
4236,3576,2025-11-26,ED
4237,3578,2025-05-27,ED
4238,3578,2026-02-22,ED
4239,3578,2025-01-10,ED
4240,3578,2025-10-23,ED
4241,3585,2025-08-18,ED
4242,3587,2025-08-26,ED
4243,3587,2026-01-16,inpatient
4244,3587,2025-03-23,inpatient
4245,3587,2025-02-07,ED
4246,3588,2025-08-27,ED
4247,3590,2025-04-27,ED
4248,3592,2026-02-23,ED
4249,3592,2026-03-05,inpatient
4250,3593,2026-03-02,inpatient
4251,3594,2025-03-09,ED
4252,3594,2025-12-08,ED
4253,3595,2025-10-22,ED
4254,3595,2025-05-13,ED
4255,3595,2025-09-10,ED
4256,3595,2025-06-09,ED
4257,3595,2025-11-19,ED
4258,3595,2025-05-25,ED
4259,3596,2025-06-22,ED
4260,3597,2026-05-23,ED
4261,3597,2026-02-10,inpatient
4262,3598,2026-05-07,inpatient
4263,3600,2025-12-25,ED
4264,3602,2025-08-02,ED
4265,3603,2026-04-08,inpatient
4266,3603,2026-04-14,inpatient
4267,3604,2025-01-17,ED
4268,3605,2025-10-24,ED
4269,3606,2026-03-05,inpatient
4270,3607,2025-08-18,ED
4271,3608,2026-03-22,ED
4272,3608,2025-11-05,ED
4273,3608,2025-12-04,ED
4274,3615,2025-04-09,ED
4275,3615,2025-09-23,inpatient
4276,3615,2026-06-26,ED
4277,3615,2025-09-06,inpatient
4278,3616,2025-08-21,ED
4279,3616,2025-08-05,ED
4280,3616,2025-07-23,ED
4281,3617,2025-10-23,ED
4282,3620,2025-05-18,ED
4283,3621,2026-05-15,ED
4284,3623,2025-04-12,ED
4285,3623,2025-07-10,ED
4286,3623,2025-12-07,inpatient
4287,3624,2025-04-18,inpatient
4288,3624,2025-09-13,ED
4289,3624,2025-03-14,ED
4290,3625,2025-10-01,ED
4291,3625,2026-04-25,ED
4292,3626,2025-05-13,ED
4293,3627,2025-01-21,ED
4294,3630,2025-03-23,ED
4295,3630,2026-06-09,ED
4296,3630,2025-04-25,ED
4297,3632,2025-09-17,inpatient
4298,3632,2025-03-07,ED
4299,3633,2025-03-12,ED
4300,3633,2026-03-03,ED
4301,3634,2025-03-22,ED
4302,3634,2025-01-19,ED
4303,3636,2025-12-05,ED
4304,3637,2025-03-17,ED
4305,3637,2025-09-16,ED
4306,3639,2025-08-16,inpatient
4307,3639,2025-09-23,ED
4308,3640,2026-06-14,ED
4309,3641,2025-08-01,ED
4310,3641,2026-02-16,ED
4311,3642,2026-05-05,inpatient
4312,3642,2025-06-21,ED
4313,3642,2026-03-16,ED
4314,3645,2025-08-28,ED
4315,3645,2026-03-07,ED
4316,3645,2025-06-20,ED
4317,3646,2026-03-29,inpatient
4318,3646,2025-07-23,ED
4319,3646,2026-05-02,ED
4320,3647,2025-01-11,ED
4321,3649,2025-02-11,ED
4322,3649,2025-06-19,ED
4323,3651,2025-10-22,ED
4324,3651,2025-10-03,inpatient
4325,3651,2026-01-26,ED
4326,3651,2026-04-10,ED
4327,3651,2025-03-08,ED
4328,3651,2026-05-11,ED
4329,3652,2025-11-17,ED
4330,3652,2025-06-10,ED
4331,3652,2025-05-15,ED
4332,3654,2026-03-22,ED
4333,3654,2025-04-22,ED
4334,3657,2026-01-12,ED
4335,3657,2025-08-12,inpatient
4336,3659,2025-09-01,ED
4337,3659,2025-06-18,ED
4338,3659,2026-06-04,ED
4339,3659,2025-11-13,ED
4340,3664,2025-02-15,ED
4341,3665,2025-02-24,inpatient
4342,3667,2025-01-20,inpatient
4343,3668,2025-11-05,ED
4344,3668,2026-01-13,ED
4345,3668,2026-04-20,ED
4346,3668,2025-06-05,ED
4347,3669,2025-01-13,inpatient
4348,3669,2026-06-23,ED
4349,3669,2025-10-12,ED
4350,3669,2025-05-10,inpatient
4351,3669,2025-10-01,ED
4352,3669,2025-12-06,ED
4353,3670,2025-02-12,ED
4354,3670,2025-06-25,ED
4355,3670,2026-06-12,ED
4356,3670,2025-01-21,ED
4357,3670,2026-05-15,inpatient
4358,3670,2025-10-08,ED
4359,3671,2025-01-11,ED
4360,3671,2025-12-03,ED
4361,3671,2026-05-11,ED
4362,3671,2025-02-21,ED
4363,3671,2026-03-19,inpatient
4364,3671,2026-01-21,ED
4365,3673,2025-04-28,inpatient
4366,3674,2026-06-20,ED
4367,3676,2026-05-14,ED
4368,3677,2025-08-28,inpatient
4369,3678,2025-11-24,ED
4370,3679,2025-07-12,inpatient
4371,3679,2026-05-01,ED
4372,3679,2025-07-24,ED
4373,3679,2025-11-20,ED
4374,3680,2026-02-17,ED
4375,3680,2026-04-14,ED
4376,3680,2025-03-12,ED
4377,3680,2025-11-23,ED
4378,3681,2025-02-06,ED
4379,3681,2026-01-13,ED
4380,3681,2026-04-16,ED
4381,3681,2025-07-03,ED
4382,3681,2026-01-16,ED
4383,3681,2026-05-04,ED
4384,3682,2025-10-02,ED
4385,3685,2025-08-17,ED
4386,3685,2026-06-15,ED
4387,3686,2025-02-22,ED
4388,3687,2026-01-29,ED
4389,3688,2025-08-29,ED
4390,3689,2025-05-17,ED
4391,3691,2026-01-13,ED
4392,3691,2026-01-05,ED
4393,3693,2025-07-08,ED
4394,3693,2025-05-19,ED
4395,3693,2025-02-07,ED
4396,3693,2026-01-03,ED
4397,3695,2026-06-28,ED
4398,3695,2025-07-31,ED
4399,3695,2025-03-23,ED
4400,3695,2025-06-02,ED
4401,3696,2025-02-08,ED
4402,3698,2025-12-06,ED
4403,3699,2025-05-28,ED
4404,3699,2025-12-25,ED
4405,3701,2025-08-04,ED
4406,3701,2025-10-25,ED
4407,3702,2026-03-29,ED
4408,3705,2025-02-19,ED
4409,3707,2025-02-10,ED
4410,3707,2025-08-06,inpatient
4411,3708,2025-01-12,inpatient
4412,3709,2025-04-30,ED
4413,3709,2025-10-23,ED
4414,3710,2025-10-02,ED
4415,3710,2025-03-29,ED
4416,3712,2026-01-05,inpatient
4417,3712,2026-04-03,ED
4418,3713,2026-01-16,inpatient
4419,3713,2026-01-18,inpatient
4420,3715,2025-09-24,inpatient
4421,3716,2025-05-23,ED
4422,3719,2025-09-09,ED
4423,3721,2025-01-28,ED
4424,3724,2025-03-05,ED
4425,3724,2026-01-03,ED
4426,3726,2026-01-05,ED
4427,3729,2025-11-29,ED
4428,3729,2025-01-17,ED
4429,3729,2026-03-04,ED
4430,3730,2025-05-24,ED
4431,3730,2025-06-27,inpatient
4432,3730,2026-01-07,ED
4433,3730,2025-09-10,ED
4434,3732,2026-04-02,ED
4435,3732,2025-03-30,ED
4436,3733,2025-01-23,inpatient
4437,3733,2025-03-29,ED
4438,3734,2025-01-05,ED
4439,3736,2025-06-13,ED
4440,3736,2025-11-09,ED
4441,3736,2026-05-21,ED
4442,3736,2025-09-23,ED
4443,3736,2026-03-17,ED
4444,3736,2025-12-10,ED
4445,3737,2026-02-04,ED
4446,3737,2025-11-16,inpatient
4447,3738,2025-03-24,inpatient
4448,3738,2025-08-14,inpatient
4449,3738,2025-06-19,ED
4450,3739,2026-01-27,inpatient
4451,3741,2026-05-15,ED
4452,3741,2025-09-26,ED
4453,3741,2026-03-14,ED
4454,3741,2025-02-20,ED
4455,3742,2025-02-25,ED
4456,3743,2025-03-23,ED
4457,3744,2025-12-28,ED
4458,3744,2026-04-16,ED
4459,3744,2025-03-03,inpatient
4460,3744,2026-06-28,inpatient
4461,3746,2026-01-15,ED
4462,3746,2025-12-16,ED
4463,3747,2026-01-06,ED
4464,3750,2025-06-08,ED
4465,3750,2025-06-24,ED
4466,3750,2026-01-17,ED
4467,3750,2025-06-04,ED
4468,3751,2025-12-06,ED
4469,3753,2025-06-24,ED
4470,3753,2026-06-30,inpatient
4471,3753,2025-02-24,ED
4472,3753,2026-03-03,ED
4473,3754,2026-02-23,ED
4474,3755,2026-04-03,ED
4475,3756,2025-08-05,inpatient
4476,3756,2025-07-09,ED
4477,3757,2026-02-14,ED
4478,3757,2025-06-24,inpatient
4479,3758,2026-03-20,ED
4480,3758,2026-06-25,ED
4481,3758,2026-02-26,ED
4482,3760,2026-01-22,ED
4483,3760,2025-07-17,inpatient
4484,3764,2025-06-22,ED
4485,3764,2025-10-06,ED
4486,3764,2025-07-02,inpatient
4487,3764,2025-04-03,inpatient
4488,3765,2025-06-08,ED
4489,3765,2025-03-26,inpatient
4490,3765,2026-01-20,ED
4491,3766,2025-03-09,ED
4492,3766,2025-07-06,inpatient
4493,3766,2025-06-10,ED
4494,3766,2025-07-09,ED
4495,3766,2026-03-21,ED
4496,3766,2025-01-23,ED
4497,3774,2025-10-09,inpatient
4498,3774,2025-10-30,inpatient
4499,3776,2025-11-16,inpatient
4500,3778,2025-01-05,ED
4501,3779,2025-04-27,ED
4502,3780,2026-05-07,inpatient
4503,3784,2025-02-01,ED
4504,3785,2025-02-14,ED
4505,3785,2026-03-10,ED
4506,3785,2025-11-01,ED
4507,3785,2026-06-28,ED
4508,3787,2025-10-02,ED
4509,3788,2025-03-19,ED
4510,3788,2025-05-13,ED
4511,3791,2025-09-15,ED
4512,3793,2025-01-14,ED
4513,3794,2025-02-11,ED
4514,3795,2025-05-31,ED
4515,3795,2026-02-21,inpatient
4516,3796,2025-08-16,ED
4517,3796,2025-07-05,ED
4518,3797,2026-06-18,inpatient
4519,3797,2025-10-29,ED
4520,3798,2026-05-25,ED
4521,3798,2025-07-23,ED
4522,3798,2025-09-29,inpatient
4523,3800,2025-05-30,ED
4524,3800,2025-05-17,ED
4525,3800,2025-10-10,ED
4526,3801,2025-05-24,ED
4527,3801,2025-07-21,ED
4528,3801,2025-06-05,ED
4529,3802,2025-07-31,ED
4530,3802,2025-07-04,ED
4531,3802,2025-04-16,inpatient
4532,3803,2025-12-01,ED
4533,3803,2025-02-08,ED
4534,3803,2025-08-07,inpatient
4535,3803,2026-06-09,ED
4536,3806,2026-06-04,ED
4537,3807,2025-04-26,ED
4538,3807,2025-01-31,ED
4539,3808,2025-01-09,ED
4540,3808,2026-02-05,ED
4541,3808,2025-10-31,inpatient
4542,3808,2025-07-24,inpatient
4543,3808,2025-01-24,ED
4544,3808,2025-08-27,inpatient
4545,3810,2025-12-12,inpatient
4546,3810,2025-08-30,inpatient
4547,3811,2025-09-03,ED
4548,3812,2025-09-21,ED
4549,3813,2025-11-19,inpatient
4550,3814,2025-09-07,inpatient
4551,3815,2025-06-23,ED
4552,3815,2025-09-11,inpatient
4553,3817,2025-01-20,ED
4554,3817,2026-06-23,ED
4555,3818,2025-09-07,ED
4556,3818,2026-06-14,ED
4557,3818,2025-06-14,ED
4558,3820,2025-06-30,ED
4559,3820,2025-01-05,inpatient
4560,3825,2026-02-21,ED
4561,3826,2026-01-21,ED
4562,3826,2025-06-24,ED
4563,3827,2026-01-01,ED
4564,3827,2025-04-23,ED
4565,3827,2025-02-24,ED
4566,3827,2025-04-16,ED
4567,3830,2025-08-20,ED
4568,3830,2026-05-24,ED
4569,3830,2025-11-25,ED
4570,3830,2026-01-01,ED
4571,3830,2025-12-11,ED
4572,3830,2025-10-07,ED
4573,3831,2025-06-30,inpatient
4574,3831,2026-03-05,ED
4575,3836,2025-06-24,ED
4576,3838,2025-10-01,ED
4577,3848,2026-03-06,ED
4578,3850,2025-02-05,ED
4579,3851,2025-02-05,ED
4580,3856,2025-05-27,ED
4581,3861,2025-10-25,ED
4582,3862,2025-11-20,inpatient
4583,3863,2026-01-01,ED
4584,3863,2025-05-17,ED
4585,3863,2026-01-15,ED
4586,3864,2026-01-28,ED
4587,3865,2026-03-15,ED
4588,3865,2026-03-23,ED
4589,3865,2026-05-22,ED
4590,3865,2025-05-05,ED
4591,3865,2025-02-18,ED
4592,3865,2026-04-23,ED
4593,3868,2026-03-30,ED
4594,3868,2025-11-01,ED
4595,3870,2025-07-13,inpatient
4596,3871,2026-04-01,inpatient
4597,3871,2025-04-04,ED
4598,3871,2026-01-02,ED
4599,3871,2025-07-03,ED
4600,3871,2025-08-21,inpatient
4601,3871,2026-02-12,ED
4602,3872,2025-03-25,ED
4603,3872,2025-07-25,inpatient
4604,3872,2026-04-24,ED
4605,3873,2026-04-10,ED
4606,3873,2026-05-05,ED
4607,3876,2025-12-01,ED
4608,3876,2026-01-24,ED
4609,3876,2025-01-24,ED
4610,3877,2026-06-21,ED
4611,3877,2025-09-15,ED
4612,3877,2026-04-23,inpatient
4613,3877,2025-12-11,ED
4614,3877,2025-02-23,ED
4615,3877,2025-09-24,inpatient
4616,3884,2025-07-05,ED
4617,3884,2025-11-28,ED
4618,3885,2026-04-13,ED
4619,3886,2025-01-07,ED
4620,3886,2025-09-30,ED
4621,3889,2025-08-18,ED
4622,3889,2025-01-13,ED
4623,3890,2026-02-24,ED
4624,3890,2026-01-09,ED
4625,3890,2025-02-14,ED
4626,3891,2026-04-02,ED
4627,3892,2025-05-16,ED
4628,3892,2025-06-30,ED
4629,3892,2025-08-31,ED
4630,3894,2026-01-02,ED
4631,3894,2025-06-05,ED
4632,3894,2025-12-22,ED
4633,3895,2025-03-04,ED
4634,3895,2025-10-18,ED
4635,3896,2026-03-26,ED
4636,3897,2025-04-09,ED
4637,3897,2026-03-09,ED
4638,3897,2025-10-12,ED
4639,3898,2025-05-02,ED
4640,3899,2025-04-16,ED
4641,3899,2026-03-19,ED
4642,3899,2025-01-13,ED
4643,3899,2025-07-28,ED
4644,3900,2025-12-18,ED
4645,3901,2025-01-02,ED
4646,3901,2026-04-28,ED
4647,3902,2026-04-03,ED
4648,3902,2025-01-26,ED
4649,3902,2025-09-29,ED
4650,3902,2026-01-11,ED
4651,3904,2026-04-15,ED
4652,3904,2025-10-15,ED
4653,3907,2025-03-29,inpatient
4654,3908,2025-09-09,ED
4655,3910,2025-09-04,ED
4656,3910,2026-06-23,ED
4657,3910,2025-02-26,ED
4658,3910,2026-05-19,inpatient
4659,3913,2025-04-20,inpatient
4660,3913,2025-06-28,ED
4661,3913,2025-01-19,ED
4662,3913,2025-06-15,inpatient
4663,3913,2026-03-10,ED
4664,3913,2026-03-26,ED
4665,3914,2026-06-10,ED
4666,3915,2025-09-21,ED
4667,3915,2025-01-31,ED
4668,3916,2025-10-29,ED
4669,3916,2026-04-13,ED
4670,3916,2025-02-01,inpatient
4671,3917,2025-05-27,ED
4672,3917,2025-07-19,ED
4673,3919,2025-06-02,ED
4674,3919,2025-11-18,ED
4675,3920,2026-06-21,ED
4676,3922,2025-04-15,ED
4677,3922,2025-04-29,ED
4678,3922,2025-03-06,ED
4679,3922,2025-11-01,ED
4680,3924,2025-10-23,inpatient
4681,3929,2025-08-01,ED
4682,3929,2025-07-24,inpatient
4683,3930,2025-03-10,ED
4684,3933,2026-01-12,ED
4685,3934,2025-11-27,inpatient
4686,3935,2026-04-15,ED
4687,3935,2025-01-02,ED
4688,3936,2025-08-25,ED
4689,3937,2026-06-07,inpatient
4690,3937,2026-05-12,ED
4691,3937,2025-01-18,inpatient
4692,3937,2025-07-09,ED
4693,3938,2026-02-06,ED
4694,3939,2025-09-23,ED
4695,3940,2025-11-07,ED
4696,3940,2025-03-27,ED
4697,3941,2025-07-09,ED
4698,3941,2025-05-03,ED
4699,3942,2026-06-05,ED
4700,3945,2025-01-16,ED
4701,3950,2025-02-10,ED
4702,3950,2025-04-15,ED
4703,3950,2025-01-31,ED
4704,3950,2025-08-27,ED
4705,3952,2025-09-11,ED
4706,3952,2025-08-06,ED
4707,3955,2025-03-09,inpatient
4708,3956,2026-04-18,ED
4709,3956,2026-05-13,ED
4710,3956,2025-09-24,ED
4711,3956,2026-01-17,ED
4712,3957,2026-05-31,ED
4713,3957,2025-02-14,ED
4714,3957,2025-09-16,inpatient
4715,3958,2025-10-19,ED
4716,3959,2026-04-28,ED
4717,3959,2025-06-02,ED
4718,3960,2026-06-07,ED
4719,3962,2025-04-17,ED
4720,3965,2025-09-03,ED
4721,3965,2025-08-10,ED
4722,3967,2025-08-12,ED
4723,3967,2026-01-29,inpatient
4724,3967,2026-06-11,ED
4725,3969,2025-06-27,ED
4726,3972,2025-07-16,ED
4727,3972,2025-10-17,ED
4728,3972,2025-12-02,ED
4729,3973,2025-06-03,ED
4730,3975,2025-03-14,inpatient
4731,3975,2025-09-21,ED
4732,3975,2025-11-12,ED
4733,3975,2026-02-04,ED
4734,3977,2025-12-10,ED
4735,3978,2026-05-16,ED
4736,3978,2026-03-17,ED
4737,3978,2026-06-24,ED
4738,3978,2026-04-29,ED
4739,3980,2026-03-19,inpatient
4740,3984,2025-02-22,ED
4741,3984,2026-01-14,ED
4742,3984,2025-11-07,ED
4743,3984,2025-11-02,ED
4744,3985,2025-04-23,inpatient
4745,3986,2025-03-25,ED
4746,3986,2025-01-24,ED
4747,3986,2025-09-08,ED
4748,3987,2025-03-29,ED
4749,3987,2025-04-13,ED
4750,3988,2026-05-18,ED
4751,3988,2025-06-02,ED
4752,3989,2025-03-02,ED
4753,3990,2025-02-13,ED
4754,3991,2026-01-16,inpatient
4755,3992,2025-11-28,ED
4756,3993,2025-03-29,ED
4757,3993,2025-06-28,ED
4758,3993,2025-06-02,ED
4759,3993,2026-04-19,ED
4760,3994,2026-03-16,ED
4761,3994,2025-08-21,inpatient
4762,3995,2025-09-25,ED
4763,3995,2026-06-22,ED
4764,3995,2026-02-24,ED
4765,3996,2026-02-10,ED
4766,3996,2025-02-23,ED
4767,4000,2025-01-14,inpatient
4768,4000,2026-05-26,ED
4769,4000,2026-02-20,ED
4770,4000,2025-04-09,ED
4771,4000,2025-09-19,ED
4772,4000,2026-04-21,ED
