referral_id,screening_id,member_id,cbo_id,need_domain,referral_date,status,closed_date,days_to_close,eligible_60d
1,2,2,2,Housing,2025-08-09,closed_met,2025-08-31,22,1
2,3,2,3,Transportation,2026-05-18,closed_met,2026-05-25,7,0
3,8,6,12,Housing,2025-01-26,open,,,1
4,9,6,12,Housing,2025-06-06,closed_met,2025-07-12,36,1
5,9,6,4,Food,2025-06-07,closed_met,2025-06-20,13,1
6,9,6,6,Utilities,2025-06-12,closed_met,2025-07-10,28,1
7,10,7,5,Housing,2026-01-26,closed_met,2026-03-14,47,1
8,12,8,8,Transportation,2026-01-05,closed_met,2026-01-11,6,1
9,14,11,2,Housing,2026-04-29,closed_met,2026-06-11,43,1
10,14,11,11,Safety,2026-05-04,closed_met,2026-05-18,14,0
11,15,11,3,Transportation,2025-10-30,closed_met,2025-11-04,5,1
12,16,12,12,Housing,2026-05-25,open,,,0
13,17,13,5,Housing,2026-02-22,closed_met,2026-04-19,56,1
14,18,13,10,Utilities,2026-04-23,closed_met,2026-05-15,22,1
15,20,16,4,Food,2025-04-13,closed_met,2025-04-14,1,1
16,21,17,9,Safety,2025-12-03,closed_met,2025-12-21,18,1
17,22,17,7,Food,2025-02-07,closed_met,2025-02-22,15,1
18,22,17,6,Utilities,2025-02-09,closed_met,2025-03-08,27,1
19,24,20,10,Utilities,2026-06-22,open,,,0
20,27,23,2,Housing,2026-06-27,open,,,0
21,28,24,11,Safety,2025-06-08,closed_met,2025-07-08,30,1
22,29,25,5,Housing,2025-11-22,open,,,1
23,30,27,1,Food,2026-03-06,closed_met,2026-03-21,15,1
24,30,27,10,Utilities,2026-03-07,closed_met,2026-03-17,10,1
25,32,29,5,Housing,2025-06-07,closed_unmet,2025-07-14,,1
26,33,30,8,Transportation,2026-05-20,closed_unmet,2026-06-26,,0
27,34,30,5,Housing,2026-03-11,closed_unmet,2026-04-06,,1
28,36,32,10,Utilities,2026-01-26,closed_met,2026-02-01,6,1
29,37,32,3,Transportation,2026-03-11,closed_met,2026-03-14,3,1
30,39,35,3,Transportation,2025-12-20,closed_met,2025-12-23,3,1
31,41,36,7,Food,2025-08-28,closed_met,2025-09-10,13,1
32,41,36,10,Utilities,2025-08-24,closed_met,2025-09-18,25,1
33,43,39,5,Housing,2025-04-07,open,,,1
34,46,40,4,Food,2026-03-30,closed_met,2026-04-12,13,1
35,46,40,8,Transportation,2026-04-01,closed_met,2026-04-10,9,1
36,47,41,1,Food,2026-01-13,closed_met,2026-01-28,15,1
37,48,42,2,Housing,2025-05-17,closed_met,2025-05-20,3,1
38,49,46,10,Utilities,2025-02-26,closed_met,2025-03-13,15,1
39,51,47,2,Housing,2026-02-11,open,,,1
40,52,47,3,Transportation,2025-11-24,closed_met,2025-11-29,5,1
41,55,48,12,Housing,2026-01-04,closed_met,2026-02-07,34,1
42,55,48,3,Transportation,2026-01-03,closed_met,2026-01-09,6,1
43,55,48,6,Utilities,2025-12-30,open,,,1
44,57,50,3,Transportation,2025-07-11,closed_met,2025-07-17,6,1
45,58,52,3,Transportation,2025-05-07,closed_met,2025-05-10,3,1
46,60,54,1,Food,2025-09-16,closed_unmet,2025-11-07,,1
47,64,61,10,Utilities,2025-07-03,closed_unmet,2025-08-09,,1
48,69,70,8,Transportation,2026-02-28,closed_unmet,2026-04-07,,1
49,70,71,1,Food,2025-03-19,closed_met,2025-03-27,8,1
50,71,72,7,Food,2025-09-25,closed_met,2025-10-04,9,1
51,72,72,12,Housing,2025-04-24,closed_met,2025-06-17,54,1
52,72,72,7,Food,2025-04-28,open,,,1
53,72,72,10,Utilities,2025-04-22,closed_met,2025-05-14,22,1
54,73,74,1,Food,2025-06-30,closed_met,2025-07-06,6,1
55,74,74,4,Food,2025-01-26,closed_met,2025-02-12,17,1
56,74,74,3,Transportation,2025-01-30,closed_met,2025-02-04,5,1
57,75,74,2,Housing,2025-02-15,closed_met,2025-03-09,22,1
58,75,74,7,Food,2025-02-13,closed_met,2025-02-19,6,1
59,80,78,2,Housing,2026-02-17,open,,,1
60,81,80,2,Housing,2026-02-08,closed_met,2026-02-17,9,1
61,85,86,1,Food,2025-02-26,closed_met,2025-03-03,5,1
62,86,87,4,Food,2025-06-30,closed_met,2025-07-19,19,1
63,92,93,7,Food,2026-01-09,closed_met,2026-01-21,12,1
64,93,94,3,Transportation,2026-04-17,closed_met,2026-04-21,4,1
65,96,102,3,Transportation,2025-04-25,closed_met,2025-05-03,8,1
66,98,104,2,Housing,2025-03-28,closed_met,2025-04-17,20,1
67,98,104,3,Transportation,2025-03-31,closed_met,2025-04-09,9,1
68,101,106,2,Housing,2025-08-28,closed_met,2025-09-29,32,1
69,107,112,12,Housing,2026-04-10,closed_met,2026-06-18,69,1
70,108,112,2,Housing,2025-06-29,closed_met,2025-08-04,36,1
71,108,112,8,Transportation,2025-06-27,closed_met,2025-07-03,6,1
72,108,112,6,Utilities,2025-06-29,open,,,1
74,114,118,3,Transportation,2025-09-17,closed_met,2025-09-18,1,1
75,115,120,1,Food,2025-07-19,closed_met,2025-07-23,4,1
76,115,120,3,Transportation,2025-07-23,closed_met,2025-07-26,3,1
77,116,121,3,Transportation,2025-07-13,closed_met,2025-07-25,12,1
78,117,122,1,Food,2025-01-18,closed_unmet,2025-02-06,,1
79,117,122,10,Utilities,2025-01-16,closed_met,2025-01-26,10,1
80,120,123,2,Housing,2026-02-15,open,,,1
81,121,124,1,Food,2025-03-13,closed_met,2025-03-23,10,1
82,121,124,3,Transportation,2025-03-15,closed_met,2025-03-21,6,1
83,122,125,7,Food,2025-08-04,closed_met,2025-08-09,5,1
84,123,126,1,Food,2025-06-09,closed_met,2025-06-17,8,1
85,124,127,2,Housing,2025-02-09,closed_met,2025-03-01,20,1
86,124,127,3,Transportation,2025-02-08,closed_met,2025-02-12,4,1
87,125,128,5,Housing,2025-12-10,closed_met,2026-01-07,28,1
88,128,130,8,Transportation,2025-08-14,closed_unmet,2025-09-24,,1
89,129,131,8,Transportation,2025-09-17,closed_met,2025-09-27,10,1
90,129,131,6,Utilities,2025-09-15,closed_unmet,2025-10-18,,1
91,130,132,7,Food,2025-01-28,open,,,1
92,130,132,8,Transportation,2025-01-24,closed_met,2025-02-04,11,1
93,130,132,6,Utilities,2025-01-26,open,,,1
94,131,133,5,Housing,2025-10-04,closed_met,2025-11-07,34,1
95,133,135,8,Transportation,2025-07-18,closed_met,2025-07-24,6,1
96,134,137,8,Transportation,2026-01-17,closed_met,2026-01-22,5,1
97,135,138,5,Housing,2025-10-28,closed_met,2025-12-04,37,1
99,140,139,8,Transportation,2026-02-10,open,,,1
101,142,142,3,Transportation,2025-04-09,closed_met,2025-04-14,5,1
102,145,144,6,Utilities,2025-01-31,closed_met,2025-02-24,24,1
103,146,145,12,Housing,2026-04-27,closed_unmet,2026-06-19,,1
104,146,145,7,Food,2026-04-26,closed_met,2026-05-01,5,1
105,147,146,1,Food,2025-02-22,closed_met,2025-03-04,10,1
106,148,146,1,Food,2025-06-10,closed_met,2025-06-16,6,1
107,149,148,12,Housing,2025-05-02,closed_met,2025-07-02,61,1
108,149,148,7,Food,2025-05-04,closed_met,2025-05-16,12,1
109,151,149,5,Housing,2025-05-07,closed_met,2025-06-06,30,1
110,151,149,4,Food,2025-05-08,closed_met,2025-05-16,8,1
111,152,150,5,Housing,2026-02-11,closed_met,2026-03-08,25,1
112,153,152,12,Housing,2026-05-12,open,,,0
113,153,152,7,Food,2026-05-06,closed_met,2026-05-20,14,0
114,154,154,8,Transportation,2025-09-29,closed_met,2025-10-15,16,1
115,156,156,7,Food,2025-09-11,closed_met,2025-09-21,10,1
116,156,156,11,Safety,2025-09-07,closed_unmet,2025-10-25,,1
117,158,158,1,Food,2025-05-23,closed_unmet,2025-07-10,,1
118,162,162,5,Housing,2025-09-13,closed_unmet,2025-10-29,,1
119,165,164,8,Transportation,2026-03-20,open,,,1
120,166,165,5,Housing,2025-10-12,closed_met,2025-11-18,37,1
121,166,165,10,Utilities,2025-10-15,closed_met,2025-11-01,17,1
122,167,165,10,Utilities,2025-10-02,closed_met,2025-10-26,24,1
123,168,166,7,Food,2025-10-05,closed_met,2025-10-27,22,1
124,168,166,8,Transportation,2025-10-07,closed_met,2025-10-17,10,1
125,173,172,4,Food,2026-04-09,closed_met,2026-04-17,8,1
126,176,174,2,Housing,2026-04-10,open,,,1
127,176,174,1,Food,2026-04-11,closed_met,2026-04-22,11,1
128,177,177,1,Food,2025-07-24,closed_met,2025-08-01,8,1
129,178,177,1,Food,2025-07-14,closed_met,2025-07-20,6,1
130,180,179,2,Housing,2025-09-17,open,,,1
131,180,179,3,Transportation,2025-09-16,closed_met,2025-09-20,4,1
132,182,181,5,Housing,2025-07-31,closed_met,2025-08-17,17,1
133,182,181,6,Utilities,2025-08-01,closed_met,2025-08-16,15,1
134,184,188,4,Food,2025-02-27,closed_unmet,2025-03-13,,1
135,184,188,10,Utilities,2025-02-28,closed_met,2025-03-13,13,1
136,185,189,12,Housing,2026-05-06,closed_met,2026-06-19,44,0
137,185,189,11,Safety,2026-05-08,closed_unmet,2026-06-16,,0
138,186,189,4,Food,2025-12-28,closed_met,2026-01-13,16,1
139,186,189,3,Transportation,2025-12-23,closed_unmet,2026-01-26,,1
140,187,190,2,Housing,2025-10-01,open,,,1
141,188,190,1,Food,2025-07-19,open,,,1
142,189,191,7,Food,2026-05-16,open,,,0
143,190,192,1,Food,2026-04-30,closed_met,2026-05-06,6,1
144,197,196,3,Transportation,2026-05-21,closed_met,2026-05-23,2,0
145,198,197,7,Food,2025-03-31,closed_met,2025-04-19,19,1
146,202,204,2,Housing,2026-06-14,open,,,0
147,202,204,10,Utilities,2026-06-15,open,,,0
148,203,204,1,Food,2025-11-14,closed_met,2025-11-24,10,1
149,203,204,11,Safety,2025-11-18,closed_met,2025-12-08,20,1
150,210,209,1,Food,2026-01-21,closed_met,2026-01-24,3,1
151,212,210,3,Transportation,2025-10-28,closed_unmet,2025-12-15,,1
152,214,212,3,Transportation,2026-02-09,closed_met,2026-02-14,5,1
153,217,215,2,Housing,2026-03-21,closed_met,2026-05-18,58,1
154,217,215,10,Utilities,2026-03-17,closed_met,2026-03-25,8,1
155,218,216,5,Housing,2025-03-13,closed_met,2025-04-26,44,1
156,218,216,7,Food,2025-03-16,closed_unmet,2025-05-14,,1
157,218,216,3,Transportation,2025-03-15,closed_met,2025-03-20,5,1
158,219,216,3,Transportation,2025-04-05,closed_met,2025-04-11,6,1
159,220,216,5,Housing,2025-12-23,open,,,1
160,221,217,7,Food,2026-02-23,closed_met,2026-03-09,14,1
161,222,218,2,Housing,2025-02-17,open,,,1
162,223,219,1,Food,2026-06-24,open,,,0
163,223,219,3,Transportation,2026-06-20,closed_met,2026-06-23,3,0
164,224,219,1,Food,2025-04-20,open,,,1
165,224,219,10,Utilities,2025-04-22,closed_met,2025-05-06,14,1
166,226,223,8,Transportation,2025-08-10,closed_met,2025-08-20,10,1
167,227,224,3,Transportation,2025-02-11,closed_unmet,2025-02-23,,1
169,230,226,1,Food,2025-07-15,open,,,1
170,231,227,3,Transportation,2025-10-06,closed_met,2025-10-09,3,1
171,232,230,7,Food,2025-05-04,open,,,1
172,234,231,2,Housing,2026-04-06,closed_unmet,2026-05-26,,1
173,236,233,5,Housing,2026-04-21,closed_met,2026-05-28,37,1
174,238,234,1,Food,2026-05-05,open,,,0
175,239,235,2,Housing,2025-05-29,closed_met,2025-07-22,54,1
176,241,237,3,Transportation,2025-07-07,closed_met,2025-07-14,7,1
177,244,241,7,Food,2025-01-22,closed_met,2025-02-13,22,1
178,245,242,11,Safety,2026-04-02,closed_met,2026-04-16,14,1
179,246,242,3,Transportation,2025-12-19,closed_met,2025-12-25,6,1
180,248,243,5,Housing,2025-10-17,closed_met,2025-11-11,25,1
181,249,245,5,Housing,2025-07-03,closed_unmet,2025-08-28,,1
182,249,245,4,Food,2025-07-09,closed_met,2025-07-17,8,1
183,249,245,3,Transportation,2025-07-09,closed_unmet,2025-08-18,,1
184,250,246,10,Utilities,2025-02-05,closed_met,2025-02-19,14,1
185,256,249,12,Housing,2026-06-16,open,,,0
186,257,250,6,Utilities,2025-09-28,closed_met,2025-10-11,13,1
187,260,253,2,Housing,2025-03-31,closed_unmet,2025-05-18,,1
188,260,253,1,Food,2025-03-27,closed_met,2025-04-01,5,1
189,260,253,10,Utilities,2025-03-31,closed_met,2025-04-05,5,1
190,261,253,2,Housing,2025-06-14,closed_met,2025-07-19,35,1
191,262,255,7,Food,2026-06-06,closed_met,2026-06-13,7,0
192,262,255,6,Utilities,2026-06-08,closed_met,2026-06-23,15,0
193,264,256,3,Transportation,2026-01-24,closed_met,2026-01-30,6,1
194,267,264,1,Food,2025-07-17,closed_met,2025-07-21,4,1
195,268,266,8,Transportation,2025-09-12,closed_met,2025-09-19,7,1
196,274,276,2,Housing,2025-12-30,closed_met,2026-01-19,20,1
197,275,276,8,Transportation,2025-05-10,closed_met,2025-05-17,7,1
198,281,282,1,Food,2025-05-19,closed_met,2025-05-24,5,1
199,283,283,4,Food,2025-03-18,closed_met,2025-03-28,10,1
200,283,283,6,Utilities,2025-03-23,closed_met,2025-04-22,30,1
201,284,284,3,Transportation,2026-03-15,closed_unmet,2026-03-28,,1
202,286,285,8,Transportation,2025-03-20,closed_met,2025-03-30,10,1
203,288,287,3,Transportation,2025-05-02,closed_met,2025-05-11,9,1
204,289,287,5,Housing,2026-06-29,open,,,0
205,289,287,1,Food,2026-06-30,open,,,0
206,289,287,3,Transportation,2026-07-02,open,,,0
207,294,291,7,Food,2025-08-17,open,,,1
208,295,291,2,Housing,2026-05-02,closed_unmet,2026-06-27,,0
209,298,296,8,Transportation,2025-01-31,open,,,1
210,301,299,1,Food,2025-10-07,closed_met,2025-10-12,5,1
211,303,302,1,Food,2026-02-04,closed_met,2026-02-10,6,1
212,304,302,6,Utilities,2025-11-02,closed_met,2025-11-16,14,1
213,305,302,12,Housing,2025-05-31,closed_met,2025-07-07,37,1
214,308,304,10,Utilities,2025-01-25,open,,,1
215,309,305,2,Housing,2025-06-30,closed_met,2025-07-19,19,1
216,310,305,5,Housing,2025-06-21,closed_met,2025-07-16,25,1
217,310,305,1,Food,2025-06-22,closed_met,2025-07-02,10,1
218,311,306,3,Transportation,2025-06-22,closed_met,2025-06-28,6,1
219,314,308,8,Transportation,2025-09-26,closed_unmet,2025-10-20,,1
220,315,310,6,Utilities,2026-06-15,open,,,0
221,317,311,1,Food,2025-01-18,closed_met,2025-01-30,12,1
222,318,311,2,Housing,2026-01-14,closed_unmet,2026-02-04,,1
223,320,314,6,Utilities,2025-10-28,open,,,1
224,321,315,1,Food,2025-09-19,closed_met,2025-09-29,10,1
225,321,315,3,Transportation,2025-09-20,closed_met,2025-09-29,9,1
226,322,315,1,Food,2025-04-04,closed_unmet,2025-05-12,,1
227,325,317,7,Food,2026-05-26,closed_unmet,2026-06-28,,0
228,327,320,2,Housing,2025-05-11,closed_unmet,2025-06-02,,1
229,327,320,3,Transportation,2025-05-09,closed_met,2025-05-15,6,1
230,329,322,4,Food,2025-04-17,open,,,1
231,329,322,3,Transportation,2025-04-20,closed_met,2025-04-27,7,1
232,330,322,10,Utilities,2025-08-18,closed_met,2025-09-01,14,1
233,332,325,6,Utilities,2025-05-03,closed_met,2025-05-24,21,1
234,334,326,2,Housing,2025-07-28,open,,,1
235,335,327,1,Food,2025-01-17,closed_met,2025-01-23,6,1
236,336,328,1,Food,2026-06-28,open,,,0
237,337,329,5,Housing,2026-02-22,open,,,1
238,337,329,4,Food,2026-02-20,closed_met,2026-03-08,16,1
239,338,329,4,Food,2025-11-07,closed_met,2025-11-25,18,1
240,339,330,1,Food,2025-10-22,closed_met,2025-10-29,7,1
241,340,330,1,Food,2025-11-17,closed_met,2025-11-24,7,1
242,341,331,2,Housing,2026-06-22,open,,,0
243,344,334,3,Transportation,2025-07-03,closed_met,2025-07-10,7,1
244,344,334,6,Utilities,2025-06-27,closed_met,2025-07-18,21,1
245,345,334,8,Transportation,2025-09-11,closed_met,2025-09-21,10,1
246,352,343,4,Food,2025-11-14,closed_met,2025-11-28,14,1
247,353,345,8,Transportation,2026-05-30,closed_met,2026-06-09,10,0
248,354,345,2,Housing,2025-03-16,open,,,1
249,356,347,8,Transportation,2026-02-15,open,,,1
250,356,347,9,Safety,2026-02-15,closed_met,2026-03-13,26,1
251,358,349,1,Food,2025-02-14,closed_met,2025-02-20,6,1
252,359,351,2,Housing,2025-04-06,closed_met,2025-04-20,14,1
253,359,351,1,Food,2025-04-06,closed_met,2025-04-15,9,1
254,360,352,1,Food,2026-03-07,closed_met,2026-03-17,10,1
255,361,353,3,Transportation,2026-04-20,closed_met,2026-04-27,7,1
256,363,355,12,Housing,2025-08-14,closed_unmet,2025-09-02,,1
257,364,357,2,Housing,2025-10-20,closed_met,2025-11-21,32,1
258,368,363,10,Utilities,2025-09-27,closed_met,2025-10-16,19,1
259,369,363,1,Food,2025-08-28,closed_met,2025-09-08,11,1
260,369,363,3,Transportation,2025-08-27,closed_met,2025-09-03,7,1
261,373,366,3,Transportation,2025-09-16,closed_met,2025-09-22,6,1
262,374,367,7,Food,2026-03-03,closed_met,2026-03-14,11,1
263,375,367,11,Safety,2025-04-10,closed_met,2025-05-07,27,1
264,377,369,3,Transportation,2026-02-18,closed_met,2026-02-24,6,1
265,378,370,2,Housing,2025-08-04,open,,,1
266,381,375,2,Housing,2026-04-30,open,,,1
267,381,375,1,Food,2026-04-28,closed_met,2026-05-07,9,1
268,381,375,3,Transportation,2026-04-24,closed_met,2026-05-08,14,1
269,386,383,5,Housing,2025-01-16,closed_met,2025-02-20,35,1
270,386,383,8,Transportation,2025-01-19,closed_met,2025-01-24,5,1
271,392,391,1,Food,2025-06-29,closed_met,2025-07-06,7,1
272,394,392,5,Housing,2026-06-03,open,,,0
273,395,393,10,Utilities,2025-09-25,closed_met,2025-10-18,23,1
274,396,393,3,Transportation,2025-08-22,closed_unmet,2025-10-15,,1
275,398,397,1,Food,2025-04-15,closed_met,2025-04-20,5,1
276,399,398,11,Safety,2025-08-19,closed_met,2025-09-19,31,1
277,400,398,4,Food,2026-04-05,closed_unmet,2026-05-31,,1
278,400,398,3,Transportation,2026-04-07,closed_met,2026-04-12,5,1
279,401,399,3,Transportation,2025-08-10,closed_met,2025-08-16,6,1
280,403,400,4,Food,2025-07-22,closed_met,2025-08-01,10,1
281,405,401,1,Food,2025-06-03,closed_met,2025-06-11,8,1
282,407,403,1,Food,2025-12-02,closed_unmet,2026-01-30,,1
283,408,404,1,Food,2026-01-27,closed_met,2026-02-08,12,1
284,408,404,3,Transportation,2026-01-26,closed_met,2026-01-31,5,1
285,409,405,5,Housing,2025-02-22,open,,,1
286,413,409,8,Transportation,2026-01-30,closed_met,2026-02-12,13,1
287,414,409,7,Food,2025-08-24,open,,,1
288,415,411,7,Food,2026-05-01,closed_met,2026-05-24,23,1
289,415,411,11,Safety,2026-05-01,closed_met,2026-05-12,11,1
290,416,411,2,Housing,2025-01-17,closed_unmet,2025-02-18,,1
291,417,412,1,Food,2025-01-14,closed_met,2025-01-24,10,1
292,417,412,3,Transportation,2025-01-15,closed_met,2025-01-21,6,1
293,419,413,4,Food,2025-06-26,closed_met,2025-07-06,10,1
294,421,417,2,Housing,2025-07-21,closed_met,2025-09-17,58,1
295,423,422,4,Food,2025-03-04,closed_met,2025-03-27,23,1
296,425,428,10,Utilities,2026-02-15,open,,,1
297,426,428,1,Food,2025-09-28,closed_met,2025-10-06,8,1
298,428,432,4,Food,2026-07-01,open,,,0
299,431,436,2,Housing,2026-06-01,closed_unmet,2026-06-24,,0
300,431,436,3,Transportation,2026-05-27,closed_met,2026-06-04,8,0
301,432,437,5,Housing,2025-01-08,closed_met,2025-02-10,33,1
302,434,440,7,Food,2025-02-21,open,,,1
303,435,441,1,Food,2025-04-13,open,,,1
304,435,441,10,Utilities,2025-04-17,closed_met,2025-05-03,16,1
305,436,441,1,Food,2025-01-26,closed_met,2025-01-30,4,1
306,437,442,1,Food,2025-08-19,closed_met,2025-09-02,14,1
307,439,443,2,Housing,2026-02-22,closed_met,2026-03-19,25,1
308,440,445,2,Housing,2026-03-16,closed_met,2026-04-01,16,1
309,441,447,10,Utilities,2026-06-20,open,,,0
310,442,447,6,Utilities,2026-04-21,closed_met,2026-04-28,7,1
311,446,451,1,Food,2026-03-27,closed_met,2026-04-01,5,1
312,449,454,2,Housing,2025-01-07,closed_met,2025-02-15,39,1
313,450,456,12,Housing,2026-01-20,open,,,1
314,450,456,4,Food,2026-01-24,closed_met,2026-02-03,10,1
315,451,456,6,Utilities,2025-03-31,closed_met,2025-04-05,5,1
316,452,457,7,Food,2025-01-09,closed_met,2025-01-25,16,1
317,455,463,5,Housing,2025-03-27,closed_unmet,2025-04-10,,1
318,455,463,10,Utilities,2025-03-27,open,,,1
319,456,466,10,Utilities,2025-09-08,closed_met,2025-09-09,1,1
320,457,470,1,Food,2025-07-05,closed_met,2025-07-10,5,1
321,459,472,3,Transportation,2025-08-04,closed_met,2025-08-09,5,1
322,459,472,10,Utilities,2025-07-30,open,,,1
323,460,474,2,Housing,2026-02-07,open,,,1
324,460,474,3,Transportation,2026-02-05,closed_met,2026-02-07,2,1
325,461,475,7,Food,2025-10-08,closed_unmet,2025-11-23,,1
326,461,475,3,Transportation,2025-10-02,closed_met,2025-10-04,2,1
327,463,477,7,Food,2025-12-16,closed_met,2026-01-04,19,1
328,465,482,12,Housing,2025-05-02,closed_met,2025-06-05,34,1
329,467,484,1,Food,2025-02-19,closed_met,2025-03-04,13,1
330,468,486,3,Transportation,2026-02-06,closed_unmet,2026-03-01,,1
331,469,487,11,Safety,2025-10-29,closed_unmet,2025-11-18,,1
332,470,488,8,Transportation,2025-06-15,closed_met,2025-06-22,7,1
333,471,489,5,Housing,2025-06-09,closed_unmet,2025-07-11,,1
334,471,489,4,Food,2025-06-07,closed_met,2025-06-18,11,1
335,471,489,6,Utilities,2025-06-03,closed_met,2025-06-08,5,1
336,471,489,9,Safety,2025-06-05,open,,,1
337,473,490,5,Housing,2025-07-13,closed_unmet,2025-08-03,,1
338,475,492,2,Housing,2026-04-06,open,,,1
339,476,493,2,Housing,2025-06-29,closed_met,2025-08-10,42,1
340,476,493,10,Utilities,2025-06-29,closed_met,2025-07-09,10,1
341,480,497,3,Transportation,2025-02-28,closed_met,2025-03-05,5,1
342,481,497,8,Transportation,2025-05-14,open,,,1
343,482,499,1,Food,2026-06-27,open,,,0
344,483,499,1,Food,2025-08-03,closed_unmet,2025-08-21,,1
345,483,499,10,Utilities,2025-08-02,closed_met,2025-08-18,16,1
346,485,500,8,Transportation,2025-03-04,closed_met,2025-03-15,11,1
347,487,503,3,Transportation,2026-07-01,open,,,0
348,488,503,1,Food,2025-03-31,closed_met,2025-04-12,12,1
349,489,503,10,Utilities,2025-02-13,closed_met,2025-02-27,14,1
350,490,506,7,Food,2026-03-20,closed_met,2026-03-29,9,1
351,491,507,3,Transportation,2025-05-23,closed_met,2025-05-30,7,1
352,493,510,8,Transportation,2025-04-13,closed_met,2025-04-16,3,1
353,495,512,1,Food,2025-09-05,closed_met,2025-09-11,6,1
354,499,517,5,Housing,2026-03-22,closed_met,2026-04-28,37,1
355,499,517,8,Transportation,2026-03-19,closed_unmet,2026-05-06,,1
356,501,518,8,Transportation,2025-01-14,open,,,1
357,503,519,2,Housing,2025-11-13,closed_met,2025-11-30,17,1
358,504,520,3,Transportation,2026-06-30,open,,,0
359,504,520,10,Utilities,2026-07-01,open,,,0
360,505,522,2,Housing,2026-06-01,open,,,0
361,509,525,4,Food,2025-07-06,closed_met,2025-07-23,17,1
362,510,526,3,Transportation,2026-02-16,closed_met,2026-02-21,5,1
363,511,526,10,Utilities,2025-06-13,closed_met,2025-07-03,20,1
364,512,527,1,Food,2025-08-11,closed_met,2025-08-22,11,1
365,512,527,3,Transportation,2025-08-09,closed_met,2025-08-13,4,1
366,513,527,1,Food,2025-08-16,closed_met,2025-08-18,2,1
367,514,528,3,Transportation,2026-02-03,closed_met,2026-02-09,6,1
368,517,529,4,Food,2025-12-04,closed_met,2025-12-16,12,1
369,517,529,8,Transportation,2025-12-01,open,,,1
370,519,530,5,Housing,2026-02-20,open,,,1
371,519,530,7,Food,2026-02-22,open,,,1
372,520,530,2,Housing,2025-09-08,closed_met,2025-10-01,23,1
373,521,534,12,Housing,2025-03-18,open,,,1
374,521,534,10,Utilities,2025-03-20,closed_met,2025-04-16,27,1
375,523,537,1,Food,2025-12-21,closed_met,2025-12-26,5,1
376,524,538,1,Food,2025-01-01,closed_met,2025-01-09,8,1
377,524,538,3,Transportation,2025-01-03,closed_met,2025-01-09,6,1
378,525,539,10,Utilities,2026-02-21,closed_met,2026-03-13,20,1
379,529,542,4,Food,2026-01-28,closed_met,2026-02-09,12,1
380,531,546,4,Food,2026-04-23,closed_unmet,2026-05-08,,1
381,532,546,11,Safety,2026-03-07,closed_met,2026-03-27,20,1
382,533,546,4,Food,2025-08-17,closed_met,2025-09-01,15,1
383,534,547,1,Food,2026-01-26,closed_met,2026-01-31,5,1
384,537,554,1,Food,2025-03-22,closed_met,2025-04-01,10,1
385,537,554,3,Transportation,2025-03-20,closed_unmet,2025-04-25,,1
386,538,555,12,Housing,2025-06-29,open,,,1
387,538,555,7,Food,2025-06-29,closed_unmet,2025-07-26,,1
388,539,556,6,Utilities,2025-01-11,closed_met,2025-01-24,13,1
389,545,563,1,Food,2026-02-12,closed_unmet,2026-03-04,,1
390,546,565,4,Food,2025-11-18,closed_met,2025-11-26,8,1
391,546,565,9,Safety,2025-11-14,closed_met,2025-11-24,10,1
392,547,568,4,Food,2025-05-28,closed_unmet,2025-06-11,,1
393,549,569,1,Food,2026-01-17,closed_met,2026-01-31,14,1
394,550,569,2,Housing,2025-06-16,closed_unmet,2025-07-02,,1
395,550,569,1,Food,2025-06-14,closed_met,2025-06-17,3,1
396,551,570,5,Housing,2026-03-29,open,,,1
397,553,572,4,Food,2025-09-25,closed_met,2025-10-11,16,1
398,553,572,3,Transportation,2025-09-22,closed_met,2025-09-27,5,1
399,554,573,3,Transportation,2025-05-21,closed_met,2025-05-31,10,1
400,556,576,3,Transportation,2025-08-22,closed_met,2025-08-31,9,1
401,559,578,5,Housing,2025-02-23,open,,,1
402,560,580,1,Food,2026-05-17,closed_met,2026-05-21,4,0
403,561,580,1,Food,2025-04-24,closed_met,2025-04-29,5,1
404,561,580,3,Transportation,2025-04-24,closed_met,2025-04-28,4,1
405,562,581,7,Food,2026-01-29,closed_met,2026-02-15,17,1
406,564,582,5,Housing,2025-06-21,open,,,1
407,567,585,4,Food,2026-02-14,closed_met,2026-02-27,13,1
408,569,589,3,Transportation,2025-11-05,closed_met,2025-11-12,7,1
409,570,590,6,Utilities,2025-04-20,closed_unmet,2025-05-05,,1
410,571,591,8,Transportation,2025-07-01,closed_met,2025-07-06,5,1
411,574,596,1,Food,2026-02-03,closed_met,2026-02-12,9,1
412,575,596,2,Housing,2025-07-09,closed_met,2025-08-07,29,1
413,575,596,1,Food,2025-07-06,closed_met,2025-07-19,13,1
414,576,599,5,Housing,2025-04-29,closed_unmet,2025-05-15,,1
415,577,599,4,Food,2025-06-19,closed_met,2025-06-30,11,1
416,577,599,6,Utilities,2025-06-19,closed_met,2025-07-07,18,1
417,579,602,1,Food,2025-12-30,closed_met,2026-01-04,5,1
418,582,609,1,Food,2025-09-12,closed_unmet,2025-11-06,,1
419,582,609,10,Utilities,2025-09-16,closed_met,2025-09-30,14,1
420,584,610,11,Safety,2025-01-27,closed_met,2025-02-13,17,1
421,586,611,1,Food,2025-09-12,closed_met,2025-09-27,15,1
422,587,613,1,Food,2025-12-31,closed_met,2026-01-04,4,1
423,590,615,8,Transportation,2026-04-14,open,,,1
424,591,616,1,Food,2026-06-04,closed_met,2026-06-09,5,0
425,592,617,3,Transportation,2025-10-24,closed_met,2025-10-31,7,1
426,593,618,10,Utilities,2026-02-13,closed_met,2026-02-28,15,1
427,596,621,12,Housing,2025-09-02,open,,,1
428,596,621,11,Safety,2025-08-31,closed_met,2025-09-25,25,1
429,597,621,5,Housing,2025-08-01,closed_unmet,2025-08-29,,1
430,598,621,7,Food,2026-03-22,open,,,1
431,601,625,8,Transportation,2025-02-10,closed_met,2025-02-16,6,1
432,602,626,2,Housing,2025-07-07,closed_met,2025-07-27,20,1
433,602,626,7,Food,2025-07-11,closed_met,2025-07-25,14,1
434,602,626,8,Transportation,2025-07-07,closed_met,2025-07-21,14,1
435,603,627,3,Transportation,2026-05-16,closed_met,2026-05-18,2,0
436,604,628,7,Food,2025-04-07,closed_met,2025-04-21,14,1
437,607,630,1,Food,2025-03-30,closed_met,2025-04-03,4,1
438,608,631,8,Transportation,2026-01-10,closed_met,2026-01-17,7,1
439,609,632,8,Transportation,2025-10-28,closed_met,2025-11-13,16,1
440,611,633,8,Transportation,2026-06-11,closed_met,2026-06-22,11,0
441,612,634,2,Housing,2025-07-11,open,,,1
442,613,635,8,Transportation,2025-04-25,closed_met,2025-05-01,6,1
443,614,636,10,Utilities,2025-03-10,open,,,1
444,615,636,12,Housing,2025-12-18,closed_met,2026-01-10,23,1
445,615,636,10,Utilities,2025-12-17,closed_met,2025-12-29,12,1
446,615,636,11,Safety,2025-12-21,closed_met,2026-01-12,22,1
447,616,637,1,Food,2026-06-12,closed_met,2026-06-19,7,0
448,617,641,1,Food,2025-12-28,closed_met,2026-01-05,8,1
449,621,643,2,Housing,2025-02-06,closed_met,2025-02-21,15,1
450,622,644,1,Food,2025-01-18,closed_met,2025-01-25,7,1
451,623,644,2,Housing,2025-11-25,closed_met,2025-12-29,34,1
452,624,647,2,Housing,2025-11-23,closed_met,2025-12-31,38,1
453,624,647,3,Transportation,2025-11-25,closed_met,2025-11-30,5,1
454,626,651,8,Transportation,2025-05-25,closed_met,2025-06-05,11,1
455,626,651,10,Utilities,2025-05-23,closed_met,2025-06-06,14,1
456,629,654,8,Transportation,2025-07-16,closed_met,2025-07-26,10,1
457,631,655,12,Housing,2026-06-22,open,,,0
458,631,655,8,Transportation,2026-06-23,open,,,0
459,632,656,1,Food,2025-11-06,open,,,1
460,632,656,9,Safety,2025-11-06,closed_met,2025-12-06,30,1
461,633,656,12,Housing,2026-03-15,closed_unmet,2026-05-01,,1
462,634,657,3,Transportation,2025-01-27,closed_met,2025-01-28,1,1
463,636,661,7,Food,2025-05-26,closed_met,2025-06-08,13,1
464,636,661,8,Transportation,2025-05-26,closed_unmet,2025-06-07,,1
465,637,661,7,Food,2025-07-30,closed_met,2025-08-08,9,1
466,639,665,6,Utilities,2026-03-12,open,,,1
467,640,667,1,Food,2025-12-31,closed_met,2026-01-12,12,1
468,640,667,11,Safety,2026-01-06,closed_met,2026-01-22,16,1
469,641,667,1,Food,2026-05-10,closed_met,2026-05-18,8,0
470,643,669,1,Food,2025-11-02,closed_met,2025-11-10,8,1
471,643,669,3,Transportation,2025-11-02,closed_met,2025-11-07,5,1
472,644,670,10,Utilities,2025-06-08,closed_unmet,2025-07-13,,1
473,645,672,2,Housing,2026-01-05,closed_met,2026-03-02,56,1
474,645,672,10,Utilities,2026-01-05,closed_unmet,2026-01-28,,1
475,646,673,7,Food,2025-02-05,closed_met,2025-03-01,24,1
476,646,673,3,Transportation,2025-02-05,closed_met,2025-02-11,6,1
477,648,681,1,Food,2025-05-16,open,,,1
478,649,681,1,Food,2025-01-19,closed_met,2025-01-25,6,1
479,650,682,2,Housing,2025-11-25,closed_met,2026-01-22,58,1
480,650,682,10,Utilities,2025-11-20,closed_met,2025-12-02,12,1
481,653,685,1,Food,2026-04-23,closed_unmet,2026-06-07,,1
482,654,687,3,Transportation,2025-10-29,closed_met,2025-11-03,5,1
483,655,688,1,Food,2025-08-28,open,,,1
484,656,689,2,Housing,2025-07-17,closed_met,2025-08-12,26,1
485,657,690,12,Housing,2025-08-12,open,,,1
486,657,690,7,Food,2025-08-12,closed_met,2025-08-25,13,1
487,661,694,1,Food,2026-02-03,closed_met,2026-02-12,9,1
488,662,694,7,Food,2025-04-14,closed_met,2025-04-25,11,1
489,663,694,12,Housing,2026-05-29,open,,,0
490,663,694,9,Safety,2026-05-31,closed_met,2026-06-28,28,0
491,664,696,3,Transportation,2025-10-13,closed_met,2025-10-19,6,1
492,664,696,10,Utilities,2025-10-12,closed_met,2025-11-05,24,1
493,665,697,10,Utilities,2025-10-24,closed_met,2025-11-04,11,1
494,666,699,11,Safety,2026-03-04,closed_met,2026-03-30,26,1
495,668,699,1,Food,2025-12-22,closed_met,2026-01-04,13,1
496,669,700,2,Housing,2025-04-02,open,,,1
497,669,700,8,Transportation,2025-03-29,closed_met,2025-04-06,8,1
498,669,700,10,Utilities,2025-03-29,closed_met,2025-04-09,11,1
499,671,701,3,Transportation,2025-02-17,closed_met,2025-02-22,5,1
500,671,701,10,Utilities,2025-02-22,closed_met,2025-03-10,16,1
501,672,703,2,Housing,2026-03-14,closed_met,2026-04-30,47,1
502,677,707,4,Food,2025-10-07,closed_met,2025-10-16,9,1
503,678,709,5,Housing,2026-01-06,closed_met,2026-01-27,21,1
504,678,709,4,Food,2026-01-04,closed_met,2026-01-09,5,1
505,678,709,10,Utilities,2026-01-01,closed_met,2026-01-12,11,1
506,683,713,10,Utilities,2026-06-02,closed_met,2026-06-25,23,0
507,684,713,2,Housing,2025-10-15,closed_met,2025-11-28,44,1
508,684,713,1,Food,2025-10-16,closed_met,2025-10-19,3,1
509,685,717,10,Utilities,2026-01-05,open,,,1
510,687,717,10,Utilities,2025-12-19,closed_met,2025-12-24,5,1
511,688,718,8,Transportation,2025-08-27,closed_met,2025-09-07,11,1
512,689,719,3,Transportation,2026-02-02,closed_met,2026-02-08,6,1
513,691,720,1,Food,2025-09-24,closed_met,2025-10-02,8,1
514,691,720,10,Utilities,2025-09-25,closed_met,2025-10-06,11,1
515,692,721,5,Housing,2026-05-04,open,,,0
516,693,723,11,Safety,2025-04-29,open,,,1
517,694,725,4,Food,2025-06-14,closed_unmet,2025-07-26,,1
518,694,725,6,Utilities,2025-06-10,closed_met,2025-07-02,22,1
519,699,729,1,Food,2026-03-14,closed_unmet,2026-04-14,,1
520,700,731,8,Transportation,2026-05-26,closed_met,2026-06-03,8,0
521,701,733,10,Utilities,2026-01-15,closed_met,2026-02-02,18,1
522,703,734,2,Housing,2025-08-16,closed_met,2025-10-01,46,1
523,704,734,1,Food,2025-07-08,closed_met,2025-07-12,4,1
524,704,734,8,Transportation,2025-07-05,closed_met,2025-07-13,8,1
525,705,735,5,Housing,2025-08-03,closed_met,2025-09-03,31,1
526,706,735,4,Food,2025-05-27,closed_met,2025-06-08,12,1
527,710,739,2,Housing,2026-04-13,closed_met,2026-05-01,18,1
528,712,741,1,Food,2026-04-18,closed_met,2026-04-21,3,1
529,713,742,2,Housing,2026-05-25,open,,,0
530,713,742,1,Food,2026-05-21,closed_met,2026-06-04,14,0
531,714,743,10,Utilities,2025-01-09,open,,,1
532,716,747,1,Food,2026-04-05,closed_unmet,2026-04-26,,1
533,716,747,10,Utilities,2026-04-05,closed_met,2026-04-28,23,1
534,716,747,9,Safety,2026-04-08,closed_met,2026-04-15,7,1
535,717,747,1,Food,2025-09-07,closed_met,2025-09-08,1,1
536,717,747,3,Transportation,2025-09-10,closed_met,2025-09-11,1,1
537,718,748,2,Housing,2026-05-23,open,,,0
538,718,748,3,Transportation,2026-05-21,closed_met,2026-05-24,3,0
539,720,750,5,Housing,2026-01-20,open,,,1
540,722,753,11,Safety,2026-01-20,closed_met,2026-02-11,22,1
541,723,753,1,Food,2025-06-16,closed_met,2025-06-23,7,1
542,724,754,7,Food,2025-08-26,closed_met,2025-09-04,9,1
543,724,754,9,Safety,2025-08-24,closed_met,2025-09-14,21,1
544,725,755,3,Transportation,2026-02-08,closed_met,2026-02-12,4,1
545,726,755,7,Food,2025-10-03,closed_met,2025-10-17,14,1
546,726,755,10,Utilities,2025-10-06,closed_met,2025-10-29,23,1
547,728,757,1,Food,2025-04-12,open,,,1
548,729,757,1,Food,2025-10-13,closed_met,2025-10-20,7,1
549,730,757,2,Housing,2025-08-25,closed_met,2025-09-23,29,1
550,730,757,3,Transportation,2025-08-23,closed_met,2025-08-29,6,1
551,731,758,1,Food,2025-08-06,closed_unmet,2025-09-14,,1
552,731,758,10,Utilities,2025-08-06,closed_met,2025-08-27,21,1
553,732,759,7,Food,2025-09-20,open,,,1
554,732,759,3,Transportation,2025-09-20,closed_unmet,2025-09-30,,1
555,733,760,2,Housing,2026-05-22,open,,,0
556,734,761,7,Food,2025-10-30,closed_met,2025-11-03,4,1
558,738,764,1,Food,2025-07-15,closed_met,2025-07-21,6,1
559,738,764,10,Utilities,2025-07-17,closed_met,2025-07-31,14,1
560,739,765,3,Transportation,2026-04-01,closed_met,2026-04-08,7,1
561,740,766,2,Housing,2025-03-19,closed_met,2025-04-05,17,1
562,741,767,7,Food,2025-08-16,closed_met,2025-08-29,13,1
563,741,767,8,Transportation,2025-08-22,open,,,1
564,742,768,4,Food,2025-05-14,closed_met,2025-05-27,13,1
565,742,768,11,Safety,2025-05-19,closed_met,2025-06-10,22,1
566,744,769,12,Housing,2025-11-04,closed_met,2025-12-24,50,1
567,744,769,7,Food,2025-11-06,closed_met,2025-11-14,8,1
568,747,773,2,Housing,2025-07-13,open,,,1
569,747,773,3,Transportation,2025-07-15,closed_met,2025-07-21,6,1
570,748,774,10,Utilities,2026-02-08,closed_met,2026-02-25,17,1
571,749,775,12,Housing,2026-04-28,open,,,1
572,751,777,1,Food,2026-05-05,closed_met,2026-05-12,7,0
573,753,778,4,Food,2026-03-06,closed_met,2026-03-13,7,1
574,754,779,2,Housing,2025-03-08,closed_met,2025-04-22,45,1
575,755,781,9,Safety,2025-09-03,closed_met,2025-09-26,23,1
576,759,785,12,Housing,2026-03-01,open,,,1
577,759,785,8,Transportation,2026-03-07,closed_met,2026-03-20,13,1
578,760,785,7,Food,2025-11-12,closed_met,2025-12-01,19,1
579,760,785,8,Transportation,2025-11-09,closed_met,2025-11-14,5,1
580,763,789,6,Utilities,2025-08-30,closed_met,2025-09-19,20,1
581,764,789,1,Food,2025-08-31,closed_met,2025-09-11,11,1
582,765,790,2,Housing,2026-04-08,open,,,1
583,765,790,3,Transportation,2026-04-07,closed_met,2026-04-08,1,1
584,767,790,11,Safety,2026-04-28,closed_met,2026-05-15,17,1
585,768,792,3,Transportation,2025-02-25,closed_met,2025-03-06,9,1
586,770,794,10,Utilities,2025-02-06,closed_met,2025-02-17,11,1
587,771,796,10,Utilities,2026-06-28,open,,,0
588,772,797,8,Transportation,2025-01-06,closed_met,2025-01-11,5,1
589,773,798,8,Transportation,2025-05-19,closed_met,2025-05-26,7,1
590,773,798,6,Utilities,2025-05-22,closed_met,2025-06-17,26,1
591,774,800,5,Housing,2025-01-08,closed_met,2025-02-11,34,1
592,776,802,2,Housing,2026-04-06,open,,,1
593,778,807,4,Food,2026-06-12,closed_met,2026-06-23,11,0
594,779,807,10,Utilities,2025-06-07,closed_met,2025-06-28,21,1
595,780,808,1,Food,2025-06-28,closed_met,2025-07-10,12,1
596,781,809,2,Housing,2026-02-26,open,,,1
597,782,809,2,Housing,2025-09-14,closed_unmet,2025-10-17,,1
598,786,811,4,Food,2025-03-11,closed_met,2025-03-27,16,1
599,786,811,11,Safety,2025-03-11,open,,,1
600,788,814,1,Food,2025-06-08,open,,,1
601,790,818,12,Housing,2025-01-09,closed_met,2025-02-21,43,1
602,790,818,8,Transportation,2025-01-11,open,,,1
603,791,819,1,Food,2025-11-17,closed_met,2025-11-30,13,1
604,791,819,3,Transportation,2025-11-11,closed_met,2025-11-17,6,1
605,792,819,2,Housing,2025-12-31,closed_unmet,2026-02-16,,1
606,794,821,4,Food,2025-10-27,closed_met,2025-11-16,20,1
607,796,827,3,Transportation,2025-06-24,closed_met,2025-06-29,5,1
608,798,829,4,Food,2025-05-05,closed_met,2025-05-17,12,1
609,800,831,10,Utilities,2026-02-13,open,,,1
610,804,837,1,Food,2026-05-14,open,,,0
611,804,837,3,Transportation,2026-05-16,closed_met,2026-05-21,5,0
612,805,838,3,Transportation,2025-06-04,closed_met,2025-06-10,6,1
613,806,839,11,Safety,2025-11-04,closed_met,2025-11-26,22,1
614,808,842,4,Food,2025-10-30,closed_met,2025-11-02,3,1
615,810,843,5,Housing,2025-11-07,open,,,1
616,810,843,9,Safety,2025-11-05,closed_met,2025-12-05,30,1
617,811,844,6,Utilities,2026-01-15,open,,,1
618,812,844,3,Transportation,2025-02-18,closed_met,2025-02-24,6,1
619,813,847,4,Food,2026-01-11,closed_met,2026-01-24,13,1
620,814,849,8,Transportation,2026-05-25,closed_met,2026-05-30,5,0
621,815,849,4,Food,2025-12-09,closed_met,2025-12-15,6,1
623,818,851,10,Utilities,2025-06-07,closed_met,2025-06-22,15,1
624,819,853,3,Transportation,2025-08-28,closed_met,2025-09-04,7,1
625,820,854,8,Transportation,2025-12-06,open,,,1
626,821,856,2,Housing,2026-04-22,open,,,1
627,822,857,7,Food,2025-12-09,closed_met,2025-12-26,17,1
628,822,857,3,Transportation,2025-12-07,closed_met,2025-12-14,7,1
629,823,858,3,Transportation,2026-05-05,closed_met,2026-05-11,6,0
630,824,858,7,Food,2026-03-20,closed_met,2026-04-05,16,1
631,824,858,6,Utilities,2026-03-21,closed_met,2026-04-03,13,1
632,826,860,6,Utilities,2025-08-20,closed_met,2025-09-14,25,1
633,828,861,12,Housing,2026-06-27,open,,,0
634,830,863,5,Housing,2025-02-05,closed_unmet,2025-02-24,,1
635,831,865,5,Housing,2025-08-17,closed_met,2025-09-26,40,1
636,831,865,4,Food,2025-08-12,closed_met,2025-08-20,8,1
637,832,867,4,Food,2026-06-05,closed_met,2026-06-18,13,0
638,832,867,8,Transportation,2026-06-03,open,,,0
639,832,867,9,Safety,2026-06-03,closed_met,2026-06-20,17,0
640,833,868,3,Transportation,2025-01-08,closed_met,2025-01-14,6,1
641,838,873,2,Housing,2025-05-16,closed_unmet,2025-06-30,,1
642,841,880,6,Utilities,2026-06-12,closed_met,2026-06-23,11,0
643,842,882,4,Food,2025-02-25,open,,,1
644,844,883,2,Housing,2026-02-07,closed_met,2026-03-15,36,1
645,845,883,2,Housing,2026-03-06,closed_met,2026-04-04,29,1
646,845,883,3,Transportation,2026-03-06,closed_met,2026-03-12,6,1
647,846,884,8,Transportation,2025-07-02,closed_met,2025-07-03,1,1
648,846,884,6,Utilities,2025-06-28,closed_met,2025-07-11,13,1
649,847,884,5,Housing,2025-04-20,closed_met,2025-05-24,34,1
650,849,887,1,Food,2025-09-09,closed_met,2025-09-18,9,1
651,850,888,5,Housing,2025-08-22,closed_met,2025-09-10,19,1
652,851,889,12,Housing,2026-05-18,closed_met,2026-06-26,39,0
653,851,889,4,Food,2026-05-20,closed_met,2026-06-01,12,0
654,853,892,2,Housing,2025-02-22,closed_met,2025-04-22,59,1
655,853,892,3,Transportation,2025-02-18,closed_met,2025-02-26,8,1
656,854,893,12,Housing,2026-04-28,closed_met,2026-05-07,9,1
657,854,893,8,Transportation,2026-04-25,closed_met,2026-04-28,3,1
658,854,893,10,Utilities,2026-04-30,closed_met,2026-05-16,16,1
659,855,893,4,Food,2026-06-19,closed_met,2026-06-30,11,0
660,856,894,2,Housing,2025-08-15,closed_met,2025-09-23,39,1
661,856,894,3,Transportation,2025-08-20,closed_unmet,2025-09-11,,1
662,860,897,9,Safety,2025-08-14,closed_met,2025-08-29,15,1
663,861,897,4,Food,2026-03-21,closed_met,2026-03-28,7,1
664,862,898,3,Transportation,2026-04-07,closed_met,2026-04-13,6,1
665,865,904,7,Food,2026-02-19,closed_met,2026-03-09,18,1
666,866,906,1,Food,2025-04-17,closed_met,2025-04-29,12,1
667,867,907,8,Transportation,2026-05-13,closed_met,2026-05-30,17,0
668,869,910,5,Housing,2026-04-04,closed_unmet,2026-05-27,,1
669,873,916,2,Housing,2026-04-06,closed_met,2026-04-22,16,1
670,875,918,1,Food,2026-05-02,closed_met,2026-05-13,11,0
671,876,919,10,Utilities,2025-08-16,open,,,1
672,877,920,2,Housing,2025-08-30,closed_unmet,2025-10-24,,1
673,878,921,1,Food,2025-08-25,closed_met,2025-09-04,10,1
674,879,922,4,Food,2026-04-25,closed_met,2026-05-01,6,1
675,880,923,10,Utilities,2026-05-15,closed_met,2026-05-27,12,0
676,883,924,8,Transportation,2025-08-02,closed_met,2025-08-12,10,1
677,886,928,5,Housing,2025-01-03,closed_unmet,2025-01-27,,1
678,887,928,8,Transportation,2025-10-06,closed_met,2025-10-18,12,1
679,889,929,2,Housing,2025-06-19,open,,,1
680,890,930,10,Utilities,2026-02-01,closed_met,2026-02-10,9,1
681,891,932,4,Food,2025-10-02,closed_unmet,2025-11-02,,1
682,891,932,3,Transportation,2025-10-03,closed_unmet,2025-10-30,,1
683,893,936,3,Transportation,2025-10-10,closed_met,2025-10-19,9,1
684,895,937,10,Utilities,2025-10-20,closed_met,2025-11-02,13,1
685,897,941,1,Food,2025-03-27,closed_met,2025-04-01,5,1
686,898,941,10,Utilities,2025-03-02,closed_met,2025-03-14,12,1
687,899,942,1,Food,2026-02-23,closed_met,2026-03-06,11,1
688,899,942,3,Transportation,2026-02-19,closed_met,2026-02-26,7,1
689,900,943,5,Housing,2026-05-10,open,,,0
690,900,943,3,Transportation,2026-05-08,closed_met,2026-05-15,7,0
691,901,944,3,Transportation,2025-11-24,closed_unmet,2026-01-20,,1
692,901,944,9,Safety,2025-11-30,closed_met,2025-12-21,21,1
693,902,945,2,Housing,2025-04-15,open,,,1
694,904,946,1,Food,2026-04-04,closed_met,2026-04-10,6,1
695,905,948,8,Transportation,2026-05-06,closed_met,2026-05-10,4,0
696,908,950,1,Food,2026-03-05,closed_unmet,2026-05-03,,1
697,913,954,10,Utilities,2026-03-20,closed_met,2026-04-11,22,1
698,915,955,8,Transportation,2026-06-12,closed_met,2026-06-25,13,0
699,916,956,10,Utilities,2026-03-10,closed_met,2026-04-05,26,1
700,919,962,2,Housing,2025-11-09,open,,,1
701,920,962,1,Food,2025-10-28,closed_met,2025-11-14,17,1
702,920,962,11,Safety,2025-11-02,closed_unmet,2025-11-13,,1
703,921,963,1,Food,2025-09-11,closed_met,2025-09-21,10,1
704,923,964,5,Housing,2025-10-03,closed_met,2025-10-06,3,1
705,923,964,7,Food,2025-10-03,closed_met,2025-10-25,22,1
706,923,964,3,Transportation,2025-09-29,closed_met,2025-10-01,2,1
707,925,967,1,Food,2025-02-11,open,,,1
708,926,968,2,Housing,2026-03-12,closed_met,2026-03-20,8,1
709,926,968,10,Utilities,2026-03-18,closed_met,2026-04-09,22,1
710,927,969,4,Food,2025-04-12,open,,,1
711,927,969,6,Utilities,2025-04-13,closed_met,2025-05-05,22,1
712,929,971,8,Transportation,2026-05-20,closed_met,2026-06-07,18,0
713,929,971,10,Utilities,2026-05-19,closed_met,2026-06-16,28,0
714,930,972,12,Housing,2025-02-20,closed_met,2025-03-22,30,1
715,930,972,7,Food,2025-02-21,closed_met,2025-03-09,16,1
716,931,973,2,Housing,2025-03-22,closed_met,2025-05-07,46,1
717,932,973,11,Safety,2025-10-20,closed_met,2025-11-03,14,1
718,933,976,7,Food,2026-06-02,open,,,0
719,934,977,6,Utilities,2026-01-27,open,,,1
720,937,980,1,Food,2025-01-12,closed_met,2025-01-21,9,1
721,937,980,10,Utilities,2025-01-11,closed_met,2025-01-30,19,1
722,938,981,2,Housing,2025-11-03,open,,,1
723,938,981,1,Food,2025-11-02,closed_met,2025-11-17,15,1
724,938,981,3,Transportation,2025-11-03,closed_unmet,2025-12-11,,1
725,940,984,1,Food,2026-04-27,closed_met,2026-05-07,10,1
726,940,984,10,Utilities,2026-04-21,closed_met,2026-05-09,18,1
727,943,990,7,Food,2025-01-28,open,,,1
728,946,995,1,Food,2025-11-04,closed_met,2025-11-11,7,1
729,946,995,11,Safety,2025-11-08,closed_met,2025-11-24,16,1
730,947,996,2,Housing,2026-03-02,closed_unmet,2026-04-13,,1
731,947,996,1,Food,2026-03-06,closed_met,2026-03-15,9,1
732,947,996,10,Utilities,2026-03-03,closed_met,2026-03-07,4,1
733,948,998,10,Utilities,2025-01-16,closed_met,2025-02-04,19,1
734,949,998,1,Food,2025-03-27,closed_met,2025-03-29,2,1
735,949,998,3,Transportation,2025-03-26,closed_met,2025-04-02,7,1
736,950,999,12,Housing,2025-01-22,closed_met,2025-02-19,28,1
737,953,1000,1,Food,2026-05-13,closed_met,2026-05-20,7,0
738,953,1000,3,Transportation,2026-05-16,closed_met,2026-05-23,7,0
739,954,1001,3,Transportation,2025-12-30,closed_met,2026-01-09,10,1
740,955,1001,3,Transportation,2025-02-19,closed_met,2025-02-25,6,1
741,956,1001,1,Food,2025-03-04,closed_met,2025-03-13,9,1
742,957,1004,4,Food,2026-01-04,closed_met,2026-01-13,9,1
743,958,1004,4,Food,2025-05-22,closed_met,2025-05-23,1,1
744,959,1005,3,Transportation,2025-09-08,closed_met,2025-09-16,8,1
745,961,1008,1,Food,2025-11-30,closed_met,2025-12-08,8,1
746,962,1009,2,Housing,2026-03-29,closed_met,2026-04-27,29,1
747,964,1010,10,Utilities,2025-10-26,open,,,1
748,965,1011,8,Transportation,2025-06-05,closed_met,2025-06-14,9,1
749,965,1011,10,Utilities,2025-06-08,open,,,1
750,967,1014,1,Food,2025-10-12,closed_unmet,2025-11-05,,1
751,968,1016,2,Housing,2026-05-20,open,,,0
752,968,1016,1,Food,2026-05-17,closed_met,2026-05-24,7,0
753,971,1018,2,Housing,2025-04-27,open,,,1
754,972,1019,1,Food,2026-03-31,closed_unmet,2026-05-22,,1
755,975,1024,2,Housing,2026-04-21,closed_met,2026-05-04,13,1
756,975,1024,1,Food,2026-04-19,closed_met,2026-04-29,10,1
757,975,1024,10,Utilities,2026-04-20,open,,,1
758,976,1025,2,Housing,2026-04-01,closed_met,2026-05-20,49,1
759,976,1025,1,Food,2026-04-06,closed_met,2026-04-19,13,1
760,977,1025,1,Food,2025-10-30,closed_unmet,2025-12-22,,1
761,978,1026,5,Housing,2026-06-06,open,,,0
762,979,1028,3,Transportation,2026-03-22,closed_met,2026-03-30,8,1
763,982,1029,12,Housing,2025-02-19,closed_met,2025-04-19,59,1
764,984,1031,1,Food,2025-10-09,closed_unmet,2025-11-21,,1
765,985,1033,10,Utilities,2026-05-20,open,,,0
766,991,1038,12,Housing,2026-06-06,open,,,0
767,991,1038,4,Food,2026-06-09,closed_met,2026-06-11,2,0
768,991,1038,6,Utilities,2026-06-06,closed_met,2026-06-25,19,0
769,992,1039,2,Housing,2026-04-25,open,,,1
770,997,1044,1,Food,2025-05-31,closed_unmet,2025-07-22,,1
771,1002,1047,1,Food,2025-03-22,closed_met,2025-04-03,12,1
772,1002,1047,6,Utilities,2025-03-19,open,,,1
773,1002,1047,9,Safety,2025-03-19,closed_met,2025-04-15,27,1
774,1003,1048,5,Housing,2026-03-08,closed_met,2026-04-22,45,1
775,1003,1048,8,Transportation,2026-03-08,closed_met,2026-03-11,3,1
776,1004,1048,10,Utilities,2025-08-03,closed_met,2025-08-25,22,1
777,1005,1049,1,Food,2025-10-21,closed_met,2025-10-27,6,1
778,1005,1049,3,Transportation,2025-10-20,closed_met,2025-10-23,3,1
779,1006,1050,1,Food,2026-05-31,closed_met,2026-06-15,15,0
780,1006,1050,3,Transportation,2026-06-01,closed_met,2026-06-07,6,0
781,1006,1050,10,Utilities,2026-05-27,open,,,0
782,1008,1053,3,Transportation,2025-07-29,closed_met,2025-08-04,6,1
783,1010,1054,3,Transportation,2025-08-29,closed_met,2025-09-05,7,1
784,1012,1054,3,Transportation,2025-02-01,closed_met,2025-02-07,6,1
785,1012,1054,10,Utilities,2025-02-01,closed_met,2025-02-22,21,1
786,1013,1055,5,Housing,2025-04-04,open,,,1
787,1014,1056,4,Food,2025-10-28,closed_met,2025-11-08,11,1
788,1014,1056,6,Utilities,2025-10-31,closed_unmet,2025-12-05,,1
789,1015,1058,6,Utilities,2025-04-14,closed_met,2025-05-10,26,1
790,1016,1059,3,Transportation,2026-02-14,closed_met,2026-02-18,4,1
791,1024,1068,11,Safety,2025-02-22,closed_met,2025-03-21,27,1
792,1026,1071,1,Food,2025-05-03,closed_met,2025-05-13,10,1
793,1026,1071,3,Transportation,2025-05-07,closed_met,2025-05-15,8,1
794,1026,1071,10,Utilities,2025-05-03,closed_met,2025-05-26,23,1
795,1029,1078,8,Transportation,2026-01-19,open,,,1
796,1032,1080,1,Food,2025-11-18,closed_met,2025-11-29,11,1
797,1035,1081,3,Transportation,2025-07-03,closed_met,2025-07-07,4,1
798,1037,1085,2,Housing,2025-02-01,open,,,1
799,1037,1085,1,Food,2025-02-03,closed_met,2025-02-12,9,1
800,1039,1086,5,Housing,2025-12-11,closed_met,2026-01-17,37,1
801,1039,1086,10,Utilities,2025-12-11,closed_met,2025-12-15,4,1
802,1040,1087,5,Housing,2025-12-19,closed_met,2026-01-09,21,1
803,1040,1087,1,Food,2025-12-25,closed_met,2026-01-04,10,1
804,1042,1089,2,Housing,2026-03-10,closed_met,2026-04-09,30,1
805,1042,1089,1,Food,2026-03-10,closed_met,2026-03-24,14,1
806,1043,1093,2,Housing,2026-03-14,closed_unmet,2026-03-29,,1
807,1043,1093,1,Food,2026-03-12,closed_met,2026-03-19,7,1
808,1046,1095,1,Food,2025-08-15,closed_unmet,2025-10-06,,1
809,1048,1097,2,Housing,2025-09-01,open,,,1
810,1048,1097,1,Food,2025-09-06,closed_met,2025-09-14,8,1
811,1052,1102,7,Food,2025-04-26,closed_met,2025-05-21,25,1
812,1054,1104,3,Transportation,2026-04-08,closed_met,2026-04-13,5,1
813,1055,1106,11,Safety,2026-01-27,closed_met,2026-02-15,19,1
814,1056,1106,5,Housing,2025-02-28,closed_met,2025-03-22,22,1
815,1056,1106,9,Safety,2025-03-02,closed_met,2025-03-11,9,1
816,1057,1107,5,Housing,2026-06-02,closed_met,2026-06-30,28,0
817,1057,1107,4,Food,2026-06-03,closed_met,2026-06-15,12,0
818,1058,1107,9,Safety,2025-09-04,closed_met,2025-09-11,7,1
819,1061,1110,6,Utilities,2025-01-25,closed_met,2025-02-10,16,1
820,1063,1111,3,Transportation,2025-04-26,closed_met,2025-05-03,7,1
821,1066,1113,8,Transportation,2026-01-30,open,,,1
822,1066,1113,10,Utilities,2026-02-01,open,,,1
823,1068,1115,2,Housing,2025-08-17,open,,,1
824,1068,1115,8,Transportation,2025-08-16,closed_met,2025-08-29,13,1
825,1069,1116,12,Housing,2026-03-12,closed_unmet,2026-04-21,,1
826,1069,1116,6,Utilities,2026-03-08,closed_met,2026-03-17,9,1
827,1070,1116,1,Food,2025-08-28,open,,,1
828,1071,1116,4,Food,2025-04-27,closed_met,2025-05-06,9,1
829,1072,1118,5,Housing,2026-04-13,closed_met,2026-05-23,40,1
830,1072,1118,8,Transportation,2026-04-10,closed_unmet,2026-05-23,,1
831,1072,1118,10,Utilities,2026-04-14,closed_met,2026-04-29,15,1
832,1074,1123,3,Transportation,2025-04-15,closed_unmet,2025-05-07,,1
833,1076,1124,12,Housing,2026-03-02,closed_unmet,2026-04-18,,1
834,1077,1125,3,Transportation,2025-06-20,closed_met,2025-06-27,7,1
835,1078,1126,12,Housing,2025-09-06,closed_met,2025-09-23,17,1
836,1078,1126,11,Safety,2025-09-10,closed_met,2025-09-22,12,1
837,1082,1133,3,Transportation,2025-07-08,closed_met,2025-07-13,5,1
838,1083,1133,10,Utilities,2025-08-07,closed_unmet,2025-09-24,,1
839,1085,1136,7,Food,2025-10-14,closed_met,2025-10-28,14,1
840,1086,1137,2,Housing,2025-08-05,closed_met,2025-09-02,28,1
841,1086,1137,11,Safety,2025-08-02,closed_met,2025-08-23,21,1
842,1087,1139,3,Transportation,2026-06-25,open,,,0
843,1088,1141,4,Food,2025-11-15,closed_met,2025-11-26,11,1
844,1089,1142,10,Utilities,2025-11-14,closed_met,2025-12-12,28,1
845,1090,1143,5,Housing,2025-10-21,open,,,1
846,1090,1143,8,Transportation,2025-10-19,closed_unmet,2025-12-07,,1
847,1091,1144,1,Food,2025-07-07,closed_met,2025-07-15,8,1
848,1091,1144,11,Safety,2025-07-04,closed_met,2025-07-12,8,1
849,1093,1145,2,Housing,2026-02-03,closed_unmet,2026-02-27,,1
850,1093,1145,1,Food,2026-01-29,closed_met,2026-02-05,7,1
851,1094,1146,1,Food,2025-07-02,closed_met,2025-07-09,7,1
852,1096,1148,3,Transportation,2025-07-04,closed_met,2025-07-12,8,1
853,1096,1148,9,Safety,2025-07-04,closed_met,2025-08-06,33,1
854,1098,1151,7,Food,2026-04-29,closed_met,2026-05-06,7,1
855,1101,1156,8,Transportation,2025-09-25,closed_met,2025-10-04,9,1
856,1102,1157,4,Food,2026-03-22,closed_met,2026-04-01,10,1
857,1105,1159,8,Transportation,2025-08-23,closed_met,2025-09-10,18,1
858,1106,1159,3,Transportation,2025-06-25,closed_met,2025-06-30,5,1
859,1108,1163,4,Food,2025-03-01,closed_met,2025-03-07,6,1
860,1110,1164,7,Food,2026-05-31,open,,,0
861,1111,1165,8,Transportation,2025-02-27,closed_unmet,2025-03-24,,1
862,1112,1166,2,Housing,2025-06-10,closed_met,2025-07-03,23,1
863,1112,1166,10,Utilities,2025-06-07,closed_met,2025-06-24,17,1
864,1115,1168,3,Transportation,2025-10-26,closed_met,2025-10-29,3,1
865,1116,1169,7,Food,2025-09-30,closed_met,2025-10-14,14,1
866,1117,1170,1,Food,2025-08-06,closed_met,2025-08-11,5,1
867,1117,1170,10,Utilities,2025-08-02,closed_met,2025-08-21,19,1
868,1117,1170,11,Safety,2025-08-02,closed_met,2025-08-27,25,1
869,1119,1171,7,Food,2025-01-15,closed_unmet,2025-03-03,,1
870,1121,1177,1,Food,2026-04-08,closed_met,2026-04-16,8,1
871,1124,1180,1,Food,2025-03-14,closed_unmet,2025-03-25,,1
872,1125,1181,6,Utilities,2025-09-09,closed_met,2025-10-05,26,1
873,1126,1181,4,Food,2026-04-10,closed_met,2026-04-22,12,1
874,1126,1181,6,Utilities,2026-04-07,closed_met,2026-04-20,13,1
875,1127,1182,1,Food,2025-06-23,closed_met,2025-06-30,7,1
876,1128,1182,1,Food,2026-05-25,closed_met,2026-06-01,7,0
877,1131,1187,6,Utilities,2026-01-11,closed_met,2026-02-02,22,1
878,1132,1188,3,Transportation,2025-04-10,closed_met,2025-04-15,5,1
879,1134,1189,12,Housing,2025-04-15,closed_met,2025-06-20,66,1
880,1134,1189,8,Transportation,2025-04-17,closed_met,2025-04-28,11,1
881,1137,1191,4,Food,2025-09-02,closed_met,2025-09-13,11,1
882,1138,1192,1,Food,2025-10-06,closed_met,2025-10-18,12,1
883,1138,1192,10,Utilities,2025-10-01,open,,,1
884,1139,1192,1,Food,2026-06-25,open,,,0
885,1140,1194,2,Housing,2026-02-21,closed_met,2026-02-26,5,1
886,1141,1194,1,Food,2025-04-03,closed_met,2025-04-08,5,1
887,1141,1194,6,Utilities,2025-03-31,closed_met,2025-04-27,27,1
888,1143,1195,4,Food,2025-06-03,open,,,1
889,1144,1198,1,Food,2025-02-17,closed_met,2025-02-27,10,1
890,1145,1198,11,Safety,2026-02-16,closed_met,2026-03-05,17,1
891,1146,1199,1,Food,2025-12-31,closed_met,2026-01-06,6,1
892,1147,1202,10,Utilities,2025-07-30,closed_unmet,2025-08-21,,1
893,1149,1204,5,Housing,2025-01-23,closed_met,2025-03-02,38,1
894,1149,1204,1,Food,2025-01-22,closed_met,2025-02-04,13,1
895,1154,1210,6,Utilities,2025-06-21,open,,,1
896,1156,1212,1,Food,2025-11-28,closed_met,2025-12-06,8,1
897,1158,1213,4,Food,2025-04-06,closed_met,2025-04-15,9,1
898,1162,1220,1,Food,2026-05-04,closed_met,2026-05-09,5,0
899,1162,1220,10,Utilities,2026-05-06,closed_met,2026-05-17,11,0
900,1164,1221,3,Transportation,2025-07-27,closed_unmet,2025-08-31,,1
901,1166,1222,5,Housing,2026-02-10,closed_met,2026-02-25,15,1
902,1167,1223,1,Food,2025-11-09,closed_met,2025-11-13,4,1
903,1169,1226,6,Utilities,2026-05-29,closed_met,2026-06-07,9,0
904,1170,1227,8,Transportation,2026-04-06,closed_met,2026-04-16,10,1
905,1171,1228,12,Housing,2025-03-12,closed_met,2025-04-18,37,1
906,1171,1228,3,Transportation,2025-03-16,closed_met,2025-03-24,8,1
907,1171,1228,10,Utilities,2025-03-14,closed_met,2025-03-24,10,1
908,1172,1229,5,Housing,2026-05-09,open,,,0
909,1175,1233,3,Transportation,2025-05-14,closed_met,2025-05-20,6,1
910,1176,1235,3,Transportation,2025-09-26,closed_met,2025-10-01,5,1
911,1179,1238,7,Food,2026-05-19,open,,,0
912,1180,1238,7,Food,2026-07-01,open,,,0
913,1182,1240,4,Food,2025-09-12,open,,,1
914,1183,1241,12,Housing,2025-02-07,open,,,1
915,1183,1241,7,Food,2025-02-10,closed_unmet,2025-03-16,,1
916,1183,1241,11,Safety,2025-02-11,closed_met,2025-02-18,7,1
917,1188,1245,8,Transportation,2025-04-24,closed_met,2025-05-02,8,1
918,1190,1248,6,Utilities,2025-07-26,closed_met,2025-08-03,8,1
919,1191,1248,7,Food,2025-06-13,closed_met,2025-06-19,6,1
920,1191,1248,3,Transportation,2025-06-08,closed_unmet,2025-08-05,,1
921,1192,1248,3,Transportation,2026-06-20,closed_met,2026-06-24,4,0
922,1194,1252,7,Food,2025-11-29,closed_met,2025-12-08,9,1
923,1195,1252,4,Food,2025-10-24,closed_met,2025-11-10,17,1
924,1195,1252,8,Transportation,2025-10-25,open,,,1
925,1198,1257,1,Food,2025-08-01,closed_met,2025-08-08,7,1
926,1198,1257,3,Transportation,2025-08-06,closed_met,2025-08-07,1,1
927,1200,1260,5,Housing,2025-06-06,closed_met,2025-07-17,41,1
928,1200,1260,9,Safety,2025-06-03,open,,,1
929,1201,1261,3,Transportation,2025-09-24,closed_met,2025-09-25,1,1
930,1203,1262,10,Utilities,2025-04-29,closed_met,2025-05-24,25,1
931,1204,1263,3,Transportation,2026-04-26,closed_met,2026-05-06,10,1
932,1205,1264,5,Housing,2025-07-02,closed_met,2025-07-10,8,1
933,1208,1267,3,Transportation,2025-08-12,closed_unmet,2025-09-06,,1
934,1209,1268,11,Safety,2026-01-12,closed_met,2026-01-16,4,1
935,1211,1270,1,Food,2025-04-09,closed_met,2025-04-18,9,1
936,1216,1274,1,Food,2025-05-05,closed_met,2025-05-16,11,1
937,1217,1275,4,Food,2025-10-30,closed_met,2025-11-05,6,1
938,1218,1275,5,Housing,2025-05-04,closed_met,2025-06-10,37,1
939,1218,1275,4,Food,2025-05-04,closed_met,2025-05-19,15,1
940,1220,1278,12,Housing,2026-03-04,open,,,1
941,1221,1278,2,Housing,2026-05-09,closed_unmet,2026-06-24,,0
942,1223,1279,4,Food,2025-03-14,closed_met,2025-03-26,12,1
943,1224,1281,2,Housing,2025-07-28,closed_met,2025-08-17,20,1
944,1224,1281,1,Food,2025-08-01,closed_met,2025-08-16,15,1
945,1225,1283,1,Food,2025-08-23,closed_met,2025-09-02,10,1
946,1226,1283,11,Safety,2025-11-11,closed_met,2025-12-01,20,1
947,1227,1283,2,Housing,2025-04-22,open,,,1
948,1230,1285,3,Transportation,2025-08-27,closed_unmet,2025-09-26,,1
949,1232,1286,5,Housing,2026-05-15,closed_met,2026-06-02,18,0
950,1233,1286,5,Housing,2026-02-24,closed_met,2026-03-31,35,1
951,1234,1287,1,Food,2025-12-03,closed_met,2025-12-16,13,1
952,1235,1289,3,Transportation,2026-01-05,closed_met,2026-01-10,5,1
953,1237,1290,3,Transportation,2025-02-23,closed_met,2025-03-03,8,1
954,1239,1293,8,Transportation,2025-06-07,closed_met,2025-06-18,11,1
955,1240,1293,9,Safety,2026-03-19,closed_met,2026-04-10,22,1
956,1241,1293,3,Transportation,2025-06-14,closed_met,2025-06-19,5,1
957,1243,1295,5,Housing,2026-04-06,open,,,1
958,1245,1296,1,Food,2025-09-07,closed_unmet,2025-10-14,,1
959,1249,1306,2,Housing,2025-10-24,closed_met,2025-11-19,26,1
960,1249,1306,1,Food,2025-10-22,closed_met,2025-10-24,2,1
961,1251,1307,4,Food,2025-04-16,closed_met,2025-04-21,5,1
962,1252,1308,3,Transportation,2025-12-04,closed_unmet,2026-01-22,,1
963,1252,1308,10,Utilities,2025-12-06,closed_unmet,2025-12-26,,1
964,1254,1311,1,Food,2025-03-31,closed_met,2025-04-08,8,1
965,1258,1318,1,Food,2025-07-27,open,,,1
966,1259,1319,7,Food,2025-08-17,closed_met,2025-08-31,14,1
967,1260,1320,5,Housing,2025-08-02,closed_unmet,2025-09-15,,1
968,1260,1320,10,Utilities,2025-08-03,closed_met,2025-08-19,16,1
969,1261,1320,4,Food,2025-03-18,closed_met,2025-03-30,12,1
970,1267,1330,12,Housing,2026-03-18,closed_met,2026-05-26,69,1
971,1267,1330,6,Utilities,2026-03-19,closed_met,2026-04-06,18,1
972,1269,1332,5,Housing,2026-03-15,open,,,1
973,1269,1332,3,Transportation,2026-03-14,closed_met,2026-03-22,8,1
974,1269,1332,9,Safety,2026-03-13,closed_met,2026-04-15,33,1
975,1273,1335,2,Housing,2025-02-08,closed_met,2025-03-17,37,1
976,1273,1335,11,Safety,2025-02-08,closed_met,2025-03-03,23,1
977,1274,1336,4,Food,2025-01-30,closed_met,2025-02-07,8,1
978,1276,1337,4,Food,2026-03-07,closed_met,2026-03-20,13,1
979,1279,1344,5,Housing,2025-07-28,closed_met,2025-09-07,41,1
980,1279,1344,6,Utilities,2025-07-25,open,,,1
981,1280,1346,7,Food,2025-03-05,closed_unmet,2025-04-09,,1
982,1281,1348,1,Food,2025-05-25,closed_met,2025-06-08,14,1
983,1281,1348,3,Transportation,2025-05-21,closed_met,2025-05-28,7,1
984,1282,1351,5,Housing,2025-10-13,closed_met,2025-11-19,37,1
985,1284,1351,10,Utilities,2025-06-08,closed_met,2025-06-23,15,1
986,1285,1354,10,Utilities,2026-01-15,closed_met,2026-01-23,8,1
987,1286,1355,1,Food,2025-05-02,closed_met,2025-05-12,10,1
988,1286,1355,3,Transportation,2025-05-01,closed_met,2025-05-04,3,1
989,1287,1359,3,Transportation,2025-01-17,closed_met,2025-01-23,6,1
990,1288,1360,10,Utilities,2025-03-19,closed_unmet,2025-05-06,,1
991,1289,1362,1,Food,2026-02-03,closed_met,2026-02-13,10,1
992,1290,1364,3,Transportation,2026-01-25,closed_met,2026-02-01,7,1
993,1291,1365,4,Food,2025-03-13,closed_met,2025-03-24,11,1
994,1292,1366,8,Transportation,2025-05-05,closed_met,2025-05-18,13,1
995,1292,1366,11,Safety,2025-05-03,closed_met,2025-05-21,18,1
996,1293,1367,6,Utilities,2026-01-02,closed_met,2026-01-30,28,1
997,1297,1371,10,Utilities,2025-02-21,closed_met,2025-03-12,19,1
998,1298,1372,10,Utilities,2025-11-30,closed_met,2025-12-10,10,1
999,1302,1378,4,Food,2025-10-15,closed_met,2025-10-21,6,1
1000,1302,1378,8,Transportation,2025-10-17,closed_met,2025-10-21,4,1
1001,1303,1379,7,Food,2025-08-29,closed_met,2025-09-16,18,1
1002,1303,1379,6,Utilities,2025-08-26,closed_met,2025-09-17,22,1
1003,1305,1379,12,Housing,2026-04-16,closed_met,2026-05-25,39,1
1004,1306,1385,1,Food,2025-09-08,closed_met,2025-09-17,9,1
1005,1307,1388,5,Housing,2026-03-17,open,,,1
1006,1309,1390,11,Safety,2025-11-08,closed_met,2025-11-30,22,1
1007,1310,1392,10,Utilities,2025-09-16,closed_met,2025-09-22,6,1
1008,1311,1392,3,Transportation,2025-03-03,closed_met,2025-03-06,3,1
1009,1311,1392,11,Safety,2025-03-01,closed_met,2025-03-29,28,1
1010,1312,1393,6,Utilities,2025-09-21,closed_unmet,2025-11-03,,1
1011,1314,1396,1,Food,2025-08-18,closed_unmet,2025-09-20,,1
1012,1315,1398,3,Transportation,2025-03-21,closed_met,2025-03-28,7,1
1013,1315,1398,10,Utilities,2025-03-20,closed_met,2025-04-09,20,1
1014,1317,1401,1,Food,2026-04-24,closed_met,2026-05-02,8,1
1015,1320,1403,7,Food,2026-03-05,closed_met,2026-03-30,25,1
1016,1321,1403,12,Housing,2025-05-01,closed_unmet,2025-06-10,,1
1017,1321,1403,8,Transportation,2025-05-01,closed_unmet,2025-06-18,,1
1018,1321,1403,6,Utilities,2025-05-05,closed_met,2025-06-04,30,1
1019,1322,1404,8,Transportation,2026-05-12,open,,,0
1020,1323,1404,2,Housing,2026-04-27,closed_met,2026-06-21,55,1
1021,1327,1411,4,Food,2025-10-26,closed_met,2025-11-09,14,1
1022,1329,1414,4,Food,2026-06-23,open,,,0
1023,1330,1415,1,Food,2025-01-30,closed_unmet,2025-03-21,,1
1024,1331,1416,1,Food,2025-12-06,closed_met,2025-12-18,12,1
1025,1331,1416,10,Utilities,2025-12-07,closed_met,2025-12-19,12,1
1026,1332,1417,2,Housing,2026-03-10,closed_met,2026-04-16,37,1
1027,1332,1417,3,Transportation,2026-03-06,closed_unmet,2026-04-06,,1
1028,1333,1419,10,Utilities,2025-05-31,open,,,1
1029,1335,1419,8,Transportation,2025-09-18,closed_met,2025-09-24,6,1
1030,1335,1419,6,Utilities,2025-09-18,closed_met,2025-10-04,16,1
1031,1336,1421,1,Food,2026-03-04,closed_met,2026-03-14,10,1
1032,1336,1421,6,Utilities,2026-02-27,closed_met,2026-03-07,8,1
1033,1337,1422,3,Transportation,2025-06-16,closed_met,2025-06-20,4,1
1034,1338,1427,11,Safety,2025-07-04,closed_met,2025-07-18,14,1
1035,1340,1427,4,Food,2025-07-07,closed_unmet,2025-08-18,,1
1036,1341,1428,2,Housing,2026-04-30,open,,,1
1037,1341,1428,3,Transportation,2026-05-03,closed_met,2026-05-07,4,0
1038,1345,1433,1,Food,2025-02-12,closed_met,2025-02-19,7,1
1039,1346,1433,12,Housing,2026-01-25,closed_unmet,2026-03-09,,1
1040,1346,1433,8,Transportation,2026-01-20,closed_unmet,2026-03-02,,1
1041,1354,1438,7,Food,2025-10-21,closed_met,2025-10-23,2,1
1042,1359,1442,11,Safety,2025-04-10,closed_met,2025-04-20,10,1
1043,1360,1442,2,Housing,2025-06-03,open,,,1
1044,1362,1443,5,Housing,2025-11-20,closed_met,2025-12-16,26,1
1045,1363,1445,10,Utilities,2025-03-23,closed_met,2025-04-04,12,1
1046,1364,1448,1,Food,2025-05-03,closed_met,2025-05-12,9,1
1047,1365,1449,1,Food,2025-04-11,closed_met,2025-04-18,7,1
1048,1368,1452,7,Food,2025-05-16,closed_met,2025-05-26,10,1
1049,1369,1453,3,Transportation,2025-03-10,closed_met,2025-03-13,3,1
1050,1370,1453,10,Utilities,2025-05-28,open,,,1
1051,1372,1456,5,Housing,2025-02-27,closed_met,2025-03-25,26,1
1052,1374,1459,11,Safety,2025-12-16,closed_met,2025-12-25,9,1
1053,1375,1460,4,Food,2025-07-12,closed_met,2025-07-20,8,1
1054,1377,1461,1,Food,2025-02-27,closed_met,2025-03-07,8,1
1055,1379,1461,1,Food,2025-06-14,closed_met,2025-06-15,1,1
1056,1381,1463,3,Transportation,2026-06-01,closed_met,2026-06-07,6,0
1057,1383,1465,2,Housing,2026-03-14,closed_met,2026-03-20,6,1
1058,1384,1466,2,Housing,2026-06-23,open,,,0
1059,1384,1466,1,Food,2026-06-27,open,,,0
1060,1384,1466,3,Transportation,2026-06-25,closed_met,2026-06-30,5,0
1061,1386,1467,2,Housing,2026-01-12,closed_met,2026-02-17,36,1
1062,1387,1468,3,Transportation,2026-03-30,closed_met,2026-04-07,8,1
1063,1388,1469,3,Transportation,2025-04-23,closed_met,2025-04-24,1,1
1064,1389,1470,10,Utilities,2025-08-26,closed_met,2025-09-06,11,1
1065,1391,1472,5,Housing,2025-12-24,closed_met,2026-01-06,13,1
1066,1392,1472,4,Food,2025-12-25,closed_met,2026-01-06,12,1
1067,1394,1474,7,Food,2026-01-21,closed_unmet,2026-03-05,,1
1068,1396,1475,1,Food,2025-12-13,closed_met,2025-12-17,4,1
1069,1398,1477,1,Food,2025-03-14,closed_met,2025-03-24,10,1
1070,1399,1477,7,Food,2026-05-28,open,,,0
1071,1404,1485,8,Transportation,2026-04-21,open,,,1
1072,1408,1488,5,Housing,2026-03-26,closed_met,2026-04-13,18,1
1073,1408,1488,10,Utilities,2026-03-28,open,,,1
1074,1410,1488,4,Food,2025-05-08,closed_unmet,2025-06-16,,1
1075,1411,1489,10,Utilities,2025-09-17,closed_met,2025-10-04,17,1
1076,1411,1489,11,Safety,2025-09-16,closed_met,2025-10-12,26,1
1077,1412,1491,6,Utilities,2025-12-30,closed_met,2026-01-23,24,1
1078,1415,1493,2,Housing,2026-06-21,open,,,0
1079,1415,1493,1,Food,2026-06-23,open,,,0
1080,1417,1494,5,Housing,2025-06-07,open,,,1
1081,1417,1494,4,Food,2025-06-08,closed_met,2025-06-27,19,1
1082,1418,1496,3,Transportation,2026-01-29,closed_unmet,2026-03-24,,1
1083,1419,1497,2,Housing,2026-05-01,closed_unmet,2026-05-28,,1
1084,1419,1497,10,Utilities,2026-05-03,closed_met,2026-05-22,19,0
1085,1421,1500,2,Housing,2025-02-13,closed_met,2025-04-03,49,1
1086,1422,1500,5,Housing,2025-05-10,open,,,1
1087,1429,1514,2,Housing,2025-12-02,closed_met,2026-01-02,31,1
1088,1429,1514,7,Food,2025-11-28,closed_met,2025-12-05,7,1
1089,1429,1514,10,Utilities,2025-12-01,closed_met,2025-12-11,10,1
1090,1433,1519,1,Food,2026-01-18,closed_met,2026-02-02,15,1
1091,1435,1520,5,Housing,2026-01-14,closed_unmet,2026-01-30,,1
1092,1437,1522,2,Housing,2025-08-02,open,,,1
1093,1437,1522,8,Transportation,2025-07-29,closed_met,2025-08-07,9,1
1094,1438,1523,8,Transportation,2025-04-05,closed_met,2025-04-08,3,1
1095,1439,1523,7,Food,2025-01-25,closed_met,2025-02-05,11,1
1096,1439,1523,10,Utilities,2025-01-29,closed_met,2025-02-21,23,1
1097,1441,1525,5,Housing,2025-04-27,closed_met,2025-05-11,14,1
1098,1441,1525,4,Food,2025-04-30,closed_met,2025-05-07,7,1
1099,1442,1526,4,Food,2025-09-06,closed_met,2025-09-17,11,1
1100,1443,1527,2,Housing,2025-02-07,open,,,1
1101,1444,1528,3,Transportation,2025-04-21,closed_met,2025-04-28,7,1
1102,1446,1529,2,Housing,2026-05-13,closed_met,2026-06-17,35,0
1103,1447,1530,5,Housing,2025-06-12,closed_met,2025-07-08,26,1
1104,1447,1530,8,Transportation,2025-06-14,closed_met,2025-06-23,9,1
1105,1448,1532,7,Food,2026-04-20,closed_met,2026-04-27,7,1
1106,1450,1537,2,Housing,2025-08-02,open,,,1
1107,1450,1537,10,Utilities,2025-08-05,closed_met,2025-08-20,15,1
1108,1451,1538,7,Food,2025-11-23,closed_met,2025-12-05,12,1
1109,1451,1538,3,Transportation,2025-11-28,closed_met,2025-12-04,6,1
1110,1456,1548,5,Housing,2026-07-03,open,,,0
1111,1456,1548,4,Food,2026-06-29,open,,,0
1112,1457,1548,4,Food,2025-02-11,closed_met,2025-02-22,11,1
1113,1458,1548,5,Housing,2025-11-11,closed_met,2025-12-12,31,1
1114,1458,1548,4,Food,2025-11-10,closed_met,2025-11-25,15,1
1115,1459,1549,3,Transportation,2025-02-03,closed_met,2025-02-08,5,1
1116,1461,1552,4,Food,2025-10-07,closed_met,2025-10-29,22,1
1117,1462,1555,1,Food,2025-01-12,closed_met,2025-01-14,2,1
1118,1464,1559,12,Housing,2026-04-07,closed_unmet,2026-04-21,,1
1119,1464,1559,8,Transportation,2026-04-13,open,,,1
1120,1464,1559,6,Utilities,2026-04-08,closed_met,2026-04-17,9,1
1121,1465,1560,2,Housing,2025-10-10,closed_met,2025-11-06,27,1
1122,1465,1560,11,Safety,2025-10-12,closed_met,2025-10-25,13,1
1123,1466,1562,10,Utilities,2026-02-07,closed_met,2026-02-19,12,1
1124,1468,1564,3,Transportation,2025-10-25,closed_met,2025-10-31,6,1
1125,1469,1565,6,Utilities,2026-05-15,closed_met,2026-05-25,10,0
1126,1471,1566,5,Housing,2025-10-28,closed_met,2025-11-14,17,1
1127,1475,1571,8,Transportation,2025-01-08,closed_met,2025-02-02,25,1
1128,1480,1574,1,Food,2025-02-04,closed_met,2025-02-10,6,1
1129,1480,1574,3,Transportation,2025-02-03,closed_unmet,2025-02-26,,1
1130,1481,1574,10,Utilities,2025-08-15,closed_met,2025-09-01,17,1
1131,1485,1577,1,Food,2026-03-28,closed_met,2026-04-03,6,1
1132,1487,1578,2,Housing,2026-06-08,open,,,0
1133,1487,1578,4,Food,2026-06-08,closed_met,2026-06-11,3,0
1134,1493,1584,2,Housing,2025-09-28,open,,,1
1135,1494,1586,1,Food,2025-12-13,closed_met,2025-12-21,8,1
1136,1494,1586,3,Transportation,2025-12-12,closed_met,2025-12-23,11,1
1137,1496,1587,3,Transportation,2026-01-13,closed_met,2026-01-16,3,1
1138,1498,1590,10,Utilities,2026-01-05,closed_met,2026-01-24,19,1
1139,1505,1597,4,Food,2026-01-05,closed_met,2026-01-19,14,1
1140,1508,1601,4,Food,2026-06-11,closed_met,2026-06-24,13,0
1141,1508,1601,3,Transportation,2026-06-12,closed_met,2026-06-16,4,0
1142,1508,1601,9,Safety,2026-06-11,open,,,0
1143,1509,1602,1,Food,2026-04-12,closed_met,2026-04-17,5,1
1144,1512,1604,2,Housing,2025-10-14,open,,,1
1145,1513,1605,3,Transportation,2026-01-13,closed_unmet,2026-02-11,,1
1146,1517,1611,1,Food,2025-10-11,closed_met,2025-10-19,8,1
1148,1518,1612,1,Food,2025-09-30,closed_unmet,2025-11-22,,1
1149,1519,1613,1,Food,2025-09-01,closed_met,2025-09-13,12,1
1150,1519,1613,10,Utilities,2025-09-01,closed_met,2025-09-12,11,1
1151,1522,1615,12,Housing,2025-02-18,open,,,1
1152,1522,1615,3,Transportation,2025-02-15,closed_met,2025-02-18,3,1
1153,1523,1616,11,Safety,2025-06-27,closed_met,2025-07-15,18,1
1154,1524,1616,12,Housing,2026-04-23,open,,,1
1155,1526,1619,3,Transportation,2026-06-02,closed_met,2026-06-06,4,0
1156,1527,1624,4,Food,2025-04-18,closed_met,2025-04-21,3,1
1157,1533,1629,2,Housing,2025-08-15,closed_met,2025-09-21,37,1
1158,1533,1629,1,Food,2025-08-19,closed_met,2025-08-29,10,1
1159,1535,1630,1,Food,2026-02-25,closed_met,2026-03-02,5,1
1160,1535,1630,10,Utilities,2026-02-25,closed_met,2026-03-16,19,1
1161,1537,1633,8,Transportation,2025-02-09,open,,,1
1162,1538,1634,3,Transportation,2025-12-10,closed_met,2025-12-16,6,1
1163,1539,1635,4,Food,2025-02-15,closed_met,2025-03-04,17,1
1164,1540,1635,4,Food,2026-04-03,closed_met,2026-04-10,7,1
1165,1543,1637,5,Housing,2025-04-01,closed_met,2025-04-23,22,1
1166,1543,1637,8,Transportation,2025-04-01,closed_met,2025-04-06,5,1
1167,1545,1639,3,Transportation,2026-01-09,closed_met,2026-01-11,2,1
1168,1545,1639,10,Utilities,2026-01-14,closed_met,2026-01-19,5,1
1169,1546,1640,3,Transportation,2026-02-09,closed_unmet,2026-03-12,,1
1170,1548,1642,10,Utilities,2025-09-11,closed_met,2025-09-25,14,1
1171,1549,1643,1,Food,2025-03-23,closed_unmet,2025-05-01,,1
1172,1551,1645,5,Housing,2025-08-27,closed_met,2025-10-11,45,1
1173,1554,1648,8,Transportation,2025-11-09,closed_met,2025-11-20,11,1
1174,1555,1648,12,Housing,2025-11-26,open,,,1
1175,1555,1648,4,Food,2025-11-27,closed_met,2025-12-02,5,1
1176,1556,1649,11,Safety,2025-09-28,closed_met,2025-10-15,17,1
1177,1557,1651,12,Housing,2025-05-13,closed_met,2025-06-23,41,1
1178,1557,1651,3,Transportation,2025-05-16,closed_met,2025-05-20,4,1
1179,1558,1652,1,Food,2025-09-23,closed_met,2025-10-03,10,1
1180,1558,1652,11,Safety,2025-09-23,closed_met,2025-10-02,9,1
1181,1559,1652,2,Housing,2025-07-31,open,,,1
1182,1560,1652,2,Housing,2026-04-08,closed_met,2026-04-29,21,1
1183,1560,1652,10,Utilities,2026-04-13,closed_met,2026-04-24,11,1
1184,1560,1652,11,Safety,2026-04-12,closed_met,2026-04-16,4,1
1185,1561,1653,3,Transportation,2025-05-17,closed_unmet,2025-07-03,,1
1186,1562,1656,2,Housing,2025-06-22,open,,,1
1187,1564,1661,9,Safety,2026-02-18,open,,,1
1188,1565,1662,3,Transportation,2025-07-08,closed_met,2025-07-13,5,1
1189,1566,1663,11,Safety,2026-03-18,closed_met,2026-04-11,24,1
1190,1567,1664,3,Transportation,2026-02-18,closed_met,2026-02-21,3,1
1191,1568,1665,4,Food,2026-06-20,open,,,0
1192,1570,1665,8,Transportation,2025-11-16,closed_met,2025-11-25,9,1
1193,1571,1666,8,Transportation,2026-01-18,open,,,1
1194,1573,1668,12,Housing,2025-03-15,open,,,1
1195,1573,1668,8,Transportation,2025-03-16,closed_met,2025-03-23,7,1
1196,1574,1669,4,Food,2026-05-19,closed_met,2026-05-30,11,0
1197,1574,1669,10,Utilities,2026-05-18,closed_met,2026-05-29,11,0
1198,1575,1670,8,Transportation,2025-10-01,open,,,1
1199,1576,1670,3,Transportation,2025-09-16,closed_unmet,2025-10-26,,1
1200,1578,1672,5,Housing,2026-02-10,closed_met,2026-03-15,33,1
1201,1580,1674,5,Housing,2025-07-26,open,,,1
1202,1580,1674,6,Utilities,2025-07-25,closed_unmet,2025-09-19,,1
1203,1586,1678,4,Food,2026-02-03,closed_unmet,2026-03-01,,1
1204,1587,1681,1,Food,2025-01-27,closed_unmet,2025-03-19,,1
1205,1587,1681,11,Safety,2025-01-25,closed_met,2025-02-15,21,1
1206,1589,1682,2,Housing,2025-07-19,open,,,1
1207,1590,1682,1,Food,2026-05-03,closed_met,2026-05-08,5,0
1208,1591,1684,12,Housing,2025-04-19,closed_met,2025-06-27,69,1
1209,1591,1684,8,Transportation,2025-04-18,closed_unmet,2025-06-17,,1
1210,1596,1692,2,Housing,2025-09-21,closed_met,2025-10-05,14,1
1211,1597,1697,4,Food,2025-07-15,closed_unmet,2025-09-07,,1
1212,1598,1698,1,Food,2025-06-16,closed_met,2025-06-21,5,1
1213,1599,1698,3,Transportation,2026-06-18,closed_met,2026-06-26,8,0
1214,1603,1700,3,Transportation,2025-12-07,closed_met,2025-12-14,7,1
1215,1604,1702,1,Food,2026-02-06,open,,,1
1216,1605,1702,3,Transportation,2025-11-23,closed_met,2025-11-30,7,1
1217,1607,1704,1,Food,2026-02-18,closed_met,2026-03-01,11,1
1218,1608,1705,4,Food,2025-05-01,closed_met,2025-05-12,11,1
1219,1609,1707,2,Housing,2025-12-05,closed_met,2026-01-17,43,1
1220,1612,1710,6,Utilities,2025-12-10,closed_met,2025-12-24,14,1
1221,1613,1713,8,Transportation,2025-05-21,closed_met,2025-05-24,3,1
1222,1614,1714,8,Transportation,2025-02-14,closed_unmet,2025-03-25,,1
1223,1616,1716,4,Food,2025-05-24,open,,,1
1224,1616,1716,10,Utilities,2025-05-24,closed_met,2025-06-07,14,1
1225,1618,1718,7,Food,2026-04-01,closed_met,2026-04-13,12,1
1226,1621,1722,1,Food,2025-04-21,closed_met,2025-05-05,14,1
1227,1624,1729,2,Housing,2025-02-26,closed_met,2025-03-23,25,1
1228,1624,1729,1,Food,2025-02-21,closed_met,2025-03-02,9,1
1229,1625,1734,1,Food,2026-01-02,closed_met,2026-01-07,5,1
1230,1625,1734,11,Safety,2026-01-04,closed_met,2026-01-24,20,1
1231,1626,1735,1,Food,2026-04-19,closed_met,2026-04-27,8,1
1232,1627,1736,10,Utilities,2026-06-19,open,,,0
1233,1628,1736,1,Food,2025-04-26,closed_met,2025-05-02,6,1
1234,1628,1736,3,Transportation,2025-04-21,closed_met,2025-04-26,5,1
1235,1629,1736,10,Utilities,2026-04-07,closed_met,2026-04-23,16,1
1236,1631,1738,3,Transportation,2026-02-25,closed_met,2026-02-28,3,1
1237,1635,1741,8,Transportation,2026-03-30,closed_met,2026-04-05,6,1
1238,1636,1743,2,Housing,2026-06-17,open,,,0
1239,1637,1744,3,Transportation,2025-05-20,closed_unmet,2025-07-12,,1
1240,1638,1744,2,Housing,2025-03-07,open,,,1
1241,1640,1748,5,Housing,2025-01-08,closed_met,2025-02-01,24,1
1242,1640,1748,3,Transportation,2025-01-06,closed_unmet,2025-01-26,,1
1243,1641,1749,3,Transportation,2025-04-20,closed_unmet,2025-06-01,,1
1244,1642,1750,10,Utilities,2025-04-19,closed_met,2025-05-02,13,1
1245,1643,1751,2,Housing,2025-11-27,closed_met,2026-01-04,38,1
1247,1645,1752,8,Transportation,2026-05-22,open,,,0
1248,1645,1752,6,Utilities,2026-05-20,open,,,0
1249,1646,1752,12,Housing,2026-05-06,closed_met,2026-06-02,27,0
1250,1646,1752,1,Food,2026-05-05,closed_met,2026-05-13,8,0
1251,1647,1752,12,Housing,2026-01-15,closed_met,2026-01-29,14,1
1252,1647,1752,1,Food,2026-01-17,closed_met,2026-01-25,8,1
1253,1648,1753,10,Utilities,2025-03-27,closed_met,2025-04-18,22,1
1254,1649,1754,7,Food,2026-01-01,open,,,1
1255,1650,1754,10,Utilities,2025-09-10,closed_unmet,2025-11-02,,1
1256,1654,1760,4,Food,2025-12-05,closed_met,2025-12-18,13,1
1257,1656,1762,1,Food,2025-03-11,closed_met,2025-03-24,13,1
1258,1657,1762,10,Utilities,2025-09-14,closed_met,2025-10-07,23,1
1259,1658,1763,1,Food,2026-02-20,closed_unmet,2026-04-18,,1
1260,1660,1767,2,Housing,2026-04-29,closed_met,2026-06-07,39,1
1261,1663,1769,6,Utilities,2025-08-08,closed_met,2025-08-23,15,1
1262,1665,1775,6,Utilities,2025-01-16,closed_met,2025-01-24,8,1
1263,1666,1776,8,Transportation,2026-02-01,open,,,1
1264,1670,1778,12,Housing,2026-04-27,open,,,1
1265,1672,1780,2,Housing,2025-06-27,closed_met,2025-07-11,14,1
1266,1673,1780,1,Food,2025-06-29,closed_met,2025-07-06,7,1
1267,1677,1783,10,Utilities,2026-01-29,closed_met,2026-02-15,17,1
1268,1679,1785,1,Food,2026-05-10,closed_met,2026-05-21,11,0
1269,1680,1785,3,Transportation,2026-05-18,closed_met,2026-05-22,4,0
1270,1681,1786,9,Safety,2025-03-31,closed_unmet,2025-05-08,,1
1271,1683,1787,1,Food,2025-03-26,closed_unmet,2025-04-09,,1
1272,1684,1788,12,Housing,2026-01-02,closed_met,2026-02-07,36,1
1273,1686,1789,11,Safety,2025-04-13,closed_met,2025-05-02,19,1
1274,1687,1791,2,Housing,2025-04-21,closed_met,2025-05-15,24,1
1275,1687,1791,3,Transportation,2025-04-19,closed_met,2025-04-24,5,1
1276,1687,1791,10,Utilities,2025-04-23,open,,,1
1277,1689,1793,1,Food,2026-06-02,closed_met,2026-06-10,8,0
1278,1689,1793,3,Transportation,2026-06-01,closed_met,2026-06-08,7,0
1279,1689,1793,11,Safety,2026-06-01,closed_met,2026-06-16,15,0
1280,1691,1796,2,Housing,2025-10-19,open,,,1
1281,1691,1796,3,Transportation,2025-10-25,closed_unmet,2025-12-04,,1
1282,1692,1798,4,Food,2025-02-21,closed_met,2025-03-03,10,1
1283,1693,1799,2,Housing,2025-07-05,closed_met,2025-08-12,38,1
1284,1693,1799,1,Food,2025-07-05,closed_met,2025-07-16,11,1
1285,1693,1799,10,Utilities,2025-07-04,closed_met,2025-07-17,13,1
1286,1694,1799,2,Housing,2025-01-17,closed_met,2025-02-16,30,1
1287,1695,1800,3,Transportation,2025-06-29,closed_met,2025-07-04,5,1
1288,1696,1802,8,Transportation,2025-10-08,closed_met,2025-10-15,7,1
1289,1697,1803,10,Utilities,2025-01-11,closed_met,2025-01-24,13,1
1290,1698,1804,10,Utilities,2026-06-19,closed_met,2026-06-25,6,0
1291,1699,1808,6,Utilities,2025-05-11,closed_met,2025-05-31,20,1
1292,1700,1809,3,Transportation,2026-02-22,closed_met,2026-03-03,9,1
1293,1703,1811,8,Transportation,2025-02-15,closed_unmet,2025-03-24,,1
1294,1704,1812,2,Housing,2025-11-11,closed_met,2025-11-26,15,1
1295,1705,1812,11,Safety,2025-10-28,closed_met,2025-10-29,1,1
1296,1706,1813,1,Food,2025-12-27,closed_met,2026-01-07,11,1
1297,1709,1816,12,Housing,2026-06-19,open,,,0
1298,1709,1816,6,Utilities,2026-06-17,open,,,0
1299,1712,1820,2,Housing,2026-02-18,open,,,1
1300,1714,1821,3,Transportation,2026-01-17,closed_met,2026-01-19,2,1
1301,1715,1822,2,Housing,2026-01-03,closed_met,2026-02-26,54,1
1302,1715,1822,10,Utilities,2026-01-03,closed_met,2026-01-07,4,1
1303,1716,1824,6,Utilities,2025-03-14,closed_met,2025-04-06,23,1
1304,1717,1827,3,Transportation,2025-06-28,closed_unmet,2025-07-27,,1
1305,1721,1830,3,Transportation,2025-12-10,closed_met,2025-12-11,1,1
1306,1721,1830,11,Safety,2025-12-14,closed_met,2026-01-04,21,1
1307,1722,1831,7,Food,2025-03-23,closed_met,2025-04-06,14,1
1308,1722,1831,3,Transportation,2025-03-20,closed_met,2025-03-25,5,1
1309,1722,1831,6,Utilities,2025-03-20,closed_met,2025-04-16,27,1
1310,1723,1833,6,Utilities,2026-05-29,closed_met,2026-06-16,18,0
1311,1723,1833,11,Safety,2026-05-23,closed_met,2026-06-10,18,0
1312,1724,1834,1,Food,2026-04-15,closed_met,2026-04-28,13,1
1313,1727,1839,2,Housing,2025-03-20,closed_met,2025-04-22,33,1
1314,1727,1839,1,Food,2025-03-22,closed_met,2025-03-28,6,1
1315,1728,1840,1,Food,2026-06-10,open,,,0
1316,1729,1841,1,Food,2025-11-20,closed_met,2025-11-27,7,1
1318,1731,1842,2,Housing,2025-09-20,closed_met,2025-11-01,42,1
1319,1735,1852,1,Food,2025-05-24,closed_met,2025-06-01,8,1
1320,1736,1853,1,Food,2025-01-19,closed_met,2025-01-29,10,1
1321,1736,1853,10,Utilities,2025-01-17,open,,,1
1322,1737,1854,4,Food,2026-05-31,closed_met,2026-06-11,11,0
1323,1738,1856,4,Food,2025-08-23,closed_unmet,2025-10-10,,1
1324,1740,1861,1,Food,2025-06-20,open,,,1
1325,1740,1861,10,Utilities,2025-06-14,closed_unmet,2025-07-16,,1
1326,1741,1864,11,Safety,2025-06-22,closed_met,2025-07-17,25,1
1327,1743,1865,8,Transportation,2025-04-08,open,,,1
1328,1744,1866,4,Food,2025-01-13,closed_met,2025-01-22,9,1
1329,1746,1868,2,Housing,2026-03-13,open,,,1
1330,1746,1868,3,Transportation,2026-03-15,closed_met,2026-03-19,4,1
1331,1747,1870,4,Food,2025-11-27,closed_met,2025-12-10,13,1
1332,1749,1874,1,Food,2025-06-29,closed_met,2025-07-03,4,1
1333,1751,1875,3,Transportation,2026-04-30,closed_met,2026-05-05,5,1
1334,1752,1875,12,Housing,2026-03-24,open,,,1
1335,1754,1878,2,Housing,2025-09-18,open,,,1
1336,1754,1878,7,Food,2025-09-19,closed_unmet,2025-11-15,,1
1337,1755,1878,8,Transportation,2025-09-17,closed_met,2025-09-28,11,1
1338,1756,1879,8,Transportation,2025-05-17,open,,,1
1339,1757,1880,1,Food,2025-06-11,closed_unmet,2025-07-10,,1
1340,1757,1880,3,Transportation,2025-06-14,closed_met,2025-06-22,8,1
1341,1759,1882,1,Food,2025-04-23,closed_unmet,2025-05-11,,1
1342,1759,1882,3,Transportation,2025-04-23,closed_met,2025-04-25,2,1
1343,1761,1888,3,Transportation,2025-05-21,closed_unmet,2025-07-03,,1
1344,1764,1891,3,Transportation,2026-03-08,closed_met,2026-03-14,6,1
1345,1766,1893,1,Food,2025-08-14,closed_met,2025-08-25,11,1
1346,1767,1893,2,Housing,2025-07-25,closed_met,2025-08-03,9,1
1347,1767,1893,3,Transportation,2025-07-23,closed_met,2025-07-30,7,1
1348,1768,1894,8,Transportation,2025-04-02,closed_met,2025-04-12,10,1
1349,1769,1894,8,Transportation,2025-06-02,open,,,1
1350,1771,1895,1,Food,2025-05-17,closed_met,2025-05-25,8,1
1351,1774,1898,12,Housing,2025-01-29,closed_met,2025-04-01,62,1
1352,1775,1899,12,Housing,2025-12-13,closed_met,2026-01-21,39,1
1353,1776,1900,5,Housing,2025-12-20,closed_unmet,2026-01-01,,1
1354,1776,1900,11,Safety,2025-12-17,closed_met,2025-12-28,11,1
1355,1777,1903,5,Housing,2025-10-24,closed_met,2025-11-22,29,1
1356,1779,1907,10,Utilities,2026-04-18,closed_met,2026-05-01,13,1
1357,1780,1907,5,Housing,2025-02-25,open,,,1
1358,1781,1908,4,Food,2026-03-30,closed_unmet,2026-05-16,,1
1359,1782,1909,3,Transportation,2025-08-17,closed_unmet,2025-09-07,,1
1360,1784,1912,10,Utilities,2025-11-15,closed_met,2025-12-07,22,1
1361,1785,1913,2,Housing,2025-07-31,closed_unmet,2025-08-30,,1
1362,1787,1914,10,Utilities,2025-02-04,closed_met,2025-02-21,17,1
1363,1790,1922,1,Food,2026-06-01,closed_met,2026-06-09,8,0
1364,1791,1923,1,Food,2026-06-01,closed_met,2026-06-05,4,0
1365,1792,1927,2,Housing,2025-01-29,closed_met,2025-02-23,25,1
1366,1792,1927,3,Transportation,2025-01-28,closed_unmet,2025-03-09,,1
1367,1793,1928,12,Housing,2025-10-06,closed_met,2025-11-22,47,1
1368,1793,1928,11,Safety,2025-10-02,closed_met,2025-10-22,20,1
1369,1795,1931,10,Utilities,2026-05-10,closed_met,2026-05-24,14,0
1370,1796,1931,4,Food,2026-05-19,closed_met,2026-06-01,13,0
1371,1797,1932,12,Housing,2025-06-26,open,,,1
1372,1797,1932,4,Food,2025-06-26,closed_met,2025-07-11,15,1
1373,1797,1932,11,Safety,2025-06-23,closed_unmet,2025-07-30,,1
1374,1799,1934,12,Housing,2025-03-24,closed_unmet,2025-04-23,,1
1375,1799,1934,7,Food,2025-03-24,closed_met,2025-04-08,15,1
1376,1799,1934,9,Safety,2025-03-24,closed_met,2025-04-18,25,1
1377,1807,1941,5,Housing,2025-01-11,closed_unmet,2025-03-05,,1
1378,1808,1941,4,Food,2025-05-16,closed_met,2025-06-01,16,1
1379,1814,1947,7,Food,2025-08-06,closed_met,2025-08-19,13,1
1380,1814,1947,3,Transportation,2025-08-06,closed_unmet,2025-08-16,,1
1381,1814,1947,6,Utilities,2025-08-11,closed_met,2025-09-04,24,1
1382,1815,1948,4,Food,2025-09-07,closed_met,2025-09-20,13,1
1383,1816,1949,3,Transportation,2025-12-14,closed_unmet,2026-01-08,,1
1384,1818,1949,10,Utilities,2025-05-26,closed_met,2025-06-12,17,1
1385,1820,1950,10,Utilities,2025-03-14,open,,,1
1386,1821,1951,3,Transportation,2026-01-08,closed_met,2026-01-16,8,1
1387,1822,1953,2,Housing,2025-02-17,open,,,1
1388,1822,1953,1,Food,2025-02-20,closed_met,2025-02-27,7,1
1389,1823,1954,3,Transportation,2025-01-10,closed_met,2025-01-11,1,1
1390,1824,1955,10,Utilities,2026-04-03,closed_met,2026-04-18,15,1
1391,1827,1956,1,Food,2025-06-20,closed_met,2025-06-30,10,1
1392,1827,1956,10,Utilities,2025-06-25,closed_unmet,2025-07-23,,1
1393,1830,1960,10,Utilities,2026-01-10,closed_met,2026-01-20,10,1
1394,1831,1960,3,Transportation,2025-07-07,closed_met,2025-07-12,5,1
1395,1832,1961,4,Food,2026-01-14,open,,,1
1396,1833,1962,2,Housing,2026-05-01,closed_unmet,2026-05-20,,1
1397,1833,1962,1,Food,2026-05-03,closed_met,2026-05-08,5,0
1398,1836,1965,10,Utilities,2025-10-31,closed_met,2025-11-22,22,1
1399,1837,1965,7,Food,2025-11-17,closed_met,2025-11-30,13,1
1400,1838,1966,4,Food,2026-01-06,closed_met,2026-01-11,5,1
1401,1840,1967,4,Food,2025-06-22,closed_met,2025-07-08,16,1
1402,1841,1968,8,Transportation,2025-11-08,closed_unmet,2025-12-21,,1
1403,1841,1968,10,Utilities,2025-11-06,open,,,1
1404,1844,1973,3,Transportation,2025-04-20,closed_met,2025-04-28,8,1
1406,1846,1975,10,Utilities,2025-07-09,closed_met,2025-07-25,16,1
1407,1847,1975,4,Food,2025-01-08,closed_met,2025-01-20,12,1
1408,1847,1975,10,Utilities,2025-01-09,closed_met,2025-01-27,18,1
1409,1848,1977,3,Transportation,2026-02-16,closed_met,2026-02-20,4,1
1410,1849,1978,7,Food,2025-08-12,closed_met,2025-08-24,12,1
1411,1849,1978,8,Transportation,2025-08-08,closed_met,2025-08-19,11,1
1412,1850,1978,2,Housing,2025-05-03,open,,,1
1413,1852,1979,8,Transportation,2025-05-02,closed_met,2025-05-12,10,1
1414,1852,1979,9,Safety,2025-05-02,closed_met,2025-06-04,33,1
1415,1853,1980,7,Food,2025-02-14,closed_met,2025-02-21,7,1
1416,1853,1980,8,Transportation,2025-02-16,closed_met,2025-03-01,13,1
1417,1854,1981,10,Utilities,2026-04-26,closed_met,2026-05-19,23,1
1418,1855,1981,8,Transportation,2026-03-20,closed_met,2026-03-25,5,1
1419,1855,1981,6,Utilities,2026-03-21,closed_unmet,2026-04-04,,1
1420,1856,1982,2,Housing,2025-03-22,closed_met,2025-05-08,47,1
1421,1856,1982,11,Safety,2025-03-22,closed_met,2025-04-06,15,1
1422,1858,1985,8,Transportation,2025-11-27,open,,,1
1423,1859,1986,5,Housing,2025-02-02,closed_met,2025-03-27,53,1
1424,1860,1987,1,Food,2025-02-16,open,,,1
1425,1860,1987,3,Transportation,2025-02-13,closed_met,2025-02-19,6,1
1426,1862,1989,6,Utilities,2025-09-22,open,,,1
1427,1863,1989,4,Food,2026-06-21,open,,,0
1428,1863,1989,8,Transportation,2026-06-18,closed_met,2026-06-26,8,0
1429,1864,1989,1,Food,2026-02-16,closed_unmet,2026-03-27,,1
1430,1864,1989,3,Transportation,2026-02-14,closed_unmet,2026-04-07,,1
1431,1865,1990,1,Food,2025-12-30,closed_met,2026-01-10,11,1
1432,1868,1992,2,Housing,2025-01-18,open,,,1
1433,1868,1992,3,Transportation,2025-01-23,closed_met,2025-01-27,4,1
1434,1872,1996,7,Food,2025-10-06,closed_met,2025-10-19,13,1
1435,1873,1997,7,Food,2026-07-01,open,,,0
1436,1873,1997,11,Safety,2026-06-26,closed_met,2026-06-29,3,0
1437,1875,1999,2,Housing,2025-11-03,open,,,1
1438,1876,2000,8,Transportation,2025-07-02,closed_met,2025-07-13,11,1
1439,1881,2005,3,Transportation,2025-03-17,closed_met,2025-03-28,11,1
1440,1882,2005,10,Utilities,2026-03-04,open,,,1
1441,1883,2006,10,Utilities,2025-01-12,closed_met,2025-01-27,15,1
1442,1884,2007,7,Food,2025-09-19,closed_met,2025-09-29,10,1
1443,1886,2009,4,Food,2026-04-10,closed_met,2026-04-25,15,1
1444,1886,2009,10,Utilities,2026-04-09,closed_met,2026-04-25,16,1
1445,1887,2009,4,Food,2026-01-03,closed_met,2026-01-05,2,1
1446,1889,2013,3,Transportation,2025-01-19,closed_met,2025-01-26,7,1
1447,1893,2017,2,Housing,2025-10-31,closed_met,2025-11-29,29,1
1448,1893,2017,1,Food,2025-10-27,closed_met,2025-11-04,8,1
1449,1893,2017,3,Transportation,2025-10-31,closed_met,2025-11-06,6,1
1450,1899,2024,6,Utilities,2025-03-05,closed_met,2025-04-04,30,1
1451,1899,2024,9,Safety,2025-03-05,closed_met,2025-03-19,14,1
1452,1900,2026,2,Housing,2025-12-18,closed_met,2026-01-16,29,1
1453,1901,2027,5,Housing,2025-06-21,closed_met,2025-07-08,17,1
1454,1901,2027,1,Food,2025-06-25,closed_met,2025-07-01,6,1
1455,1901,2027,10,Utilities,2025-06-25,open,,,1
1456,1902,2028,2,Housing,2026-06-05,open,,,0
1457,1902,2028,7,Food,2026-06-04,closed_met,2026-06-14,10,0
1458,1902,2028,10,Utilities,2026-06-05,closed_met,2026-06-24,19,0
1459,1903,2030,8,Transportation,2025-01-17,closed_met,2025-01-31,14,1
1460,1905,2034,2,Housing,2025-03-01,open,,,1
1461,1906,2035,1,Food,2025-11-24,open,,,1
1462,1906,2035,3,Transportation,2025-11-24,closed_met,2025-11-28,4,1
1463,1907,2036,8,Transportation,2026-06-17,closed_met,2026-06-26,9,0
1464,1907,2036,6,Utilities,2026-06-22,open,,,0
1465,1909,2036,1,Food,2025-09-09,closed_met,2025-09-19,10,1
1466,1909,2036,8,Transportation,2025-09-14,closed_met,2025-09-25,11,1
1467,1910,2037,4,Food,2026-01-09,closed_met,2026-01-22,13,1
1468,1913,2038,2,Housing,2025-12-02,open,,,1
1469,1913,2038,8,Transportation,2025-11-28,closed_met,2025-12-13,15,1
1470,1917,2042,2,Housing,2026-03-16,open,,,1
1471,1917,2042,4,Food,2026-03-12,closed_met,2026-03-18,6,1
1472,1920,2046,2,Housing,2026-06-11,closed_met,2026-06-28,17,0
1473,1922,2048,1,Food,2025-04-30,closed_met,2025-05-07,7,1
1474,1925,2050,1,Food,2026-02-28,closed_met,2026-03-02,2,1
1475,1926,2051,4,Food,2025-03-22,closed_met,2025-03-29,7,1
1476,1926,2051,3,Transportation,2025-03-28,closed_met,2025-03-31,3,1
1477,1926,2051,10,Utilities,2025-03-27,closed_met,2025-04-08,12,1
1478,1927,2051,10,Utilities,2026-06-22,closed_met,2026-06-28,6,0
1479,1928,2052,1,Food,2026-02-11,open,,,1
1480,1929,2053,7,Food,2025-06-14,closed_unmet,2025-07-14,,1
1481,1930,2053,7,Food,2025-05-11,open,,,1
1482,1933,2058,7,Food,2026-05-17,open,,,0
1483,1934,2059,1,Food,2025-03-22,closed_met,2025-03-31,9,1
1484,1935,2060,1,Food,2025-10-17,closed_met,2025-10-24,7,1
1485,1935,2060,8,Transportation,2025-10-17,closed_met,2025-10-20,3,1
1486,1936,2061,2,Housing,2025-12-20,open,,,1
1487,1937,2062,1,Food,2026-02-18,closed_met,2026-03-01,11,1
1488,1938,2062,10,Utilities,2026-06-02,closed_met,2026-06-16,14,0
1489,1942,2067,4,Food,2026-02-24,closed_met,2026-03-16,20,1
1490,1944,2070,11,Safety,2026-01-09,closed_met,2026-01-23,14,1
1491,1945,2071,10,Utilities,2025-04-20,closed_met,2025-05-14,24,1
1492,1946,2074,1,Food,2025-04-16,closed_met,2025-04-30,14,1
1493,1947,2075,7,Food,2025-08-17,closed_met,2025-08-29,12,1
1494,1947,2075,8,Transportation,2025-08-20,open,,,1
1495,1951,2080,2,Housing,2025-12-08,open,,,1
1496,1952,2082,2,Housing,2025-11-10,closed_met,2025-12-02,22,1
1497,1952,2082,3,Transportation,2025-11-13,closed_met,2025-11-16,3,1
1499,1953,2083,1,Food,2026-02-20,closed_met,2026-03-04,12,1
1500,1954,2084,2,Housing,2025-04-24,closed_unmet,2025-05-10,,1
1501,1954,2084,1,Food,2025-04-23,closed_met,2025-04-30,7,1
1502,1955,2085,1,Food,2025-01-20,closed_met,2025-01-29,9,1
1503,1955,2085,10,Utilities,2025-01-20,closed_met,2025-02-01,12,1
1504,1958,2087,10,Utilities,2026-04-23,closed_met,2026-05-04,11,1
1505,1959,2090,1,Food,2026-01-27,closed_met,2026-01-31,4,1
1506,1959,2090,10,Utilities,2026-01-31,closed_met,2026-02-09,9,1
1507,1961,2092,12,Housing,2025-08-26,open,,,1
1508,1965,2094,3,Transportation,2025-11-26,closed_met,2025-12-05,9,1
1509,1966,2096,10,Utilities,2025-02-22,open,,,1
1510,1971,2099,8,Transportation,2025-08-03,closed_met,2025-08-20,17,1
1511,1975,2102,8,Transportation,2025-09-19,open,,,1
1512,1980,2106,3,Transportation,2026-06-27,open,,,0
1513,1982,2109,8,Transportation,2026-06-01,open,,,0
1514,1984,2113,3,Transportation,2025-06-27,closed_met,2025-07-01,4,1
1515,1985,2115,2,Housing,2026-04-28,closed_unmet,2026-06-09,,1
1516,1986,2116,3,Transportation,2026-05-27,closed_met,2026-06-03,7,0
1517,1987,2116,7,Food,2025-04-17,closed_met,2025-05-09,22,1
1518,1988,2117,2,Housing,2026-01-23,closed_met,2026-03-07,43,1
1519,1989,2118,11,Safety,2025-02-17,closed_met,2025-03-05,16,1
1520,1992,2120,1,Food,2025-07-07,closed_unmet,2025-08-15,,1
1521,1994,2126,1,Food,2025-12-16,closed_met,2025-12-22,6,1
1522,1996,2127,8,Transportation,2025-03-21,closed_met,2025-04-10,20,1
1523,1997,2128,4,Food,2025-06-21,closed_unmet,2025-07-19,,1
1524,1997,2128,6,Utilities,2025-06-26,open,,,1
1525,1999,2130,4,Food,2026-06-04,closed_met,2026-06-15,11,0
1526,2001,2132,6,Utilities,2025-04-11,open,,,1
1527,2002,2134,3,Transportation,2026-05-23,closed_met,2026-05-30,7,0
1528,2006,2137,2,Housing,2026-03-30,closed_unmet,2026-05-13,,1
1529,2007,2137,2,Housing,2025-01-02,closed_met,2025-02-08,37,1
1530,2008,2137,1,Food,2025-09-12,closed_met,2025-09-24,12,1
1531,2008,2137,3,Transportation,2025-09-11,closed_met,2025-09-15,4,1
1532,2009,2138,8,Transportation,2026-04-30,open,,,1
1533,2010,2139,3,Transportation,2026-06-13,closed_met,2026-06-20,7,0
1534,2012,2141,12,Housing,2025-04-07,open,,,1
1535,2013,2141,1,Food,2026-04-10,closed_met,2026-04-16,6,1
1536,2014,2142,4,Food,2026-05-06,closed_met,2026-05-19,13,0
1538,2015,2142,4,Food,2025-01-21,closed_met,2025-01-31,10,1
1539,2016,2143,3,Transportation,2026-06-05,closed_met,2026-06-09,4,0
1540,2017,2144,3,Transportation,2025-11-13,closed_met,2025-11-20,7,1
1541,2018,2145,3,Transportation,2025-06-02,closed_met,2025-06-04,2,1
1542,2020,2148,2,Housing,2026-01-14,closed_unmet,2026-02-24,,1
1543,2020,2148,3,Transportation,2026-01-15,closed_met,2026-01-21,6,1
1544,2021,2149,4,Food,2025-10-06,closed_met,2025-10-14,8,1
1545,2021,2149,11,Safety,2025-10-07,open,,,1
1546,2023,2150,1,Food,2025-12-11,closed_met,2025-12-21,10,1
1547,2025,2152,10,Utilities,2025-09-09,closed_met,2025-09-16,7,1
1548,2026,2152,10,Utilities,2025-03-01,closed_met,2025-03-17,16,1
1549,2027,2153,3,Transportation,2025-12-28,closed_met,2026-01-03,6,1
1550,2027,2153,10,Utilities,2025-12-28,closed_met,2026-01-16,19,1
1551,2028,2153,2,Housing,2026-04-26,closed_unmet,2026-06-13,,1
1552,2029,2155,10,Utilities,2025-04-16,closed_met,2025-05-07,21,1
1553,2033,2159,8,Transportation,2026-05-01,open,,,1
1554,2034,2160,3,Transportation,2025-08-29,closed_met,2025-09-06,8,1
1555,2035,2161,11,Safety,2025-01-13,closed_met,2025-01-28,15,1
1556,2037,2164,8,Transportation,2025-12-27,closed_met,2026-01-06,10,1
1557,2040,2165,10,Utilities,2025-02-05,closed_unmet,2025-02-27,,1
1558,2041,2166,2,Housing,2025-12-13,closed_unmet,2026-02-03,,1
1559,2041,2166,3,Transportation,2025-12-12,closed_met,2025-12-16,4,1
1560,2042,2167,6,Utilities,2026-03-04,closed_unmet,2026-03-22,,1
1561,2043,2167,3,Transportation,2025-09-26,closed_met,2025-09-28,2,1
1562,2045,2171,5,Housing,2025-09-15,open,,,1
1563,2046,2172,7,Food,2025-10-02,closed_met,2025-10-18,16,1
1564,2049,2175,3,Transportation,2026-04-07,closed_met,2026-04-17,10,1
1565,2049,2175,10,Utilities,2026-04-08,open,,,1
1566,2050,2177,5,Housing,2026-02-06,open,,,1
1567,2050,2177,3,Transportation,2026-02-09,closed_met,2026-02-16,7,1
1568,2051,2177,6,Utilities,2025-12-31,closed_met,2026-01-07,7,1
1569,2051,2177,9,Safety,2026-01-01,closed_met,2026-01-21,20,1
1570,2053,2180,8,Transportation,2025-09-20,closed_met,2025-10-04,14,1
1571,2055,2184,12,Housing,2026-06-11,open,,,0
1572,2055,2184,7,Food,2026-06-10,closed_met,2026-06-27,17,0
1573,2058,2186,2,Housing,2026-05-30,open,,,0
1574,2059,2186,1,Food,2025-10-21,closed_met,2025-11-01,11,1
1575,2062,2188,2,Housing,2025-04-13,closed_met,2025-05-31,48,1
1576,2063,2189,7,Food,2025-12-25,closed_met,2026-01-11,17,1
1577,2065,2191,8,Transportation,2026-06-19,open,,,0
1578,2069,2196,3,Transportation,2025-12-20,closed_met,2025-12-24,4,1
1579,2071,2197,12,Housing,2026-03-27,open,,,1
1580,2073,2199,12,Housing,2025-02-28,closed_unmet,2025-04-01,,1
1581,2073,2199,7,Food,2025-02-26,open,,,1
1582,2073,2199,8,Transportation,2025-02-27,closed_met,2025-03-04,5,1
1583,2074,2200,2,Housing,2025-05-24,closed_met,2025-07-05,42,1
1584,2074,2200,10,Utilities,2025-05-21,closed_met,2025-06-07,17,1
1585,2074,2200,11,Safety,2025-05-23,closed_met,2025-05-31,8,1
1586,2078,2205,5,Housing,2025-12-09,closed_met,2026-01-12,34,1
1587,2079,2206,2,Housing,2026-04-02,closed_met,2026-05-05,33,1
1588,2079,2206,10,Utilities,2026-04-04,closed_met,2026-04-19,15,1
1589,2083,2208,2,Housing,2026-04-22,open,,,1
1590,2083,2208,8,Transportation,2026-04-18,closed_unmet,2026-05-22,,1
1591,2088,2215,3,Transportation,2025-09-20,closed_unmet,2025-10-03,,1
1592,2089,2217,7,Food,2025-05-07,closed_met,2025-05-23,16,1
1593,2091,2219,8,Transportation,2025-06-16,closed_unmet,2025-07-17,,1
1594,2093,2222,3,Transportation,2025-07-08,closed_unmet,2025-08-12,,1
1595,2094,2222,10,Utilities,2026-06-06,closed_met,2026-06-20,14,0
1596,2095,2223,7,Food,2025-03-14,closed_met,2025-04-02,19,1
1597,2101,2228,10,Utilities,2025-05-11,closed_met,2025-05-26,15,1
1598,2102,2228,10,Utilities,2025-12-30,open,,,1
1599,2102,2228,11,Safety,2025-12-29,closed_met,2026-01-18,20,1
1600,2106,2233,1,Food,2025-03-18,closed_met,2025-03-24,6,1
1601,2107,2234,8,Transportation,2025-01-10,closed_met,2025-01-18,8,1
1602,2107,2234,6,Utilities,2025-01-12,closed_met,2025-02-16,35,1
1603,2108,2235,3,Transportation,2025-11-22,closed_met,2025-11-26,4,1
1604,2109,2235,1,Food,2026-06-21,closed_met,2026-06-26,5,0
1605,2112,2239,3,Transportation,2026-04-03,closed_met,2026-04-06,3,1
1606,2113,2241,4,Food,2025-02-12,closed_met,2025-02-19,7,1
1607,2113,2241,8,Transportation,2025-02-11,closed_met,2025-02-16,5,1
1608,2114,2241,4,Food,2025-10-12,closed_met,2025-10-20,8,1
1609,2117,2243,8,Transportation,2025-06-15,closed_met,2025-06-22,7,1
1610,2117,2243,11,Safety,2025-06-11,closed_met,2025-06-22,11,1
1611,2121,2245,4,Food,2025-05-27,closed_met,2025-06-05,9,1
1612,2122,2246,10,Utilities,2026-04-08,closed_met,2026-04-14,6,1
1613,2123,2247,5,Housing,2026-04-02,closed_unmet,2026-05-01,,1
1614,2123,2247,10,Utilities,2026-04-03,closed_met,2026-04-21,18,1
1615,2124,2248,3,Transportation,2026-02-11,closed_met,2026-02-19,8,1
1616,2127,2252,2,Housing,2025-06-09,open,,,1
1617,2128,2253,10,Utilities,2025-02-12,open,,,1
1618,2129,2254,2,Housing,2026-04-01,closed_unmet,2026-05-09,,1
1619,2129,2254,11,Safety,2026-04-01,closed_met,2026-05-08,37,1
1620,2130,2257,1,Food,2025-05-14,closed_met,2025-05-23,9,1
1621,2131,2257,1,Food,2025-12-04,closed_met,2025-12-12,8,1
1622,2133,2260,12,Housing,2025-05-01,open,,,1
1623,2134,2261,4,Food,2025-11-21,closed_met,2025-12-04,13,1
1624,2137,2268,1,Food,2025-08-18,closed_met,2025-08-26,8,1
1625,2138,2269,10,Utilities,2026-01-04,closed_met,2026-01-18,14,1
1626,2139,2271,2,Housing,2026-01-25,closed_met,2026-03-10,44,1
1627,2140,2272,7,Food,2025-04-18,closed_met,2025-05-05,17,1
1628,2141,2273,1,Food,2026-02-26,closed_met,2026-03-03,5,1
1629,2141,2273,10,Utilities,2026-03-01,closed_met,2026-03-16,15,1
1630,2143,2277,2,Housing,2025-08-16,open,,,1
1631,2143,2277,11,Safety,2025-08-14,open,,,1
1632,2144,2277,7,Food,2025-12-12,closed_met,2025-12-17,5,1
1633,2145,2279,5,Housing,2025-09-25,closed_met,2025-10-11,16,1
1634,2146,2279,5,Housing,2026-03-20,closed_met,2026-05-05,46,1
1635,2148,2280,2,Housing,2025-05-12,closed_met,2025-05-31,19,1
1636,2148,2280,1,Food,2025-05-07,closed_unmet,2025-06-09,,1
1637,2148,2280,3,Transportation,2025-05-11,closed_met,2025-05-16,5,1
1638,2150,2284,3,Transportation,2025-01-17,closed_met,2025-01-24,7,1
1639,2151,2285,4,Food,2025-06-08,closed_met,2025-06-21,13,1
1640,2153,2287,1,Food,2025-10-31,closed_met,2025-11-06,6,1
1641,2154,2288,1,Food,2026-02-20,closed_met,2026-03-01,9,1
1642,2154,2288,11,Safety,2026-02-17,open,,,1
1643,2156,2288,2,Housing,2025-08-18,closed_met,2025-09-29,42,1
1644,2156,2288,1,Food,2025-08-16,closed_met,2025-08-25,9,1
1645,2159,2291,4,Food,2026-01-22,open,,,1
1646,2161,2292,10,Utilities,2025-12-13,closed_met,2025-12-30,17,1
1647,2162,2292,1,Food,2026-03-05,closed_met,2026-03-10,5,1
1648,2162,2292,10,Utilities,2026-03-07,closed_met,2026-03-17,10,1
1649,2163,2294,2,Housing,2026-01-22,open,,,1
1650,2163,2294,10,Utilities,2026-01-19,closed_met,2026-02-06,18,1
1651,2164,2295,7,Food,2025-01-20,closed_met,2025-02-02,13,1
1652,2166,2297,3,Transportation,2026-06-28,closed_met,2026-06-30,2,0
1653,2167,2297,4,Food,2025-12-04,closed_met,2025-12-16,12,1
1654,2168,2298,4,Food,2025-11-21,closed_met,2025-11-22,1,1
1655,2170,2299,3,Transportation,2025-09-12,closed_met,2025-09-22,10,1
1656,2171,2300,9,Safety,2025-03-27,closed_unmet,2025-05-19,,1
1657,2172,2301,10,Utilities,2025-01-25,open,,,1
1658,2173,2302,12,Housing,2026-01-29,closed_met,2026-03-15,45,1
1659,2173,2302,3,Transportation,2026-01-29,closed_met,2026-02-04,6,1
1660,2174,2303,2,Housing,2026-04-09,closed_unmet,2026-05-25,,1
1661,2174,2303,3,Transportation,2026-04-09,closed_unmet,2026-04-19,,1
1662,2177,2305,4,Food,2025-01-31,closed_met,2025-02-14,14,1
1663,2178,2306,1,Food,2026-04-03,closed_met,2026-04-12,9,1
1664,2181,2308,6,Utilities,2026-05-09,closed_unmet,2026-06-07,,0
1665,2185,2314,2,Housing,2026-04-24,closed_met,2026-06-15,52,1
1666,2185,2314,1,Food,2026-04-19,closed_met,2026-04-26,7,1
1667,2185,2314,10,Utilities,2026-04-21,closed_met,2026-04-29,8,1
1668,2186,2314,2,Housing,2025-09-29,closed_met,2025-11-22,54,1
1669,2186,2314,1,Food,2025-09-27,closed_met,2025-10-07,10,1
1670,2186,2314,3,Transportation,2025-09-24,closed_met,2025-10-01,7,1
1671,2188,2316,12,Housing,2026-07-01,open,,,0
1672,2188,2316,7,Food,2026-07-01,open,,,0
1673,2189,2316,12,Housing,2025-12-23,open,,,1
1674,2190,2317,2,Housing,2025-12-02,closed_met,2025-12-30,28,1
1675,2190,2317,3,Transportation,2025-11-29,closed_met,2025-12-07,8,1
1676,2192,2319,3,Transportation,2026-05-24,closed_met,2026-05-28,4,0
1677,2193,2321,5,Housing,2025-10-09,closed_met,2025-11-03,25,1
1678,2194,2321,10,Utilities,2026-05-02,closed_met,2026-05-12,10,0
1679,2195,2321,8,Transportation,2026-05-15,closed_met,2026-05-20,5,0
1680,2195,2321,6,Utilities,2026-05-16,closed_met,2026-06-08,23,0
1681,2196,2322,2,Housing,2026-01-01,closed_met,2026-03-07,65,1
1682,2197,2324,10,Utilities,2025-06-27,closed_met,2025-07-17,20,1
1683,2199,2325,1,Food,2025-04-08,closed_unmet,2025-04-28,,1
1684,2199,2325,10,Utilities,2025-04-03,closed_met,2025-04-15,12,1
1685,2201,2327,2,Housing,2025-09-26,open,,,1
1686,2201,2327,3,Transportation,2025-09-30,closed_unmet,2025-11-25,,1
1687,2202,2327,2,Housing,2025-06-04,closed_unmet,2025-07-23,,1
1688,2202,2327,1,Food,2025-06-04,open,,,1
1689,2202,2327,3,Transportation,2025-06-09,closed_unmet,2025-08-08,,1
1690,2205,2329,1,Food,2025-12-23,closed_met,2026-01-01,9,1
1691,2205,2329,10,Utilities,2025-12-24,closed_met,2026-01-10,17,1
1692,2206,2330,2,Housing,2025-02-16,closed_met,2025-03-23,35,1
1693,2208,2332,5,Housing,2025-11-12,closed_met,2025-12-06,24,1
1694,2209,2332,6,Utilities,2025-04-28,closed_met,2025-05-13,15,1
1695,2210,2333,1,Food,2026-04-08,closed_met,2026-04-20,12,1
1696,2212,2337,4,Food,2026-05-17,closed_met,2026-05-27,10,0
1697,2213,2338,2,Housing,2026-06-13,open,,,0
1698,2213,2338,3,Transportation,2026-06-12,open,,,0
1699,2214,2339,4,Food,2026-05-14,closed_met,2026-05-24,10,0
1700,2214,2339,8,Transportation,2026-05-13,closed_met,2026-05-23,10,0
1701,2216,2341,2,Housing,2025-08-18,closed_met,2025-08-29,11,1
1702,2216,2341,1,Food,2025-08-14,closed_met,2025-08-24,10,1
1703,2217,2342,10,Utilities,2025-01-18,open,,,1
1704,2218,2342,5,Housing,2025-11-04,open,,,1
1705,2219,2343,1,Food,2025-12-11,closed_unmet,2026-02-06,,1
1706,2223,2345,8,Transportation,2025-03-23,open,,,1
1707,2224,2349,12,Housing,2025-10-15,open,,,1
1708,2224,2349,3,Transportation,2025-10-17,closed_met,2025-10-27,10,1
1709,2226,2351,1,Food,2025-11-15,closed_unmet,2025-12-11,,1
1710,2226,2351,3,Transportation,2025-11-17,closed_met,2025-11-25,8,1
1711,2226,2351,10,Utilities,2025-11-15,closed_met,2025-11-26,11,1
1712,2227,2353,1,Food,2025-10-20,closed_met,2025-10-30,10,1
1713,2227,2353,10,Utilities,2025-10-17,closed_met,2025-11-11,25,1
1714,2228,2354,2,Housing,2026-01-20,open,,,1
1715,2230,2359,7,Food,2025-08-26,closed_met,2025-09-15,20,1
1716,2230,2359,8,Transportation,2025-08-25,closed_met,2025-08-31,6,1
1717,2235,2363,7,Food,2025-09-22,closed_met,2025-10-08,16,1
1718,2237,2365,5,Housing,2026-06-29,open,,,0
1719,2237,2365,4,Food,2026-07-01,open,,,0
1720,2238,2369,7,Food,2025-07-17,open,,,1
1721,2238,2369,6,Utilities,2025-07-18,closed_unmet,2025-08-23,,1
1722,2245,2375,12,Housing,2026-02-25,open,,,1
1723,2245,2375,9,Safety,2026-02-27,open,,,1
1724,2246,2375,12,Housing,2026-04-27,open,,,1
1725,2246,2375,6,Utilities,2026-05-03,open,,,0
1726,2247,2376,4,Food,2026-03-19,closed_met,2026-03-31,12,1
1727,2248,2376,4,Food,2025-11-10,closed_met,2025-11-12,2,1
1728,2251,2381,2,Housing,2025-02-07,closed_met,2025-03-15,36,1
1729,2252,2382,5,Housing,2025-03-08,closed_met,2025-04-12,35,1
1730,2253,2384,2,Housing,2025-10-21,open,,,1
1731,2253,2384,4,Food,2025-10-19,closed_unmet,2025-10-31,,1
1732,2254,2384,5,Housing,2025-09-15,closed_met,2025-10-03,18,1
1733,2254,2384,3,Transportation,2025-09-17,closed_met,2025-09-23,6,1
1734,2257,2389,7,Food,2026-05-07,closed_met,2026-05-31,24,0
1735,2262,2396,1,Food,2026-01-30,closed_met,2026-02-07,8,1
1736,2263,2396,1,Food,2025-11-24,closed_met,2025-12-01,7,1
1737,2263,2396,10,Utilities,2025-11-25,closed_unmet,2025-12-22,,1
1738,2264,2397,2,Housing,2026-04-19,closed_met,2026-06-09,51,1
1739,2265,2398,1,Food,2025-03-26,closed_met,2025-04-04,9,1
1740,2267,2399,7,Food,2026-01-10,open,,,1
1741,2269,2399,2,Housing,2025-01-12,closed_met,2025-02-10,29,1
1742,2269,2399,3,Transportation,2025-01-09,closed_met,2025-01-10,1,1
1743,2270,2400,7,Food,2026-03-18,closed_met,2026-03-30,12,1
1744,2271,2401,10,Utilities,2025-02-05,open,,,1
1745,2274,2405,3,Transportation,2026-01-25,closed_met,2026-02-02,8,1
1746,2281,2414,12,Housing,2026-04-03,open,,,1
1747,2281,2414,1,Food,2026-04-03,closed_met,2026-04-16,13,1
1748,2282,2415,12,Housing,2026-04-29,closed_met,2026-06-14,46,1
1749,2283,2416,1,Food,2025-04-01,closed_met,2025-04-10,9,1
1750,2283,2416,10,Utilities,2025-03-31,closed_met,2025-04-15,15,1
1751,2284,2417,4,Food,2026-01-08,closed_met,2026-01-16,8,1
1752,2285,2417,4,Food,2025-07-03,closed_met,2025-07-12,9,1
1753,2287,2419,5,Housing,2025-04-19,open,,,1
1754,2288,2420,5,Housing,2025-01-30,open,,,1
1755,2289,2420,12,Housing,2025-02-14,closed_met,2025-03-27,41,1
1756,2292,2424,1,Food,2025-05-17,closed_met,2025-05-27,10,1
1757,2295,2425,1,Food,2025-07-28,closed_met,2025-08-03,6,1
1758,2296,2428,1,Food,2025-01-06,closed_met,2025-01-23,17,1
1759,2297,2429,8,Transportation,2025-09-13,closed_met,2025-09-23,10,1
1760,2298,2429,2,Housing,2025-01-16,open,,,1
1761,2299,2431,4,Food,2025-02-22,closed_unmet,2025-04-05,,1
1762,2300,2433,2,Housing,2025-11-12,closed_met,2025-12-26,44,1
1763,2300,2433,7,Food,2025-11-11,closed_met,2025-11-23,12,1
1764,2300,2433,3,Transportation,2025-11-13,closed_met,2025-11-19,6,1
1765,2300,2433,11,Safety,2025-11-15,closed_met,2025-11-24,9,1
1766,2301,2434,2,Housing,2025-05-08,open,,,1
1767,2302,2434,10,Utilities,2025-04-15,closed_met,2025-04-16,1,1
1768,2303,2435,5,Housing,2025-08-09,closed_met,2025-08-22,13,1
1769,2305,2436,4,Food,2025-02-20,closed_met,2025-03-04,12,1
1770,2306,2438,3,Transportation,2025-08-16,closed_met,2025-08-27,11,1
1771,2308,2439,4,Food,2025-10-31,closed_met,2025-11-04,4,1
1772,2309,2440,2,Housing,2025-02-17,closed_unmet,2025-03-23,,1
1773,2309,2440,1,Food,2025-02-19,closed_met,2025-02-27,8,1
1774,2309,2440,3,Transportation,2025-02-17,closed_met,2025-02-19,2,1
1775,2310,2441,6,Utilities,2026-03-25,closed_met,2026-04-10,16,1
1776,2311,2441,12,Housing,2026-03-14,closed_met,2026-04-01,18,1
1777,2318,2447,9,Safety,2025-04-18,closed_met,2025-05-08,20,1
1778,2321,2450,2,Housing,2025-08-15,closed_unmet,2025-09-30,,1
1779,2322,2451,10,Utilities,2025-08-21,open,,,1
1780,2323,2452,10,Utilities,2026-03-08,closed_met,2026-03-23,15,1
1781,2324,2454,1,Food,2025-07-27,closed_met,2025-07-28,1,1
1782,2324,2454,3,Transportation,2025-07-31,closed_met,2025-08-02,2,1
1783,2325,2454,3,Transportation,2025-06-16,closed_met,2025-06-27,11,1
1784,2326,2455,4,Food,2026-02-19,closed_met,2026-03-02,11,1
1785,2328,2456,5,Housing,2026-04-11,closed_met,2026-05-19,38,1
1786,2328,2456,1,Food,2026-04-12,closed_met,2026-04-21,9,1
1787,2330,2457,1,Food,2026-06-25,open,,,0
1788,2331,2458,3,Transportation,2026-01-20,closed_met,2026-01-26,6,1
1789,2333,2460,5,Housing,2026-03-24,closed_met,2026-05-02,39,1
1790,2333,2460,8,Transportation,2026-03-23,closed_met,2026-03-30,7,1
1791,2335,2462,10,Utilities,2025-01-10,open,,,1
1792,2339,2465,4,Food,2026-03-12,closed_met,2026-03-29,17,1
1793,2341,2466,2,Housing,2025-01-18,closed_met,2025-02-09,22,1
1794,2342,2468,4,Food,2025-03-08,closed_met,2025-03-14,6,1
1795,2343,2468,10,Utilities,2025-04-15,closed_met,2025-04-27,12,1
1796,2344,2469,7,Food,2025-05-31,open,,,1
1797,2346,2470,2,Housing,2026-05-11,open,,,0
1798,2347,2470,2,Housing,2025-03-18,closed_met,2025-04-20,33,1
1799,2348,2471,10,Utilities,2026-06-03,closed_met,2026-06-22,19,0
1800,2350,2474,1,Food,2025-06-03,closed_unmet,2025-06-26,,1
1801,2352,2475,1,Food,2025-01-28,closed_met,2025-02-01,4,1
1802,2353,2476,4,Food,2025-03-22,closed_met,2025-04-05,14,1
1803,2356,2480,1,Food,2026-05-26,closed_met,2026-06-08,13,0
1804,2356,2480,10,Utilities,2026-05-29,open,,,0
1805,2357,2480,1,Food,2025-04-26,closed_unmet,2025-06-03,,1
1806,2358,2480,3,Transportation,2025-06-08,closed_met,2025-06-19,11,1
1807,2360,2481,3,Transportation,2026-04-02,closed_met,2026-04-07,5,1
1808,2361,2482,2,Housing,2025-02-27,open,,,1
1809,2363,2487,7,Food,2025-01-06,closed_met,2025-01-21,15,1
1810,2365,2490,1,Food,2026-05-09,closed_met,2026-05-14,5,0
1811,2367,2492,5,Housing,2026-02-03,closed_met,2026-03-08,33,1
1812,2367,2492,7,Food,2026-02-03,closed_met,2026-02-16,13,1
1813,2367,2492,8,Transportation,2026-02-03,closed_met,2026-02-12,9,1
1814,2368,2493,3,Transportation,2025-05-04,closed_met,2025-05-09,5,1
1815,2370,2497,2,Housing,2025-03-31,closed_unmet,2025-05-29,,1
1816,2372,2497,11,Safety,2025-03-31,closed_unmet,2025-05-07,,1
1817,2374,2500,2,Housing,2026-04-22,open,,,1
1818,2374,2500,3,Transportation,2026-04-20,closed_met,2026-04-23,3,1
1819,2376,2502,1,Food,2026-02-14,closed_met,2026-02-16,2,1
1820,2377,2503,2,Housing,2025-07-31,closed_met,2025-08-22,22,1
1821,2378,2504,12,Housing,2025-06-07,closed_met,2025-07-29,52,1
1822,2379,2504,4,Food,2025-06-07,closed_met,2025-06-13,6,1
1823,2380,2505,2,Housing,2025-09-01,open,,,1
1824,2380,2505,3,Transportation,2025-09-03,closed_met,2025-09-11,8,1
1825,2381,2507,11,Safety,2025-12-08,closed_unmet,2026-01-06,,1
1826,2383,2514,6,Utilities,2025-09-03,closed_unmet,2025-10-28,,1
1827,2384,2515,2,Housing,2025-01-30,closed_met,2025-02-28,29,1
1828,2389,2521,7,Food,2025-02-21,closed_met,2025-03-03,10,1
1829,2390,2521,7,Food,2025-12-03,closed_met,2025-12-11,8,1
1830,2390,2521,10,Utilities,2025-11-29,closed_met,2025-12-11,12,1
1831,2392,2523,2,Housing,2025-08-09,open,,,1
1832,2392,2523,11,Safety,2025-08-10,closed_unmet,2025-08-23,,1
1833,2393,2524,1,Food,2025-06-21,closed_met,2025-06-28,7,1
1834,2394,2525,5,Housing,2025-01-11,open,,,1
1835,2397,2527,1,Food,2025-06-02,open,,,1
1836,2397,2527,3,Transportation,2025-06-03,closed_met,2025-06-09,6,1
1837,2398,2528,3,Transportation,2025-11-30,closed_met,2025-12-06,6,1
1838,2399,2529,2,Housing,2026-01-30,closed_met,2026-02-15,16,1
1839,2400,2531,8,Transportation,2026-06-24,closed_met,2026-06-27,3,0
1840,2401,2532,10,Utilities,2025-07-25,closed_met,2025-08-06,12,1
1841,2402,2534,4,Food,2025-08-11,closed_unmet,2025-09-11,,1
1842,2404,2536,8,Transportation,2026-04-11,closed_met,2026-04-24,13,1
1843,2405,2536,4,Food,2025-12-08,closed_met,2025-12-17,9,1
1844,2405,2536,8,Transportation,2025-12-02,closed_met,2025-12-23,21,1
1845,2405,2536,6,Utilities,2025-12-06,closed_met,2025-12-26,20,1
1846,2406,2538,4,Food,2025-07-31,closed_met,2025-08-10,10,1
1847,2406,2538,8,Transportation,2025-07-27,closed_met,2025-08-07,11,1
1848,2407,2538,4,Food,2026-05-28,open,,,0
1849,2407,2538,3,Transportation,2026-05-25,closed_met,2026-06-02,8,0
1850,2408,2539,2,Housing,2025-11-10,closed_met,2026-01-08,59,1
1851,2408,2539,1,Food,2025-11-06,closed_met,2025-11-18,12,1
1852,2408,2539,3,Transportation,2025-11-09,closed_met,2025-11-15,6,1
1853,2410,2541,12,Housing,2025-07-29,open,,,1
1854,2411,2543,1,Food,2026-06-03,open,,,0
1855,2413,2544,1,Food,2026-05-01,closed_met,2026-05-19,18,1
1856,2413,2544,3,Transportation,2026-04-29,closed_met,2026-05-06,7,1
1857,2415,2547,8,Transportation,2025-03-24,open,,,1
1859,2416,2548,3,Transportation,2025-12-25,closed_met,2025-12-31,6,1
1860,2418,2550,8,Transportation,2025-01-09,closed_met,2025-01-26,17,1
1861,2420,2554,4,Food,2025-08-03,open,,,1
1862,2421,2555,10,Utilities,2026-01-10,closed_met,2026-02-04,25,1
1863,2424,2558,1,Food,2026-01-12,closed_met,2026-01-14,2,1
1864,2425,2559,1,Food,2026-01-22,open,,,1
1865,2427,2563,10,Utilities,2025-04-11,closed_met,2025-04-18,7,1
1866,2429,2565,10,Utilities,2026-05-01,closed_met,2026-05-14,13,1
1867,2433,2569,3,Transportation,2026-03-25,closed_met,2026-03-30,5,1
1868,2435,2570,1,Food,2025-05-25,closed_met,2025-06-02,8,1
1869,2435,2570,6,Utilities,2025-05-25,closed_unmet,2025-07-16,,1
1870,2436,2571,8,Transportation,2025-07-24,closed_met,2025-08-08,15,1
1871,2436,2571,10,Utilities,2025-07-27,closed_met,2025-08-07,11,1
1872,2438,2572,6,Utilities,2025-04-12,closed_met,2025-05-03,21,1
1873,2439,2572,8,Transportation,2026-02-25,closed_unmet,2026-03-29,,1
1874,2441,2574,3,Transportation,2026-01-01,closed_met,2026-01-10,9,1
1875,2442,2576,7,Food,2026-01-02,closed_met,2026-01-16,14,1
1876,2443,2577,3,Transportation,2025-06-12,closed_met,2025-06-16,4,1
1877,2445,2578,2,Housing,2025-12-14,closed_unmet,2026-01-26,,1
1878,2446,2578,2,Housing,2025-10-28,open,,,1
1879,2447,2579,10,Utilities,2025-01-16,open,,,1
1880,2448,2580,7,Food,2025-05-05,closed_unmet,2025-06-10,,1
1881,2450,2581,5,Housing,2026-05-05,closed_met,2026-06-04,30,0
1882,2451,2583,2,Housing,2025-11-15,open,,,1
1883,2452,2584,5,Housing,2026-03-19,open,,,1
1884,2452,2584,6,Utilities,2026-03-21,closed_met,2026-03-28,7,1
1885,2453,2586,1,Food,2025-03-16,closed_met,2025-03-21,5,1
1886,2454,2587,8,Transportation,2025-10-26,closed_met,2025-11-03,8,1
1887,2456,2588,5,Housing,2025-07-23,closed_unmet,2025-08-02,,1
1888,2456,2588,4,Food,2025-07-19,closed_met,2025-08-02,14,1
1889,2459,2589,8,Transportation,2025-10-24,closed_met,2025-11-03,10,1
1890,2460,2589,2,Housing,2026-04-17,open,,,1
1891,2460,2589,6,Utilities,2026-04-18,closed_unmet,2026-04-28,,1
1892,2461,2590,2,Housing,2025-08-25,closed_met,2025-09-27,33,1
1893,2464,2593,5,Housing,2025-07-05,closed_met,2025-08-10,36,1
1894,2464,2593,3,Transportation,2025-07-03,closed_met,2025-07-08,5,1
1895,2464,2593,10,Utilities,2025-07-03,closed_met,2025-07-18,15,1
1896,2468,2600,5,Housing,2025-06-29,open,,,1
1897,2470,2602,1,Food,2025-09-20,closed_met,2025-09-24,4,1
1898,2470,2602,11,Safety,2025-09-25,closed_met,2025-10-16,21,1
1899,2472,2602,2,Housing,2026-02-25,closed_unmet,2026-04-13,,1
1900,2477,2607,5,Housing,2025-06-22,open,,,1
1901,2477,2607,6,Utilities,2025-06-21,closed_met,2025-06-30,9,1
1902,2479,2608,8,Transportation,2025-08-04,closed_met,2025-08-14,10,1
1903,2480,2609,10,Utilities,2025-01-10,closed_unmet,2025-03-07,,1
1904,2481,2611,3,Transportation,2025-03-23,closed_met,2025-03-31,8,1
1905,2484,2614,3,Transportation,2025-10-23,closed_met,2025-10-28,5,1
1906,2489,2618,6,Utilities,2025-05-01,closed_met,2025-05-18,17,1
1907,2492,2622,10,Utilities,2025-12-04,closed_unmet,2026-01-31,,1
1908,2492,2622,9,Safety,2025-11-29,closed_met,2025-12-23,24,1
1909,2494,2623,3,Transportation,2025-04-27,closed_met,2025-05-04,7,1
1910,2496,2624,2,Housing,2025-05-18,closed_met,2025-06-17,30,1
1911,2497,2626,1,Food,2026-04-09,closed_met,2026-04-21,12,1
1912,2501,2630,1,Food,2025-06-19,closed_met,2025-06-27,8,1
1913,2501,2630,3,Transportation,2025-06-21,closed_met,2025-06-22,1,1
1914,2503,2631,1,Food,2026-05-28,closed_met,2026-06-03,6,0
1915,2505,2632,4,Food,2026-02-13,closed_met,2026-02-24,11,1
1916,2506,2632,4,Food,2025-03-14,closed_met,2025-03-19,5,1
1917,2507,2634,4,Food,2026-06-13,closed_met,2026-06-24,11,0
1918,2508,2639,2,Housing,2025-05-18,open,,,1
1919,2508,2639,3,Transportation,2025-05-16,closed_met,2025-05-23,7,1
1920,2509,2640,3,Transportation,2025-12-30,closed_unmet,2026-02-16,,1
1921,2515,2648,7,Food,2025-03-10,closed_unmet,2025-04-02,,1
1922,2518,2649,1,Food,2025-09-26,closed_met,2025-10-09,13,1
1923,2521,2653,1,Food,2025-12-08,closed_met,2025-12-09,1,1
1924,2522,2653,1,Food,2025-05-23,closed_met,2025-05-28,5,1
1925,2524,2655,4,Food,2025-10-09,closed_met,2025-10-15,6,1
1926,2525,2656,2,Housing,2025-08-09,closed_met,2025-09-15,37,1
1927,2529,2659,5,Housing,2025-10-28,closed_met,2025-11-26,29,1
1928,2529,2659,6,Utilities,2025-10-29,open,,,1
1929,2533,2663,10,Utilities,2026-06-07,open,,,0
1930,2534,2663,10,Utilities,2025-02-21,closed_met,2025-03-07,14,1
1931,2535,2664,3,Transportation,2026-05-12,closed_met,2026-05-15,3,0
1932,2535,2664,10,Utilities,2026-05-07,closed_met,2026-05-16,9,0
1933,2536,2665,1,Food,2026-02-13,closed_unmet,2026-02-28,,1
1934,2538,2669,1,Food,2025-01-31,closed_met,2025-02-06,6,1
1935,2539,2670,5,Housing,2025-02-18,open,,,1
1936,2540,2671,8,Transportation,2025-11-02,closed_met,2025-11-08,6,1
1937,2542,2673,12,Housing,2025-05-06,closed_met,2025-06-21,46,1
1938,2542,2673,10,Utilities,2025-05-07,closed_met,2025-05-24,17,1
1939,2544,2674,4,Food,2025-08-25,closed_met,2025-09-03,9,1
1940,2546,2679,11,Safety,2025-01-11,closed_met,2025-01-28,17,1
1941,2548,2681,3,Transportation,2025-04-03,closed_met,2025-04-08,5,1
1942,2548,2681,10,Utilities,2025-04-05,open,,,1
1943,2550,2682,3,Transportation,2026-06-12,closed_met,2026-06-19,7,0
1944,2551,2683,4,Food,2026-04-27,closed_met,2026-05-03,6,1
1945,2551,2683,3,Transportation,2026-04-23,closed_met,2026-04-29,6,1
1946,2552,2683,5,Housing,2025-12-11,closed_met,2025-12-27,16,1
1947,2553,2684,12,Housing,2025-11-12,open,,,1
1948,2553,2684,3,Transportation,2025-11-13,closed_met,2025-11-18,5,1
1949,2555,2686,2,Housing,2026-01-18,closed_met,2026-02-16,29,1
1950,2557,2692,2,Housing,2025-08-19,closed_unmet,2025-10-09,,1
1951,2557,2692,1,Food,2025-08-22,closed_met,2025-08-23,1,1
1952,2558,2694,5,Housing,2025-10-28,closed_unmet,2025-12-23,,1
1953,2558,2694,4,Food,2025-10-31,closed_unmet,2025-11-22,,1
1954,2559,2694,3,Transportation,2025-01-30,closed_met,2025-02-05,6,1
1955,2561,2696,2,Housing,2025-09-26,closed_met,2025-11-08,43,1
1956,2561,2696,10,Utilities,2025-09-25,closed_met,2025-10-11,16,1
1957,2562,2696,2,Housing,2026-05-14,closed_met,2026-06-28,45,0
1958,2563,2697,12,Housing,2026-01-27,open,,,1
1959,2564,2697,4,Food,2026-02-10,closed_met,2026-02-24,14,1
1960,2564,2697,8,Transportation,2026-02-11,open,,,1
1961,2565,2699,1,Food,2025-03-15,closed_met,2025-03-29,14,1
1962,2565,2699,3,Transportation,2025-03-10,closed_met,2025-03-12,2,1
1963,2567,2701,2,Housing,2025-05-07,open,,,1
1964,2568,2704,1,Food,2025-05-04,closed_met,2025-05-18,14,1
1965,2569,2706,12,Housing,2025-04-26,open,,,1
1966,2569,2706,4,Food,2025-04-26,closed_met,2025-04-28,2,1
1967,2570,2707,7,Food,2026-04-17,closed_met,2026-04-26,9,1
1968,2572,2710,2,Housing,2025-06-17,open,,,1
1969,2573,2711,3,Transportation,2025-09-09,closed_met,2025-09-13,4,1
1970,2574,2713,6,Utilities,2025-01-14,closed_met,2025-02-05,22,1
1971,2576,2714,2,Housing,2025-06-12,open,,,1
1972,2578,2716,10,Utilities,2025-03-08,closed_unmet,2025-03-27,,1
1973,2580,2718,7,Food,2026-05-16,open,,,0
1974,2582,2719,3,Transportation,2025-08-11,closed_met,2025-08-16,5,1
1975,2584,2721,4,Food,2025-06-14,closed_met,2025-06-22,8,1
1976,2585,2722,7,Food,2025-05-04,closed_unmet,2025-06-19,,1
1977,2588,2723,7,Food,2026-05-27,closed_met,2026-06-13,17,0
1978,2589,2724,2,Housing,2026-05-29,open,,,0
1979,2591,2726,1,Food,2025-05-03,closed_unmet,2025-06-12,,1
1980,2593,2730,10,Utilities,2025-05-17,closed_met,2025-05-24,7,1
1981,2594,2731,10,Utilities,2025-03-30,closed_unmet,2025-05-09,,1
1982,2597,2735,7,Food,2026-03-13,closed_met,2026-03-30,17,1
1983,2600,2738,7,Food,2026-02-04,closed_met,2026-02-19,15,1
1984,2600,2738,8,Transportation,2026-02-05,open,,,1
1985,2601,2740,12,Housing,2025-06-22,open,,,1
1986,2604,2743,1,Food,2026-03-07,open,,,1
1987,2606,2746,1,Food,2025-11-25,closed_met,2025-12-03,8,1
1988,2606,2746,10,Utilities,2025-11-21,closed_met,2025-12-06,15,1
1989,2608,2746,1,Food,2026-07-01,open,,,0
1990,2609,2747,4,Food,2025-02-05,closed_met,2025-02-10,5,1
1991,2609,2747,10,Utilities,2025-02-07,closed_met,2025-02-24,17,1
1992,2611,2750,2,Housing,2025-12-08,closed_met,2026-01-18,41,1
1993,2612,2750,8,Transportation,2026-04-24,closed_met,2026-05-03,9,1
1994,2614,2752,11,Safety,2026-02-20,closed_met,2026-03-15,23,1
1995,2615,2754,10,Utilities,2025-08-27,closed_met,2025-09-07,11,1
1996,2618,2756,2,Housing,2025-01-22,closed_met,2025-02-10,19,1
1997,2619,2758,2,Housing,2025-08-23,closed_met,2025-09-30,38,1
1998,2620,2758,10,Utilities,2026-04-01,closed_unmet,2026-04-23,,1
1999,2622,2762,2,Housing,2025-11-24,closed_met,2026-01-13,50,1
2000,2626,2765,3,Transportation,2025-06-05,closed_met,2025-06-12,7,1
2001,2627,2766,1,Food,2025-10-23,closed_met,2025-10-31,8,1
2002,2627,2766,3,Transportation,2025-10-22,closed_met,2025-10-28,6,1
2003,2630,2767,2,Housing,2026-02-25,open,,,1
2004,2630,2767,1,Food,2026-02-28,closed_met,2026-03-12,12,1
2005,2631,2768,1,Food,2025-10-10,closed_met,2025-10-19,9,1
2006,2634,2770,1,Food,2025-07-07,open,,,1
2007,2635,2770,3,Transportation,2025-07-24,closed_met,2025-07-31,7,1
2008,2637,2774,2,Housing,2025-06-18,open,,,1
2009,2638,2774,2,Housing,2025-12-25,closed_met,2026-02-20,57,1
2010,2638,2774,3,Transportation,2025-12-24,closed_met,2025-12-27,3,1
2011,2639,2775,7,Food,2026-01-11,closed_met,2026-01-21,10,1
2012,2639,2775,9,Safety,2026-01-11,closed_unmet,2026-02-20,,1
2013,2640,2776,2,Housing,2025-07-19,open,,,1
2014,2641,2777,3,Transportation,2026-04-29,closed_met,2026-05-06,7,1
2015,2642,2778,1,Food,2025-05-25,closed_met,2025-06-04,10,1
2016,2643,2778,1,Food,2025-09-29,closed_met,2025-10-03,4,1
2017,2646,2784,3,Transportation,2025-10-10,closed_met,2025-10-19,9,1
2018,2647,2786,12,Housing,2025-09-30,open,,,1
2019,2648,2787,7,Food,2025-03-23,closed_met,2025-03-31,8,1
2020,2649,2787,2,Housing,2026-04-20,closed_met,2026-05-22,32,1
2021,2650,2788,1,Food,2025-03-13,closed_met,2025-03-21,8,1
2022,2653,2789,1,Food,2025-06-27,closed_met,2025-07-06,9,1
2023,2654,2791,4,Food,2025-12-26,closed_met,2026-01-06,11,1
2024,2654,2791,8,Transportation,2025-12-28,closed_met,2026-01-10,13,1
2025,2655,2792,2,Housing,2026-02-19,open,,,1
2026,2655,2792,10,Utilities,2026-02-17,open,,,1
2027,2656,2793,2,Housing,2026-03-21,closed_met,2026-05-05,45,1
2028,2657,2794,2,Housing,2025-12-03,closed_met,2026-01-12,40,1
2029,2657,2794,1,Food,2025-12-02,closed_met,2025-12-09,7,1
2030,2658,2795,10,Utilities,2025-11-30,closed_met,2025-12-09,9,1
2031,2659,2795,7,Food,2025-09-04,open,,,1
2032,2660,2795,7,Food,2025-10-09,closed_met,2025-11-04,26,1
2033,2661,2798,1,Food,2026-04-06,closed_met,2026-04-14,8,1
2034,2661,2798,3,Transportation,2026-04-07,closed_met,2026-04-15,8,1
2035,2665,2802,1,Food,2025-05-20,closed_met,2025-05-31,11,1
2036,2666,2803,2,Housing,2026-02-04,closed_met,2026-03-25,49,1
2037,2666,2803,10,Utilities,2026-01-30,closed_unmet,2026-03-16,,1
2038,2667,2803,3,Transportation,2026-03-09,closed_met,2026-03-11,2,1
2039,2667,2803,10,Utilities,2026-03-08,open,,,1
2040,2668,2804,8,Transportation,2026-07-01,open,,,0
2041,2669,2806,3,Transportation,2025-12-19,closed_met,2025-12-22,3,1
2042,2669,2806,6,Utilities,2025-12-17,open,,,1
2043,2670,2806,6,Utilities,2026-01-17,closed_met,2026-02-09,23,1
2044,2672,2808,12,Housing,2026-06-01,open,,,0
2045,2673,2809,11,Safety,2025-04-08,closed_met,2025-04-24,16,1
2046,2675,2810,5,Housing,2025-11-29,closed_met,2025-12-07,8,1
2047,2676,2812,3,Transportation,2025-07-31,closed_met,2025-08-08,8,1
2048,2677,2813,8,Transportation,2025-02-21,open,,,1
2049,2680,2815,7,Food,2026-05-31,open,,,0
2050,2680,2815,3,Transportation,2026-05-29,closed_unmet,2026-06-17,,0
2051,2681,2816,3,Transportation,2026-04-23,closed_met,2026-04-30,7,1
2052,2684,2819,1,Food,2025-03-11,closed_met,2025-03-24,13,1
2053,2687,2824,5,Housing,2025-01-19,closed_met,2025-02-21,33,1
2054,2687,2824,4,Food,2025-01-17,closed_met,2025-01-27,10,1
2055,2689,2826,3,Transportation,2026-06-03,closed_met,2026-06-08,5,0
2056,2690,2827,8,Transportation,2025-11-01,open,,,1
2057,2691,2829,1,Food,2025-05-04,closed_met,2025-05-18,14,1
2058,2692,2831,12,Housing,2025-07-30,open,,,1
2059,2692,2831,7,Food,2025-07-26,closed_met,2025-07-30,4,1
2060,2693,2834,12,Housing,2025-11-27,closed_met,2026-01-04,38,1
2061,2693,2834,3,Transportation,2025-11-25,closed_met,2025-12-01,6,1
2062,2694,2834,1,Food,2025-06-02,closed_met,2025-06-05,3,1
2063,2696,2835,2,Housing,2025-11-28,open,,,1
2064,2698,2836,6,Utilities,2025-08-21,closed_met,2025-09-03,13,1
2065,2700,2837,10,Utilities,2026-02-07,closed_met,2026-02-28,21,1
2066,2702,2839,8,Transportation,2026-05-03,closed_met,2026-05-14,11,0
2067,2705,2842,7,Food,2025-01-17,closed_met,2025-02-04,18,1
2068,2708,2844,2,Housing,2025-01-12,closed_met,2025-02-16,35,1
2069,2709,2844,3,Transportation,2025-06-01,closed_met,2025-06-09,8,1
2070,2710,2844,1,Food,2026-04-29,closed_unmet,2026-06-26,,1
2071,2712,2846,5,Housing,2026-02-15,closed_met,2026-03-03,16,1
2072,2714,2847,3,Transportation,2025-08-10,closed_met,2025-08-16,6,1
2073,2717,2849,5,Housing,2026-06-02,closed_met,2026-06-28,26,0
2074,2718,2849,5,Housing,2026-04-04,closed_met,2026-04-28,24,1
2075,2719,2851,1,Food,2025-01-29,closed_met,2025-02-11,13,1
2076,2721,2854,4,Food,2025-01-03,closed_met,2025-01-08,5,1
2077,2722,2857,3,Transportation,2025-07-27,closed_met,2025-08-03,7,1
2078,2724,2859,2,Housing,2026-05-13,open,,,0
2079,2724,2859,10,Utilities,2026-05-10,closed_unmet,2026-06-01,,0
2080,2728,2864,1,Food,2025-05-24,closed_met,2025-06-02,9,1
2081,2729,2866,4,Food,2025-08-05,closed_met,2025-08-24,19,1
2082,2729,2866,6,Utilities,2025-08-07,closed_met,2025-08-22,15,1
2083,2729,2866,11,Safety,2025-08-05,closed_met,2025-08-17,12,1
2084,2730,2867,11,Safety,2025-03-09,open,,,1
2085,2731,2868,8,Transportation,2025-01-21,closed_met,2025-02-11,21,1
2086,2732,2869,12,Housing,2025-04-27,open,,,1
2087,2732,2869,3,Transportation,2025-04-25,closed_met,2025-05-05,10,1
2088,2733,2869,6,Utilities,2025-02-24,open,,,1
2089,2734,2871,2,Housing,2026-02-14,open,,,1
2090,2735,2872,7,Food,2025-01-22,closed_met,2025-02-04,13,1
2091,2736,2872,12,Housing,2025-03-04,closed_met,2025-04-18,45,1
2092,2736,2872,3,Transportation,2025-03-04,closed_met,2025-03-07,3,1
2093,2737,2873,10,Utilities,2025-01-18,closed_met,2025-01-30,12,1
2094,2738,2873,2,Housing,2025-10-19,closed_met,2025-11-18,30,1
2095,2740,2875,2,Housing,2026-01-06,open,,,1
2096,2741,2876,12,Housing,2025-01-21,open,,,1
2097,2742,2877,2,Housing,2025-02-20,closed_unmet,2025-03-21,,1
2098,2742,2877,1,Food,2025-02-21,closed_met,2025-03-01,8,1
2099,2743,2877,3,Transportation,2025-03-26,closed_met,2025-04-03,8,1
2100,2744,2878,12,Housing,2026-01-31,open,,,1
2101,2744,2878,3,Transportation,2026-02-05,closed_met,2026-02-10,5,1
2102,2746,2880,1,Food,2026-01-05,closed_unmet,2026-01-18,,1
2103,2746,2880,3,Transportation,2026-01-05,closed_met,2026-01-16,11,1
2104,2747,2881,2,Housing,2026-03-22,closed_met,2026-04-12,21,1
2105,2749,2883,8,Transportation,2025-08-06,closed_met,2025-08-21,15,1
2106,2750,2884,1,Food,2025-07-21,closed_met,2025-07-27,6,1
2107,2751,2885,3,Transportation,2025-01-17,closed_met,2025-01-20,3,1
2108,2755,2890,4,Food,2025-04-14,closed_met,2025-04-29,15,1
2109,2757,2892,1,Food,2026-05-19,closed_met,2026-05-24,5,0
2110,2757,2892,10,Utilities,2026-05-20,closed_unmet,2026-06-13,,0
2111,2758,2893,2,Housing,2025-08-10,closed_met,2025-09-03,24,1
2112,2759,2894,5,Housing,2026-05-05,closed_met,2026-05-20,15,0
2113,2763,2898,10,Utilities,2026-01-01,open,,,1
2114,2764,2899,3,Transportation,2025-08-20,closed_unmet,2025-09-03,,1
2115,2765,2900,7,Food,2026-04-28,closed_unmet,2026-05-15,,1
2116,2765,2900,11,Safety,2026-04-29,closed_met,2026-05-22,23,1
2117,2766,2901,7,Food,2026-06-18,open,,,0
2118,2767,2902,9,Safety,2025-03-17,closed_met,2025-04-18,32,1
2119,2768,2903,1,Food,2025-11-13,closed_unmet,2025-12-21,,1
2120,2769,2904,4,Food,2026-02-07,closed_met,2026-02-12,5,1
2121,2770,2905,4,Food,2026-04-02,closed_met,2026-04-18,16,1
2122,2774,2910,5,Housing,2026-05-17,closed_met,2026-06-04,18,0
2123,2777,2915,8,Transportation,2026-06-02,closed_met,2026-06-10,8,0
2124,2777,2915,6,Utilities,2026-06-07,closed_met,2026-06-27,20,0
2125,2778,2916,8,Transportation,2026-03-01,closed_unmet,2026-04-19,,1
2126,2778,2916,6,Utilities,2026-02-26,closed_met,2026-03-27,29,1
2127,2779,2917,7,Food,2026-02-04,closed_met,2026-02-18,14,1
2128,2780,2917,8,Transportation,2026-02-11,closed_met,2026-02-18,7,1
2129,2780,2917,9,Safety,2026-02-17,closed_met,2026-03-16,27,1
2130,2781,2918,12,Housing,2026-01-10,closed_met,2026-02-04,25,1
2131,2781,2918,10,Utilities,2026-01-12,closed_unmet,2026-02-08,,1
2132,2782,2920,7,Food,2025-02-20,closed_met,2025-03-05,13,1
2133,2785,2925,4,Food,2025-03-08,closed_met,2025-03-15,7,1
2134,2786,2926,4,Food,2025-01-31,closed_met,2025-02-11,11,1
2135,2786,2926,8,Transportation,2025-02-03,closed_met,2025-02-12,9,1
2136,2787,2926,5,Housing,2025-11-20,closed_met,2025-12-08,18,1
2137,2787,2926,8,Transportation,2025-11-17,closed_met,2025-11-26,9,1
2138,2789,2930,10,Utilities,2025-06-21,open,,,1
2139,2790,2930,1,Food,2025-10-14,closed_met,2025-10-23,9,1
2140,2792,2932,3,Transportation,2025-03-23,closed_met,2025-04-01,9,1
2141,2796,2934,3,Transportation,2025-08-13,closed_met,2025-08-17,4,1
2142,2797,2935,11,Safety,2025-07-09,closed_met,2025-07-30,21,1
2143,2799,2936,1,Food,2025-06-11,closed_met,2025-06-20,9,1
2144,2802,2937,10,Utilities,2026-02-15,open,,,1
2145,2803,2939,3,Transportation,2026-03-05,closed_met,2026-03-11,6,1
2146,2804,2940,3,Transportation,2025-10-09,closed_met,2025-10-17,8,1
2147,2805,2941,2,Housing,2025-07-06,closed_unmet,2025-08-22,,1
2148,2805,2941,1,Food,2025-07-07,closed_unmet,2025-08-14,,1
2149,2806,2941,1,Food,2025-09-18,closed_met,2025-09-25,7,1
2150,2808,2943,4,Food,2026-02-25,closed_met,2026-03-13,16,1
2151,2808,2943,6,Utilities,2026-02-24,closed_unmet,2026-04-09,,1
2152,2813,2948,2,Housing,2025-10-03,closed_met,2025-10-26,23,1
2153,2814,2950,4,Food,2025-07-15,closed_met,2025-07-26,11,1
2154,2815,2952,7,Food,2025-09-21,closed_met,2025-10-05,14,1
2155,2815,2952,10,Utilities,2025-09-23,closed_met,2025-10-12,19,1
2156,2816,2952,7,Food,2025-11-27,closed_met,2025-12-25,28,1
2157,2817,2954,7,Food,2025-07-25,closed_met,2025-08-04,10,1
2158,2818,2954,7,Food,2025-06-21,closed_met,2025-06-27,6,1
2159,2819,2955,12,Housing,2025-02-12,open,,,1
2160,2820,2955,8,Transportation,2026-06-13,closed_met,2026-06-16,3,0
2161,2822,2957,1,Food,2025-01-13,closed_met,2025-01-21,8,1
2162,2822,2957,10,Utilities,2025-01-13,closed_unmet,2025-02-03,,1
2163,2824,2958,1,Food,2026-03-18,closed_met,2026-03-27,9,1
2164,2824,2958,3,Transportation,2026-03-15,closed_met,2026-03-23,8,1
2165,2824,2958,10,Utilities,2026-03-13,closed_unmet,2026-03-30,,1
2166,2826,2960,4,Food,2025-04-26,closed_unmet,2025-06-05,,1
2167,2827,2961,10,Utilities,2026-03-06,closed_met,2026-03-19,13,1
2168,2828,2962,1,Food,2025-12-08,closed_met,2025-12-22,14,1
2169,2829,2963,4,Food,2026-01-14,closed_unmet,2026-03-01,,1
2170,2831,2965,7,Food,2026-03-30,closed_met,2026-04-06,7,1
2171,2834,2968,4,Food,2025-11-08,closed_unmet,2025-11-20,,1
2172,2835,2968,6,Utilities,2026-02-18,closed_met,2026-03-08,18,1
2173,2837,2972,11,Safety,2026-04-04,closed_unmet,2026-04-20,,1
2174,2838,2972,12,Housing,2025-10-17,closed_met,2025-11-17,31,1
2175,2838,2972,7,Food,2025-10-20,closed_met,2025-11-04,15,1
2176,2839,2972,8,Transportation,2025-02-23,closed_met,2025-03-06,11,1
2177,2841,2975,2,Housing,2026-06-03,closed_met,2026-06-26,23,0
2178,2843,2978,2,Housing,2025-02-16,open,,,1
2179,2843,2978,1,Food,2025-02-18,closed_unmet,2025-03-16,,1
2180,2843,2978,10,Utilities,2025-02-14,closed_met,2025-02-28,14,1
2181,2845,2980,3,Transportation,2025-09-03,closed_unmet,2025-10-23,,1
2182,2846,2980,2,Housing,2026-06-29,open,,,0
2183,2847,2982,8,Transportation,2025-02-01,closed_unmet,2025-02-11,,1
2184,2850,2985,2,Housing,2026-02-06,closed_met,2026-04-10,63,1
2185,2851,2986,2,Housing,2025-11-29,open,,,1
2186,2851,2986,7,Food,2025-11-26,closed_met,2025-12-01,5,1
2187,2853,2988,7,Food,2025-10-31,open,,,1
2188,2853,2988,8,Transportation,2025-11-04,closed_met,2025-11-06,2,1
2189,2855,2990,6,Utilities,2025-11-19,closed_met,2025-12-15,26,1
2190,2856,2991,2,Housing,2025-02-25,open,,,1
2191,2859,2994,9,Safety,2026-03-16,closed_met,2026-04-13,28,1
2192,2860,2995,2,Housing,2025-07-02,closed_met,2025-07-26,24,1
2193,2860,2995,1,Food,2025-07-01,closed_met,2025-07-07,6,1
2194,2861,2996,7,Food,2025-12-02,open,,,1
2195,2864,3001,10,Utilities,2025-05-07,closed_met,2025-05-29,22,1
2196,2866,3003,1,Food,2025-02-22,closed_met,2025-03-05,11,1
2197,2868,3005,2,Housing,2025-04-29,closed_met,2025-05-22,23,1
2198,2869,3006,10,Utilities,2026-06-10,closed_met,2026-06-26,16,0
2199,2870,3006,8,Transportation,2025-09-08,closed_met,2025-09-21,13,1
2200,2872,3009,12,Housing,2025-11-29,closed_met,2025-12-18,19,1
2201,2872,3009,6,Utilities,2025-11-28,open,,,1
2202,2873,3010,8,Transportation,2025-01-31,closed_unmet,2025-03-22,,1
2203,2874,3012,2,Housing,2025-10-05,closed_unmet,2025-11-01,,1
2204,2875,3013,2,Housing,2025-11-05,closed_met,2025-12-23,48,1
2205,2878,3018,12,Housing,2026-02-18,open,,,1
2206,2878,3018,10,Utilities,2026-02-22,closed_met,2026-03-11,17,1
2207,2880,3019,3,Transportation,2025-05-20,closed_met,2025-05-24,4,1
2208,2881,3019,1,Food,2025-05-10,open,,,1
2209,2883,3021,2,Housing,2026-03-15,closed_met,2026-04-05,21,1
2210,2884,3021,10,Utilities,2026-05-01,closed_unmet,2026-06-19,,1
2211,2885,3022,12,Housing,2025-06-19,open,,,1
2212,2885,3022,7,Food,2025-06-16,closed_unmet,2025-07-22,,1
2213,2885,3022,8,Transportation,2025-06-19,open,,,1
2214,2886,3023,2,Housing,2025-03-14,closed_met,2025-04-10,27,1
2215,2886,3023,3,Transportation,2025-03-12,closed_met,2025-03-22,10,1
2216,2886,3023,10,Utilities,2025-03-15,closed_unmet,2025-05-01,,1
2217,2888,3024,1,Food,2025-07-16,closed_met,2025-07-28,12,1
2218,2888,3024,10,Utilities,2025-07-12,closed_met,2025-08-01,20,1
2219,2889,3027,3,Transportation,2025-06-27,closed_met,2025-07-03,6,1
2220,2891,3029,8,Transportation,2026-02-05,closed_unmet,2026-03-11,,1
2221,2892,3030,3,Transportation,2025-12-12,closed_met,2025-12-17,5,1
2222,2896,3032,10,Utilities,2025-10-27,closed_met,2025-11-11,15,1
2223,2899,3035,1,Food,2025-08-24,closed_met,2025-09-05,12,1
2224,2901,3038,4,Food,2025-09-17,closed_met,2025-09-29,12,1
2225,2901,3038,8,Transportation,2025-09-16,closed_met,2025-09-30,14,1
2226,2904,3039,2,Housing,2025-06-16,open,,,1
2227,2904,3039,1,Food,2025-06-17,closed_met,2025-06-27,10,1
2228,2908,3041,8,Transportation,2025-11-24,closed_met,2025-11-27,3,1
2229,2909,3042,1,Food,2025-08-14,closed_met,2025-08-23,9,1
2230,2910,3042,12,Housing,2026-01-23,closed_met,2026-02-21,29,1
2231,2910,3042,7,Food,2026-01-26,closed_met,2026-01-28,2,1
2232,2910,3042,6,Utilities,2026-01-23,closed_met,2026-02-11,19,1
2233,2911,3045,12,Housing,2025-03-23,closed_met,2025-04-25,33,1
2234,2911,3045,4,Food,2025-03-25,closed_met,2025-04-03,9,1
2235,2912,3046,2,Housing,2025-08-10,open,,,1
2236,2913,3046,1,Food,2025-04-20,closed_met,2025-04-30,10,1
2237,2913,3046,11,Safety,2025-04-26,closed_met,2025-05-10,14,1
2238,2914,3047,5,Housing,2025-01-25,closed_met,2025-02-20,26,1
2239,2916,3047,3,Transportation,2025-08-27,closed_met,2025-09-06,10,1
2240,2917,3048,5,Housing,2025-04-07,closed_met,2025-05-09,32,1
2241,2921,3054,2,Housing,2026-03-31,closed_met,2026-05-04,34,1
2242,2924,3056,10,Utilities,2026-04-08,closed_unmet,2026-05-20,,1
2243,2925,3057,5,Housing,2025-08-16,closed_met,2025-09-13,28,1
2244,2925,3057,8,Transportation,2025-08-22,closed_met,2025-08-25,3,1
2245,2926,3057,4,Food,2025-01-11,closed_met,2025-01-16,5,1
2246,2929,3059,6,Utilities,2025-11-02,closed_met,2025-11-18,16,1
2247,2932,3064,1,Food,2025-09-28,closed_met,2025-10-05,7,1
2248,2933,3064,1,Food,2025-06-14,closed_met,2025-06-18,4,1
2249,2933,3064,10,Utilities,2025-06-08,closed_unmet,2025-07-23,,1
2250,2934,3066,4,Food,2025-08-03,closed_met,2025-08-14,11,1
2251,2935,3068,2,Housing,2025-10-24,open,,,1
2252,2935,3068,1,Food,2025-10-23,closed_met,2025-10-30,7,1
2253,2939,3075,2,Housing,2026-04-23,closed_met,2026-06-09,47,1
2254,2939,3075,3,Transportation,2026-04-25,closed_met,2026-05-02,7,1
2255,2940,3076,5,Housing,2025-01-28,open,,,1
2256,2940,3076,10,Utilities,2025-01-22,closed_unmet,2025-02-03,,1
2257,2942,3077,2,Housing,2025-04-27,closed_unmet,2025-05-12,,1
2258,2945,3080,3,Transportation,2025-04-24,closed_met,2025-05-03,9,1
2259,2948,3083,1,Food,2025-05-25,open,,,1
2260,2949,3083,2,Housing,2025-07-24,closed_met,2025-08-23,30,1
2261,2949,3083,1,Food,2025-07-20,closed_met,2025-07-30,10,1
2262,2950,3083,10,Utilities,2026-05-16,closed_met,2026-05-29,13,0
2263,2954,3088,6,Utilities,2025-05-06,open,,,1
2264,2955,3089,12,Housing,2025-08-13,open,,,1
2265,2955,3089,8,Transportation,2025-08-15,closed_met,2025-08-28,13,1
2266,2956,3089,1,Food,2025-11-15,closed_met,2025-11-16,1,1
2267,2956,3089,8,Transportation,2025-11-15,open,,,1
2268,2958,3090,7,Food,2025-12-11,open,,,1
2269,2961,3096,2,Housing,2025-01-15,closed_met,2025-02-27,43,1
2270,2961,3096,3,Transportation,2025-01-09,closed_met,2025-01-15,6,1
2271,2962,3097,8,Transportation,2026-02-25,closed_unmet,2026-04-24,,1
2272,2963,3097,12,Housing,2025-05-23,closed_met,2025-07-20,58,1
2273,2963,3097,3,Transportation,2025-05-26,closed_met,2025-06-01,6,1
2274,2965,3103,5,Housing,2025-04-13,closed_met,2025-05-08,25,1
2275,2965,3103,7,Food,2025-04-15,closed_met,2025-05-14,29,1
2276,2970,3108,1,Food,2025-07-11,closed_met,2025-07-16,5,1
2277,2971,3109,8,Transportation,2026-05-05,closed_met,2026-05-10,5,0
2278,2972,3109,7,Food,2026-01-31,closed_met,2026-02-23,23,1
2279,2974,3112,10,Utilities,2026-04-17,closed_met,2026-04-27,10,1
2280,2975,3113,2,Housing,2025-05-06,closed_unmet,2025-05-27,,1
2281,2982,3119,10,Utilities,2026-01-02,closed_met,2026-01-21,19,1
2282,2983,3119,8,Transportation,2026-03-09,open,,,1
2283,2984,3119,8,Transportation,2025-06-25,closed_met,2025-07-02,7,1
2284,2984,3119,6,Utilities,2025-06-28,closed_met,2025-07-20,22,1
2285,2985,3120,12,Housing,2026-02-13,open,,,1
2286,2985,3120,8,Transportation,2026-02-18,closed_met,2026-03-04,14,1
2287,2988,3125,8,Transportation,2025-07-28,closed_unmet,2025-09-05,,1
2288,2989,3126,8,Transportation,2026-02-21,closed_met,2026-03-07,14,1
2289,2990,3126,5,Housing,2026-01-03,closed_met,2026-01-26,23,1
2290,2992,3129,12,Housing,2025-09-24,closed_unmet,2025-11-16,,1
2291,2992,3129,8,Transportation,2025-09-24,closed_met,2025-10-05,11,1
2292,2998,3133,4,Food,2025-12-14,closed_met,2026-01-02,19,1
2293,3002,3138,1,Food,2025-07-23,closed_met,2025-07-29,6,1
2294,3004,3140,1,Food,2025-07-07,closed_met,2025-07-12,5,1
2295,3010,3146,2,Housing,2025-08-28,closed_unmet,2025-09-14,,1
2296,3011,3146,3,Transportation,2025-04-27,closed_met,2025-04-30,3,1
2297,3011,3146,10,Utilities,2025-04-26,closed_met,2025-05-11,15,1
2298,3017,3157,1,Food,2026-06-22,open,,,0
2299,3018,3157,3,Transportation,2025-09-26,closed_met,2025-10-01,5,1
2300,3019,3158,1,Food,2026-03-04,closed_met,2026-03-16,12,1
2301,3019,3158,3,Transportation,2026-03-08,closed_met,2026-03-17,9,1
2302,3020,3159,5,Housing,2026-01-23,closed_unmet,2026-02-09,,1
2303,3022,3162,12,Housing,2025-03-15,closed_met,2025-05-05,51,1
2304,3022,3162,8,Transportation,2025-03-09,closed_met,2025-03-18,9,1
2305,3023,3162,8,Transportation,2025-09-12,closed_met,2025-09-19,7,1
2306,3025,3164,11,Safety,2025-10-31,closed_met,2025-11-26,26,1
2307,3027,3165,1,Food,2025-06-02,closed_met,2025-06-15,13,1
2308,3029,3168,8,Transportation,2025-06-16,closed_met,2025-06-21,5,1
2309,3032,3171,4,Food,2025-10-28,open,,,1
2310,3033,3173,1,Food,2025-11-16,closed_met,2025-11-22,6,1
2311,3034,3173,1,Food,2025-07-23,closed_met,2025-07-28,5,1
2312,3036,3175,8,Transportation,2025-09-27,closed_met,2025-10-07,10,1
2313,3038,3177,10,Utilities,2026-01-17,closed_met,2026-02-03,17,1
2314,3039,3177,1,Food,2026-03-25,closed_met,2026-03-31,6,1
2315,3040,3178,3,Transportation,2026-06-29,open,,,0
2316,3041,3182,2,Housing,2026-06-06,open,,,0
2317,3041,3182,1,Food,2026-06-05,closed_met,2026-06-21,16,0
2318,3044,3186,5,Housing,2026-02-22,closed_met,2026-04-02,39,1
2319,3044,3186,4,Food,2026-02-19,closed_met,2026-03-07,16,1
2320,3048,3190,4,Food,2025-05-26,closed_met,2025-05-29,3,1
2321,3048,3190,8,Transportation,2025-05-30,closed_met,2025-06-07,8,1
2322,3051,3195,3,Transportation,2026-01-05,closed_met,2026-01-10,5,1
2323,3052,3195,3,Transportation,2025-11-19,closed_met,2025-11-29,10,1
2325,3054,3196,4,Food,2026-04-07,open,,,1
2326,3055,3196,10,Utilities,2025-09-06,closed_unmet,2025-10-25,,1
2327,3056,3197,4,Food,2026-03-29,closed_met,2026-04-19,21,1
2328,3056,3197,6,Utilities,2026-03-25,closed_unmet,2026-04-06,,1
2329,3057,3197,4,Food,2026-05-27,closed_met,2026-06-07,11,0
2330,3058,3199,8,Transportation,2025-06-10,closed_met,2025-07-01,21,1
2331,3060,3200,4,Food,2025-07-28,closed_met,2025-08-05,8,1
2332,3062,3202,3,Transportation,2025-05-24,closed_met,2025-05-27,3,1
2333,3064,3205,5,Housing,2025-09-01,open,,,1
2334,3064,3205,6,Utilities,2025-09-03,closed_met,2025-09-16,13,1
2335,3066,3207,1,Food,2025-03-14,closed_met,2025-03-24,10,1
2336,3068,3208,8,Transportation,2025-01-31,closed_met,2025-02-01,1,1
2337,3073,3213,3,Transportation,2025-02-18,closed_met,2025-02-23,5,1
2338,3075,3214,2,Housing,2025-06-23,closed_met,2025-07-25,32,1
2339,3075,3214,1,Food,2025-06-28,closed_met,2025-07-08,10,1
2340,3075,3214,10,Utilities,2025-06-22,open,,,1
2341,3076,3215,3,Transportation,2026-05-22,closed_met,2026-05-26,4,0
2342,3078,3216,3,Transportation,2025-12-12,closed_met,2025-12-15,3,1
2343,3079,3220,1,Food,2025-12-14,closed_met,2025-12-23,9,1
2344,3081,3222,3,Transportation,2025-12-19,closed_met,2025-12-22,3,1
2345,3082,3224,2,Housing,2026-02-14,closed_unmet,2026-03-13,,1
2346,3085,3226,3,Transportation,2025-08-17,closed_met,2025-08-22,5,1
2347,3086,3227,2,Housing,2026-03-20,closed_met,2026-05-04,45,1
2348,3086,3227,1,Food,2026-03-19,closed_met,2026-03-22,3,1
2349,3089,3233,4,Food,2025-02-01,closed_met,2025-02-04,3,1
2350,3090,3234,1,Food,2025-09-06,closed_met,2025-09-11,5,1
2351,3090,3234,11,Safety,2025-09-08,open,,,1
2352,3091,3235,7,Food,2025-11-20,closed_met,2025-12-01,11,1
2353,3092,3236,10,Utilities,2025-09-12,open,,,1
2354,3094,3238,5,Housing,2025-04-04,closed_unmet,2025-05-26,,1
2355,3095,3238,8,Transportation,2025-04-19,closed_met,2025-04-27,8,1
2356,3096,3239,5,Housing,2026-04-27,open,,,1
2357,3097,3240,6,Utilities,2026-05-01,closed_met,2026-05-24,23,1
2358,3098,3241,1,Food,2025-01-14,closed_met,2025-01-21,7,1
2359,3101,3244,1,Food,2025-02-19,open,,,1
2360,3102,3245,10,Utilities,2026-04-27,closed_met,2026-05-18,21,1
2361,3103,3246,2,Housing,2026-04-17,closed_met,2026-05-25,38,1
2362,3103,3246,1,Food,2026-04-20,closed_met,2026-04-26,6,1
2363,3103,3246,3,Transportation,2026-04-20,closed_met,2026-04-27,7,1
2364,3104,3247,2,Housing,2026-03-16,closed_met,2026-03-20,4,1
2365,3106,3248,1,Food,2025-03-09,closed_met,2025-03-19,10,1
2366,3110,3251,2,Housing,2025-10-02,open,,,1
2367,3110,3251,1,Food,2025-09-30,closed_met,2025-10-06,6,1
2368,3111,3253,2,Housing,2025-10-23,closed_met,2025-11-24,32,1
2369,3113,3254,3,Transportation,2025-06-10,closed_unmet,2025-06-22,,1
2370,3115,3255,1,Food,2026-03-05,closed_met,2026-03-14,9,1
2371,3115,3255,3,Transportation,2026-03-04,closed_met,2026-03-11,7,1
2372,3118,3258,12,Housing,2025-11-03,closed_met,2025-11-23,20,1
2373,3120,3260,1,Food,2025-11-02,closed_met,2025-11-14,12,1
2374,3121,3263,5,Housing,2025-08-27,closed_met,2025-09-12,16,1
2375,3123,3265,4,Food,2026-04-17,closed_met,2026-04-26,9,1
2376,3125,3265,4,Food,2025-08-07,closed_met,2025-08-21,14,1
2377,3125,3265,10,Utilities,2025-08-05,closed_met,2025-08-07,2,1
2378,3127,3266,7,Food,2025-09-17,closed_met,2025-09-29,12,1
2379,3130,3270,2,Housing,2025-12-13,open,,,1
2380,3130,3270,1,Food,2025-12-12,closed_met,2025-12-21,9,1
2381,3131,3271,6,Utilities,2025-05-04,closed_met,2025-05-22,18,1
2382,3131,3271,9,Safety,2025-05-03,closed_met,2025-05-30,27,1
2383,3132,3274,1,Food,2025-06-27,closed_met,2025-07-01,4,1
2384,3132,3274,8,Transportation,2025-06-26,closed_met,2025-07-02,6,1
2385,3133,3274,8,Transportation,2025-03-31,closed_met,2025-04-10,10,1
2386,3135,3277,12,Housing,2026-02-08,open,,,1
2387,3135,3277,7,Food,2026-02-04,closed_met,2026-02-14,10,1
2388,3135,3277,8,Transportation,2026-02-10,open,,,1
2389,3136,3280,8,Transportation,2025-08-07,closed_met,2025-08-25,18,1
2390,3137,3281,4,Food,2025-12-21,closed_met,2026-01-03,13,1
2391,3138,3281,5,Housing,2025-01-26,closed_met,2025-02-27,32,1
2392,3138,3281,3,Transportation,2025-01-30,closed_met,2025-02-04,5,1
2393,3139,3282,2,Housing,2025-11-06,closed_unmet,2025-12-27,,1
2394,3140,3284,4,Food,2026-01-31,closed_met,2026-02-19,19,1
2395,3141,3285,12,Housing,2025-05-23,closed_met,2025-07-21,59,1
2396,3143,3287,5,Housing,2026-05-26,closed_met,2026-06-29,34,0
2397,3144,3288,1,Food,2026-04-11,closed_met,2026-04-22,11,1
2398,3144,3288,10,Utilities,2026-04-10,closed_met,2026-04-20,10,1
2399,3145,3290,8,Transportation,2026-04-22,closed_met,2026-04-29,7,1
2400,3147,3292,5,Housing,2025-07-25,closed_met,2025-08-16,22,1
2401,3148,3294,2,Housing,2026-02-01,closed_met,2026-03-09,36,1
2402,3148,3294,10,Utilities,2026-02-04,closed_met,2026-02-21,17,1
2403,3149,3297,1,Food,2026-03-11,closed_met,2026-03-22,11,1
2404,3151,3299,10,Utilities,2026-06-06,open,,,0
2405,3152,3301,5,Housing,2025-02-25,closed_met,2025-03-14,17,1
2406,3152,3301,4,Food,2025-02-24,closed_met,2025-03-14,18,1
2407,3153,3303,2,Housing,2025-07-21,closed_met,2025-08-31,41,1
2408,3153,3303,1,Food,2025-07-27,closed_met,2025-08-06,10,1
2409,3155,3305,4,Food,2025-06-12,closed_met,2025-06-22,10,1
2410,3156,3306,5,Housing,2025-10-11,closed_met,2025-11-18,38,1
2411,3156,3306,8,Transportation,2025-10-06,closed_met,2025-10-18,12,1
2412,3156,3306,6,Utilities,2025-10-11,closed_met,2025-10-21,10,1
2413,3158,3307,4,Food,2026-03-29,open,,,1
2414,3158,3307,8,Transportation,2026-03-27,closed_met,2026-04-09,13,1
2415,3159,3309,2,Housing,2025-01-07,open,,,1
2416,3160,3310,3,Transportation,2026-02-24,closed_met,2026-02-28,4,1
2417,3161,3310,2,Housing,2026-06-06,open,,,0
2418,3162,3310,1,Food,2025-12-09,closed_met,2025-12-21,12,1
2419,3164,3312,8,Transportation,2025-07-18,closed_unmet,2025-09-09,,1
2420,3165,3316,4,Food,2025-05-09,closed_met,2025-05-25,16,1
2421,3165,3316,8,Transportation,2025-05-04,open,,,1
2422,3166,3317,1,Food,2025-09-09,closed_met,2025-09-17,8,1
2423,3166,3317,3,Transportation,2025-09-12,closed_met,2025-09-18,6,1
2424,3168,3318,1,Food,2025-02-21,closed_met,2025-02-23,2,1
2425,3170,3320,1,Food,2025-10-09,closed_met,2025-10-23,14,1
2426,3171,3323,3,Transportation,2025-08-21,closed_met,2025-08-25,4,1
2427,3171,3323,10,Utilities,2025-08-20,closed_met,2025-08-24,4,1
2428,3174,3325,4,Food,2026-02-10,closed_met,2026-02-27,17,1
2429,3174,3325,8,Transportation,2026-02-13,closed_met,2026-02-26,13,1
2430,3176,3327,3,Transportation,2025-07-19,closed_met,2025-07-22,3,1
2431,3176,3327,10,Utilities,2025-07-24,closed_met,2025-08-10,17,1
2432,3180,3333,2,Housing,2025-01-23,closed_met,2025-03-10,46,1
2433,3180,3333,3,Transportation,2025-01-25,closed_unmet,2025-03-02,,1
2434,3181,3333,3,Transportation,2025-07-07,closed_met,2025-07-14,7,1
2435,3183,3336,2,Housing,2025-09-17,open,,,1
2436,3183,3336,3,Transportation,2025-09-16,closed_met,2025-09-18,2,1
2437,3184,3337,5,Housing,2025-08-17,open,,,1
2438,3184,3337,3,Transportation,2025-08-11,closed_unmet,2025-08-23,,1
2439,3186,3339,8,Transportation,2025-02-18,closed_met,2025-03-04,14,1
2440,3190,3346,1,Food,2025-04-01,closed_met,2025-04-05,4,1
2441,3191,3349,4,Food,2025-02-14,closed_met,2025-02-21,7,1
2442,3191,3349,3,Transportation,2025-02-15,closed_met,2025-02-19,4,1
2443,3192,3349,1,Food,2025-07-27,closed_unmet,2025-09-17,,1
2444,3193,3352,3,Transportation,2025-07-02,closed_met,2025-07-07,5,1
2445,3194,3352,2,Housing,2025-07-11,open,,,1
2446,3194,3352,11,Safety,2025-07-15,open,,,1
2447,3195,3352,10,Utilities,2025-07-06,closed_met,2025-07-10,4,1
2448,3196,3353,2,Housing,2025-07-15,closed_met,2025-08-20,36,1
2449,3196,3353,10,Utilities,2025-07-12,closed_met,2025-07-28,16,1
2450,3198,3354,2,Housing,2025-02-10,closed_met,2025-03-15,33,1
2451,3198,3354,1,Food,2025-02-09,closed_met,2025-02-20,11,1
2452,3200,3357,10,Utilities,2025-07-08,closed_met,2025-07-15,7,1
2453,3201,3359,2,Housing,2025-08-13,open,,,1
2454,3203,3362,9,Safety,2026-03-11,closed_met,2026-04-09,29,1
2455,3205,3363,8,Transportation,2025-07-03,closed_met,2025-07-16,13,1
2456,3206,3364,12,Housing,2025-12-04,open,,,1
2457,3210,3374,10,Utilities,2025-12-01,closed_met,2025-12-24,23,1
2458,3211,3374,6,Utilities,2026-02-24,closed_met,2026-03-08,12,1
2459,3213,3379,10,Utilities,2025-12-26,closed_met,2026-01-05,10,1
2460,3214,3380,3,Transportation,2026-02-06,closed_unmet,2026-02-28,,1
2461,3215,3382,2,Housing,2025-05-27,closed_met,2025-07-14,48,1
2462,3215,3382,3,Transportation,2025-05-23,closed_met,2025-06-01,9,1
2463,3217,3384,4,Food,2025-06-06,closed_met,2025-06-22,16,1
2464,3223,3390,5,Housing,2026-06-02,closed_met,2026-06-03,1,0
2465,3225,3392,4,Food,2025-03-17,closed_met,2025-03-31,14,1
2466,3225,3392,3,Transportation,2025-03-18,closed_met,2025-03-20,2,1
2467,3228,3397,5,Housing,2025-08-19,closed_met,2025-09-05,17,1
2468,3230,3398,4,Food,2026-03-10,closed_met,2026-03-22,12,1
2469,3231,3399,7,Food,2025-06-25,closed_met,2025-07-15,20,1
2470,3232,3399,7,Food,2025-07-13,closed_met,2025-07-29,16,1
2471,3235,3402,1,Food,2025-01-18,closed_met,2025-01-28,10,1
2472,3238,3406,5,Housing,2026-05-26,closed_unmet,2026-06-22,,0
2473,3240,3410,2,Housing,2025-01-09,closed_unmet,2025-02-24,,1
2474,3240,3410,3,Transportation,2025-01-11,closed_met,2025-01-14,3,1
2475,3241,3411,3,Transportation,2026-03-13,closed_met,2026-03-21,8,1
2476,3242,3412,7,Food,2025-05-08,closed_met,2025-05-11,3,1
2477,3242,3412,3,Transportation,2025-05-08,closed_unmet,2025-05-30,,1
2478,3243,3413,5,Housing,2025-12-29,open,,,1
2479,3247,3418,4,Food,2025-01-19,closed_met,2025-01-30,11,1
2480,3248,3418,12,Housing,2025-07-05,closed_met,2025-08-02,28,1
2481,3248,3418,1,Food,2025-07-07,closed_met,2025-07-17,10,1
2482,3250,3420,2,Housing,2025-02-24,closed_unmet,2025-03-21,,1
2483,3251,3423,1,Food,2025-04-03,closed_met,2025-04-10,7,1
2484,3257,3428,1,Food,2026-05-14,closed_met,2026-05-21,7,0
2485,3257,3428,11,Safety,2026-05-17,closed_met,2026-06-03,17,0
2486,3260,3432,4,Food,2025-07-13,closed_met,2025-07-24,11,1
2487,3260,3432,3,Transportation,2025-07-16,closed_met,2025-07-25,9,1
2488,3260,3432,10,Utilities,2025-07-15,closed_unmet,2025-08-02,,1
2489,3262,3433,2,Housing,2026-03-20,closed_met,2026-05-01,42,1
2490,3263,3435,1,Food,2025-12-20,closed_met,2025-12-23,3,1
2491,3266,3440,5,Housing,2025-10-26,closed_unmet,2025-11-10,,1
2492,3267,3440,8,Transportation,2026-05-20,closed_met,2026-05-30,10,0
2493,3268,3441,3,Transportation,2026-06-05,closed_met,2026-06-09,4,0
2494,3268,3441,6,Utilities,2026-06-01,open,,,0
2495,3269,3442,2,Housing,2025-01-14,closed_unmet,2025-03-11,,1
2496,3270,3444,1,Food,2026-05-23,closed_met,2026-05-31,8,0
2497,3273,3449,3,Transportation,2025-01-20,closed_met,2025-01-21,1,1
2498,3276,3454,8,Transportation,2026-01-03,open,,,1
2499,3278,3455,3,Transportation,2025-02-08,closed_met,2025-02-12,4,1
2500,3283,3464,5,Housing,2025-08-18,closed_unmet,2025-10-05,,1
2501,3283,3464,9,Safety,2025-08-15,closed_met,2025-09-06,22,1
2502,3284,3465,4,Food,2025-12-21,closed_met,2026-01-04,14,1
2503,3285,3467,4,Food,2026-03-30,closed_met,2026-04-09,10,1
2504,3286,3469,2,Housing,2025-09-18,closed_unmet,2025-10-08,,1
2505,3287,3470,1,Food,2025-04-01,closed_unmet,2025-04-15,,1
2506,3288,3471,2,Housing,2025-04-28,open,,,1
2507,3289,3472,12,Housing,2025-01-25,closed_met,2025-03-22,56,1
2508,3289,3472,4,Food,2025-01-23,open,,,1
2509,3289,3472,8,Transportation,2025-01-23,closed_met,2025-01-28,5,1
2510,3290,3474,1,Food,2025-04-04,open,,,1
2511,3291,3475,3,Transportation,2025-12-28,closed_met,2026-01-05,8,1
2512,3292,3476,10,Utilities,2025-07-05,closed_met,2025-07-21,16,1
2513,3294,3479,6,Utilities,2025-10-14,closed_met,2025-10-30,16,1
2514,3295,3479,4,Food,2025-03-24,closed_met,2025-04-15,22,1
2515,3296,3479,5,Housing,2026-01-14,closed_met,2026-02-15,32,1
2516,3296,3479,3,Transportation,2026-01-12,closed_met,2026-01-13,1,1
2517,3296,3479,9,Safety,2026-01-13,closed_met,2026-02-15,33,1
2518,3298,3481,2,Housing,2026-02-05,open,,,1
2519,3299,3482,2,Housing,2025-04-27,closed_met,2025-06-14,48,1
2520,3300,3482,2,Housing,2026-06-12,open,,,0
2521,3301,3483,2,Housing,2025-04-03,closed_met,2025-05-21,48,1
2522,3301,3483,4,Food,2025-03-30,closed_met,2025-04-13,14,1
2524,3304,3486,3,Transportation,2025-05-12,closed_met,2025-05-14,2,1
2525,3305,3487,1,Food,2026-03-27,closed_met,2026-04-07,11,1
2526,3306,3489,1,Food,2025-03-24,closed_met,2025-04-01,8,1
2527,3307,3491,1,Food,2025-10-13,closed_met,2025-10-25,12,1
2528,3311,3493,10,Utilities,2026-03-16,closed_met,2026-03-17,1,1
2529,3315,3496,1,Food,2025-07-04,closed_met,2025-07-16,12,1
2530,3316,3497,9,Safety,2026-05-23,closed_met,2026-06-17,25,0
2531,3318,3498,1,Food,2025-09-20,closed_met,2025-10-02,12,1
2532,3319,3498,4,Food,2026-05-04,closed_met,2026-05-14,10,0
2533,3320,3499,1,Food,2026-01-15,closed_met,2026-01-24,9,1
2534,3323,3500,7,Food,2026-05-30,closed_met,2026-06-08,9,0
2535,3323,3500,8,Transportation,2026-06-03,closed_met,2026-06-14,11,0
2536,3324,3501,10,Utilities,2026-04-03,closed_met,2026-04-27,24,1
2537,3326,3504,4,Food,2025-08-27,closed_met,2025-09-02,6,1
2538,3327,3504,8,Transportation,2025-01-15,closed_met,2025-02-04,20,1
2539,3328,3505,2,Housing,2026-04-27,closed_met,2026-05-14,17,1
2540,3328,3505,1,Food,2026-04-27,closed_met,2026-05-05,8,1
2541,3328,3505,10,Utilities,2026-04-26,closed_met,2026-05-06,10,1
2542,3329,3506,3,Transportation,2025-11-13,closed_met,2025-11-22,9,1
2543,3330,3507,8,Transportation,2025-06-23,closed_met,2025-06-28,5,1
2544,3331,3508,2,Housing,2025-12-05,open,,,1
2545,3331,3508,3,Transportation,2025-12-04,closed_unmet,2025-12-27,,1
2546,3332,3509,2,Housing,2025-10-11,closed_met,2025-11-20,40,1
2547,3332,3509,10,Utilities,2025-10-10,closed_met,2025-11-09,30,1
2548,3332,3509,11,Safety,2025-10-13,closed_met,2025-11-17,35,1
2549,3333,3509,3,Transportation,2025-09-03,closed_met,2025-09-09,6,1
2550,3334,3509,2,Housing,2025-05-03,closed_met,2025-06-14,42,1
2551,3334,3509,3,Transportation,2025-05-01,closed_met,2025-05-04,3,1
2552,3334,3509,10,Utilities,2025-05-04,closed_met,2025-05-17,13,1
2553,3338,3511,7,Food,2025-02-12,closed_met,2025-02-24,12,1
2554,3339,3512,2,Housing,2025-05-02,closed_met,2025-05-24,22,1
2555,3342,3516,3,Transportation,2025-09-20,closed_met,2025-09-27,7,1
2556,3343,3517,2,Housing,2026-03-15,open,,,1
2557,3346,3521,4,Food,2025-04-15,closed_met,2025-04-20,5,1
2558,3348,3524,5,Housing,2025-01-03,open,,,1
2559,3349,3524,5,Housing,2026-03-23,closed_met,2026-04-07,15,1
2560,3350,3526,5,Housing,2025-02-28,open,,,1
2561,3351,3527,1,Food,2026-01-18,open,,,1
2562,3353,3528,1,Food,2025-06-07,closed_met,2025-06-14,7,1
2563,3354,3529,2,Housing,2025-06-20,open,,,1
2564,3355,3529,1,Food,2025-12-13,closed_met,2025-12-20,7,1
2565,3356,3529,3,Transportation,2025-07-24,closed_met,2025-07-27,3,1
2566,3357,3530,2,Housing,2026-01-23,open,,,1
2567,3357,3530,1,Food,2026-01-21,closed_met,2026-01-30,9,1
2568,3358,3531,2,Housing,2025-06-26,closed_met,2025-07-22,26,1
2569,3358,3531,1,Food,2025-07-01,closed_met,2025-07-11,10,1
2570,3359,3533,4,Food,2026-04-14,closed_unmet,2026-06-02,,1
2571,3359,3533,6,Utilities,2026-04-11,closed_unmet,2026-05-18,,1
2572,3360,3534,1,Food,2025-04-30,closed_met,2025-05-15,15,1
2573,3361,3536,5,Housing,2025-12-11,closed_met,2026-01-28,48,1
2574,3362,3537,12,Housing,2026-01-03,open,,,1
2575,3362,3537,8,Transportation,2026-01-08,closed_met,2026-01-16,8,1
2576,3364,3538,1,Food,2026-02-14,closed_met,2026-02-27,13,1
2577,3366,3540,10,Utilities,2025-10-04,closed_met,2025-10-15,11,1
2578,3368,3544,12,Housing,2025-09-29,closed_met,2025-11-02,34,1
2579,3371,3547,10,Utilities,2025-04-25,open,,,1
2580,3372,3549,3,Transportation,2025-08-13,closed_met,2025-08-15,2,1
2581,3373,3550,11,Safety,2025-03-31,closed_met,2025-04-04,4,1
2582,3374,3551,8,Transportation,2025-02-08,closed_met,2025-02-23,15,1
2583,3374,3551,6,Utilities,2025-02-12,closed_met,2025-02-25,13,1
2584,3376,3553,3,Transportation,2025-10-06,closed_met,2025-10-11,5,1
2585,3376,3553,6,Utilities,2025-10-07,closed_met,2025-10-30,23,1
2586,3378,3554,3,Transportation,2025-03-01,closed_unmet,2025-03-20,,1
2587,3380,3556,1,Food,2026-02-23,closed_unmet,2026-04-16,,1
2588,3383,3558,12,Housing,2025-02-24,closed_met,2025-03-16,20,1
2589,3384,3558,4,Food,2025-11-08,closed_met,2025-11-21,13,1
2590,3386,3561,10,Utilities,2026-02-04,closed_met,2026-02-27,23,1
2591,3388,3563,3,Transportation,2026-02-04,closed_met,2026-02-09,5,1
2592,3393,3565,5,Housing,2025-04-02,closed_met,2025-05-08,36,1
2593,3393,3565,7,Food,2025-04-01,closed_met,2025-04-11,10,1
2594,3393,3565,10,Utilities,2025-03-30,open,,,1
2595,3395,3567,8,Transportation,2025-05-23,closed_met,2025-05-30,7,1
2596,3398,3569,8,Transportation,2026-01-30,closed_met,2026-02-01,2,1
2597,3399,3569,3,Transportation,2026-03-28,closed_unmet,2026-05-10,,1
2598,3402,3571,12,Housing,2025-03-30,open,,,1
2599,3403,3572,1,Food,2025-04-04,closed_met,2025-04-11,7,1
2600,3403,3572,3,Transportation,2025-04-03,closed_met,2025-04-08,5,1
2601,3404,3573,12,Housing,2025-03-16,closed_unmet,2025-05-02,,1
2602,3407,3577,1,Food,2025-05-20,closed_met,2025-06-02,13,1
2603,3410,3582,3,Transportation,2025-11-11,closed_unmet,2025-11-27,,1
2604,3411,3582,3,Transportation,2025-11-02,closed_met,2025-11-06,4,1
2605,3412,3582,1,Food,2026-02-15,open,,,1
2606,3412,3582,10,Utilities,2026-02-19,closed_met,2026-03-16,25,1
2607,3413,3584,3,Transportation,2026-03-12,closed_met,2026-03-18,6,1
2608,3413,3584,10,Utilities,2026-03-15,closed_met,2026-04-03,19,1
2609,3414,3585,7,Food,2025-08-26,open,,,1
2610,3414,3585,6,Utilities,2025-08-28,closed_met,2025-10-03,36,1
2611,3417,3587,10,Utilities,2026-06-06,open,,,0
2612,3420,3594,3,Transportation,2026-03-31,closed_met,2026-04-05,5,1
2613,3426,3598,10,Utilities,2026-04-20,closed_met,2026-05-05,15,1
2614,3427,3600,10,Utilities,2026-04-08,closed_met,2026-04-20,12,1
2615,3428,3601,7,Food,2025-09-17,closed_met,2025-10-05,18,1
2616,3430,3605,3,Transportation,2025-10-23,closed_met,2025-10-24,1,1
2617,3431,3606,4,Food,2025-11-18,closed_met,2025-11-27,9,1
2618,3432,3607,1,Food,2025-09-17,closed_unmet,2025-11-06,,1
2619,3435,3611,3,Transportation,2025-08-04,closed_met,2025-08-05,1,1
2620,3437,3612,3,Transportation,2026-02-21,closed_met,2026-02-25,4,1
2621,3439,3614,8,Transportation,2026-06-01,closed_met,2026-06-05,4,0
2622,3441,3615,4,Food,2026-01-31,closed_met,2026-02-20,20,1
2623,3441,3615,8,Transportation,2026-01-31,closed_met,2026-02-13,13,1
2624,3444,3616,4,Food,2025-04-10,closed_met,2025-04-30,20,1
2625,3446,3619,3,Transportation,2026-05-01,closed_met,2026-05-09,8,1
2626,3447,3621,8,Transportation,2025-07-15,closed_met,2025-07-27,12,1
2627,3451,3625,2,Housing,2026-01-22,open,,,1
2628,3453,3626,12,Housing,2025-03-15,closed_met,2025-05-04,50,1
2629,3453,3626,6,Utilities,2025-03-19,open,,,1
2630,3456,3628,2,Housing,2025-05-17,closed_met,2025-06-23,37,1
2631,3457,3629,7,Food,2026-04-24,open,,,1
2632,3459,3631,6,Utilities,2026-01-25,closed_met,2026-03-06,40,1
2633,3460,3633,2,Housing,2025-12-16,closed_met,2026-01-13,28,1
2634,3461,3633,2,Housing,2025-04-13,open,,,1
2635,3462,3635,2,Housing,2025-11-28,closed_met,2025-12-30,32,1
2636,3463,3635,8,Transportation,2026-01-16,closed_met,2026-01-29,13,1
2637,3466,3639,2,Housing,2025-05-25,closed_unmet,2025-06-26,,1
2638,3466,3639,3,Transportation,2025-05-25,closed_met,2025-05-26,1,1
2639,3470,3642,7,Food,2025-02-20,closed_met,2025-02-27,7,1
2640,3471,3643,4,Food,2026-03-15,closed_unmet,2026-04-22,,1
2641,3472,3644,3,Transportation,2025-04-21,closed_met,2025-04-27,6,1
2642,3474,3644,1,Food,2026-02-24,closed_met,2026-03-08,12,1
2643,3475,3646,1,Food,2026-06-10,closed_met,2026-06-20,10,0
2644,3478,3651,3,Transportation,2025-12-25,closed_met,2025-12-27,2,1
2645,3480,3652,3,Transportation,2025-10-18,closed_met,2025-10-21,3,1
2646,3481,3652,7,Food,2025-08-06,closed_unmet,2025-09-17,,1
2647,3483,3654,10,Utilities,2025-09-22,closed_met,2025-10-08,16,1
2648,3484,3655,10,Utilities,2026-03-10,closed_met,2026-03-22,12,1
2649,3489,3658,10,Utilities,2025-02-23,closed_met,2025-02-26,3,1
2650,3490,3661,5,Housing,2025-12-04,closed_unmet,2025-12-31,,1
2651,3491,3662,4,Food,2025-04-18,closed_met,2025-04-27,9,1
2652,3492,3663,1,Food,2025-07-11,closed_met,2025-07-25,14,1
2653,3493,3664,2,Housing,2026-03-02,open,,,1
2654,3495,3667,2,Housing,2026-05-17,closed_met,2026-06-21,35,0
2655,3496,3668,10,Utilities,2026-06-02,closed_met,2026-06-17,15,0
2656,3497,3668,1,Food,2025-04-12,closed_met,2025-04-18,6,1
2657,3499,3670,7,Food,2025-12-01,closed_met,2025-12-13,12,1
2658,3499,3670,8,Transportation,2025-12-02,closed_met,2025-12-23,21,1
2659,3501,3672,5,Housing,2025-12-13,closed_met,2026-01-18,36,1
2660,3502,3672,5,Housing,2026-02-06,closed_met,2026-03-18,40,1
2661,3505,3677,3,Transportation,2025-12-07,closed_met,2025-12-16,9,1
2662,3506,3680,8,Transportation,2025-08-10,closed_unmet,2025-09-15,,1
2663,3507,3680,5,Housing,2025-01-25,closed_unmet,2025-02-13,,1
2664,3509,3682,8,Transportation,2025-07-01,closed_met,2025-07-12,11,1
2665,3510,3684,12,Housing,2026-01-04,closed_met,2026-02-22,49,1
2666,3511,3685,4,Food,2026-05-29,closed_met,2026-06-09,11,0
2667,3511,3685,8,Transportation,2026-05-27,closed_met,2026-06-07,11,0
2668,3511,3685,10,Utilities,2026-05-29,open,,,0
2669,3513,3687,10,Utilities,2026-02-07,closed_met,2026-02-23,16,1
2670,3515,3688,1,Food,2026-06-24,open,,,0
2671,3516,3690,4,Food,2026-01-14,closed_met,2026-01-31,17,1
2672,3519,3691,1,Food,2025-06-26,closed_met,2025-06-29,3,1
2673,3519,3691,3,Transportation,2025-06-24,closed_met,2025-06-29,5,1
2674,3519,3691,10,Utilities,2025-06-27,open,,,1
2675,3520,3692,4,Food,2025-11-01,open,,,1
2676,3524,3694,10,Utilities,2025-10-20,closed_met,2025-11-08,19,1
2677,3525,3694,11,Safety,2025-03-12,closed_met,2025-04-02,21,1
2678,3526,3696,2,Housing,2026-04-01,closed_met,2026-05-09,38,1
2679,3527,3697,8,Transportation,2026-02-27,closed_met,2026-03-08,9,1
2680,3532,3706,1,Food,2026-05-17,closed_met,2026-05-23,6,0
2681,3532,3706,10,Utilities,2026-05-16,closed_met,2026-05-29,13,0
2682,3533,3707,1,Food,2025-12-22,open,,,1
2683,3535,3708,1,Food,2025-08-16,closed_met,2025-08-22,6,1
2684,3538,3712,2,Housing,2025-06-08,closed_met,2025-07-02,24,1
2685,3538,3712,11,Safety,2025-06-09,closed_met,2025-07-14,35,1
2686,3539,3713,4,Food,2026-03-02,closed_met,2026-03-10,8,1
2687,3540,3714,1,Food,2025-11-30,closed_met,2025-12-06,6,1
2688,3540,3714,8,Transportation,2025-11-26,closed_met,2025-12-04,8,1
2689,3541,3716,4,Food,2026-06-26,open,,,0
2690,3542,3717,7,Food,2026-01-24,open,,,1
2691,3545,3718,7,Food,2026-04-16,closed_met,2026-04-27,11,1
2692,3546,3718,8,Transportation,2025-04-25,closed_met,2025-05-01,6,1
2693,3548,3722,5,Housing,2025-09-24,closed_unmet,2025-11-12,,1
2694,3550,3723,1,Food,2025-02-24,closed_met,2025-03-06,10,1
2695,3550,3723,10,Utilities,2025-02-19,closed_met,2025-02-27,8,1
2696,3551,3724,1,Food,2025-04-15,closed_met,2025-04-23,8,1
2697,3552,3725,9,Safety,2025-08-26,closed_unmet,2025-10-23,,1
2698,3553,3726,1,Food,2025-11-26,closed_met,2025-12-01,5,1
2699,3553,3726,3,Transportation,2025-11-24,closed_met,2025-11-27,3,1
2700,3554,3729,1,Food,2025-08-16,closed_met,2025-08-24,8,1
2701,3554,3729,3,Transportation,2025-08-14,closed_met,2025-08-18,4,1
2702,3555,3729,2,Housing,2026-02-17,closed_met,2026-03-18,29,1
2703,3556,3731,5,Housing,2026-06-15,open,,,0
2704,3557,3732,10,Utilities,2025-10-17,closed_unmet,2025-11-13,,1
2705,3558,3734,8,Transportation,2025-03-22,closed_met,2025-03-31,9,1
2706,3559,3735,7,Food,2025-08-04,closed_met,2025-08-23,19,1
2707,3560,3735,5,Housing,2025-04-02,open,,,1
2708,3565,3743,1,Food,2026-01-28,closed_met,2026-02-05,8,1
2709,3567,3747,11,Safety,2025-01-25,closed_met,2025-02-16,22,1
2710,3569,3749,4,Food,2025-05-28,closed_met,2025-06-13,16,1
2711,3569,3749,3,Transportation,2025-05-26,closed_met,2025-05-31,5,1
2712,3571,3750,9,Safety,2025-08-15,closed_met,2025-09-11,27,1
2713,3573,3751,3,Transportation,2026-04-30,closed_met,2026-05-06,6,1
2714,3574,3752,3,Transportation,2025-11-21,closed_met,2025-11-29,8,1
2716,3579,3760,3,Transportation,2025-08-09,closed_unmet,2025-10-01,,1
2717,3580,3762,8,Transportation,2026-03-29,closed_unmet,2026-04-25,,1
2718,3581,3762,12,Housing,2025-09-16,closed_unmet,2025-10-26,,1
2719,3581,3762,1,Food,2025-09-15,closed_met,2025-09-27,12,1
2720,3581,3762,8,Transportation,2025-09-18,closed_met,2025-10-02,14,1
2721,3582,3762,8,Transportation,2026-03-27,open,,,1
2722,3583,3764,1,Food,2025-06-12,closed_met,2025-06-22,10,1
2723,3587,3767,5,Housing,2025-03-08,closed_met,2025-03-28,20,1
2724,3587,3767,4,Food,2025-03-12,closed_unmet,2025-03-29,,1
2725,3589,3768,1,Food,2025-01-31,open,,,1
2726,3589,3768,11,Safety,2025-01-28,closed_met,2025-02-21,24,1
2727,3592,3770,5,Housing,2025-03-18,closed_met,2025-04-18,31,1
2728,3594,3774,7,Food,2026-02-09,closed_met,2026-03-02,21,1
2729,3596,3776,2,Housing,2025-08-29,closed_met,2025-10-16,48,1
2730,3602,3780,2,Housing,2025-03-12,closed_met,2025-03-28,16,1
2731,3602,3780,1,Food,2025-03-08,closed_met,2025-03-19,11,1
2732,3603,3781,4,Food,2025-08-25,closed_met,2025-09-03,9,1
2733,3604,3784,5,Housing,2026-03-18,closed_met,2026-03-28,10,1
2734,3605,3785,2,Housing,2026-01-24,closed_met,2026-03-05,40,1
2735,3605,3785,1,Food,2026-01-22,closed_met,2026-01-28,6,1
2736,3605,3785,11,Safety,2026-01-24,closed_met,2026-02-11,18,1
2737,3607,3785,11,Safety,2025-05-21,closed_met,2025-06-07,17,1
2738,3610,3788,2,Housing,2025-06-10,closed_met,2025-07-09,29,1
2739,3610,3788,3,Transportation,2025-06-05,closed_met,2025-06-07,2,1
2740,3612,3789,6,Utilities,2025-08-15,open,,,1
2741,3613,3790,8,Transportation,2025-01-09,closed_met,2025-01-16,7,1
2742,3615,3791,5,Housing,2025-12-30,closed_met,2026-02-01,33,1
2743,3617,3794,1,Food,2025-12-25,closed_met,2026-01-05,11,1
2744,3618,3795,8,Transportation,2025-05-12,closed_met,2025-05-21,9,1
2745,3619,3795,7,Food,2025-11-28,closed_met,2025-12-06,8,1
2746,3619,3795,10,Utilities,2025-12-03,closed_met,2025-12-10,7,1
2747,3620,3796,1,Food,2026-06-18,open,,,0
2748,3621,3803,5,Housing,2026-02-27,closed_unmet,2026-04-08,,1
2749,3621,3803,4,Food,2026-02-23,closed_met,2026-03-05,10,1
2750,3622,3803,5,Housing,2026-02-10,closed_met,2026-02-21,11,1
2751,3625,3806,1,Food,2025-06-05,closed_met,2025-06-11,6,1
2752,3626,3807,1,Food,2025-04-13,closed_met,2025-04-22,9,1
2753,3627,3809,2,Housing,2025-02-23,closed_met,2025-03-12,17,1
2754,3631,3812,1,Food,2025-12-14,closed_unmet,2026-01-26,,1
2755,3631,3812,3,Transportation,2025-12-14,closed_met,2025-12-21,7,1
2756,3632,3813,8,Transportation,2026-02-03,closed_met,2026-02-14,11,1
2757,3634,3816,2,Housing,2026-03-22,closed_met,2026-04-08,17,1
2758,3637,3820,4,Food,2025-12-05,closed_met,2025-12-17,12,1
2759,3637,3820,8,Transportation,2025-12-09,open,,,1
2760,3639,3824,11,Safety,2026-03-02,closed_met,2026-03-28,26,1
2761,3641,3825,1,Food,2026-05-02,closed_met,2026-05-10,8,0
2762,3644,3830,7,Food,2026-01-19,closed_met,2026-02-10,22,1
2763,3644,3830,10,Utilities,2026-01-21,closed_met,2026-02-03,13,1
2764,3646,3832,4,Food,2025-02-23,closed_met,2025-03-05,10,1
2765,3647,3833,1,Food,2026-04-18,closed_met,2026-04-24,6,1
2766,3648,3834,6,Utilities,2025-02-26,closed_unmet,2025-03-16,,1
2767,3650,3835,2,Housing,2026-05-03,open,,,0
2768,3653,3838,7,Food,2025-01-31,closed_met,2025-02-14,14,1
2769,3654,3839,4,Food,2025-02-01,closed_met,2025-02-11,10,1
2770,3656,3839,12,Housing,2025-12-03,open,,,1
2771,3657,3840,1,Food,2025-07-20,closed_met,2025-07-26,6,1
2772,3659,3840,1,Food,2025-04-27,closed_met,2025-05-09,12,1
2773,3661,3842,2,Housing,2025-01-28,open,,,1
2774,3661,3842,1,Food,2025-01-29,closed_met,2025-02-05,7,1
2775,3663,3845,2,Housing,2026-05-22,open,,,0
2776,3663,3845,8,Transportation,2026-05-26,closed_met,2026-05-30,4,0
2777,3663,3845,10,Utilities,2026-05-27,closed_met,2026-06-12,16,0
2778,3664,3845,12,Housing,2025-01-20,closed_met,2025-03-10,49,1
2779,3665,3846,5,Housing,2026-06-24,open,,,0
2780,3665,3846,7,Food,2026-06-21,closed_met,2026-06-29,8,0
2781,3666,3847,12,Housing,2026-03-10,open,,,1
2782,3667,3848,8,Transportation,2026-02-16,closed_met,2026-02-24,8,1
2783,3670,3850,5,Housing,2025-05-15,closed_met,2025-07-05,51,1
2784,3670,3850,3,Transportation,2025-05-16,closed_met,2025-05-17,1,1
2785,3671,3851,5,Housing,2025-07-22,closed_met,2025-08-17,26,1
2786,3671,3851,4,Food,2025-07-22,closed_met,2025-07-30,8,1
2787,3672,3853,1,Food,2025-02-16,closed_met,2025-02-28,12,1
2788,3674,3858,12,Housing,2025-04-21,open,,,1
2789,3675,3859,5,Housing,2025-04-18,closed_met,2025-05-25,37,1
2790,3675,3859,4,Food,2025-04-20,closed_met,2025-04-26,6,1
2791,3677,3862,1,Food,2025-02-18,closed_met,2025-02-19,1,1
2792,3678,3862,3,Transportation,2025-10-18,closed_met,2025-10-22,4,1
2793,3679,3863,11,Safety,2025-04-18,closed_met,2025-05-19,31,1
2794,3680,3864,12,Housing,2025-08-16,closed_met,2025-09-05,20,1
2795,3681,3865,10,Utilities,2025-05-29,closed_met,2025-06-05,7,1
2796,3683,3866,2,Housing,2025-04-12,closed_unmet,2025-05-24,,1
2797,3683,3866,3,Transportation,2025-04-11,closed_met,2025-04-16,5,1
2798,3684,3869,7,Food,2026-02-06,closed_met,2026-02-27,21,1
2799,3684,3869,3,Transportation,2026-02-08,closed_met,2026-02-12,4,1
2800,3685,3870,5,Housing,2026-05-21,open,,,0
2801,3686,3873,2,Housing,2025-11-14,open,,,1
2802,3686,3873,1,Food,2025-11-18,closed_unmet,2025-12-25,,1
2803,3688,3875,12,Housing,2025-06-08,open,,,1
2804,3688,3875,7,Food,2025-06-10,closed_met,2025-06-27,17,1
2805,3691,3876,5,Housing,2025-10-18,closed_met,2025-10-26,8,1
2806,3693,3877,10,Utilities,2025-06-23,closed_met,2025-07-03,10,1
2807,3695,3879,3,Transportation,2026-02-22,closed_met,2026-02-28,6,1
2808,3695,3879,6,Utilities,2026-02-22,closed_unmet,2026-04-08,,1
2809,3696,3881,2,Housing,2025-06-23,closed_met,2025-08-18,56,1
2810,3696,3881,10,Utilities,2025-06-25,closed_met,2025-06-29,4,1
2811,3697,3881,1,Food,2025-03-01,open,,,1
2812,3697,3881,3,Transportation,2025-03-04,closed_met,2025-03-12,8,1
2813,3698,3882,4,Food,2026-05-11,closed_met,2026-05-24,13,0
2814,3698,3882,3,Transportation,2026-05-10,closed_met,2026-05-15,5,0
2815,3699,3883,2,Housing,2025-03-18,open,,,1
2816,3702,3884,8,Transportation,2025-12-28,closed_met,2025-12-30,2,1
2817,3703,3885,4,Food,2025-06-15,closed_met,2025-07-03,18,1
2818,3704,3886,4,Food,2025-04-24,closed_met,2025-05-09,15,1
2819,3704,3886,3,Transportation,2025-04-29,closed_met,2025-05-04,5,1
2820,3708,3889,2,Housing,2026-01-13,closed_met,2026-02-05,23,1
2821,3708,3889,3,Transportation,2026-01-12,closed_met,2026-01-19,7,1
2822,3709,3889,1,Food,2025-06-11,closed_met,2025-06-17,6,1
2823,3710,3890,3,Transportation,2026-02-06,closed_met,2026-02-13,7,1
2824,3714,3894,1,Food,2025-10-22,closed_met,2025-10-26,4,1
2825,3717,3898,3,Transportation,2026-01-27,closed_met,2026-02-04,8,1
2826,3718,3899,8,Transportation,2025-05-21,open,,,1
2827,3718,3899,6,Utilities,2025-05-18,closed_met,2025-06-12,25,1
2828,3720,3900,7,Food,2025-08-22,open,,,1
2829,3722,3901,10,Utilities,2025-12-20,closed_met,2025-12-29,9,1
2830,3727,3904,2,Housing,2026-03-03,open,,,1
2831,3729,3905,2,Housing,2026-05-25,open,,,0
2832,3730,3906,7,Food,2025-06-17,open,,,1
2833,3734,3910,1,Food,2025-12-15,closed_met,2025-12-25,10,1
2834,3736,3913,1,Food,2026-04-29,closed_met,2026-05-14,15,1
2835,3737,3914,5,Housing,2026-02-06,closed_met,2026-03-01,23,1
2836,3737,3914,6,Utilities,2026-02-07,closed_unmet,2026-03-29,,1
2837,3739,3916,3,Transportation,2025-06-12,closed_met,2025-06-17,5,1
2838,3740,3917,4,Food,2025-08-30,closed_met,2025-09-09,10,1
2839,3743,3921,4,Food,2025-06-24,closed_met,2025-07-07,13,1
2840,3743,3921,9,Safety,2025-06-28,closed_met,2025-08-02,35,1
2841,3744,3922,3,Transportation,2025-02-08,closed_met,2025-02-12,4,1
2842,3744,3922,10,Utilities,2025-02-10,closed_met,2025-03-04,22,1
2843,3745,3924,2,Housing,2025-10-05,closed_met,2025-10-12,7,1
2844,3745,3924,3,Transportation,2025-10-08,closed_unmet,2025-10-29,,1
2845,3748,3926,1,Food,2025-07-08,closed_met,2025-07-14,6,1
2846,3749,3927,5,Housing,2025-05-23,open,,,1
2847,3750,3928,4,Food,2025-12-15,closed_met,2025-12-26,11,1
2848,3750,3928,3,Transportation,2025-12-16,closed_met,2025-12-21,5,1
2849,3751,3928,4,Food,2026-04-14,closed_met,2026-04-27,13,1
2850,3751,3928,10,Utilities,2026-04-11,closed_met,2026-04-26,15,1
2851,3754,3934,4,Food,2025-04-03,closed_met,2025-04-14,11,1
2852,3754,3934,8,Transportation,2025-03-29,closed_met,2025-04-06,8,1
2853,3755,3935,7,Food,2025-01-18,closed_met,2025-02-03,16,1
2854,3755,3935,8,Transportation,2025-01-23,closed_met,2025-01-30,7,1
2855,3758,3937,8,Transportation,2025-08-09,closed_met,2025-08-28,19,1
2856,3760,3940,5,Housing,2025-03-11,closed_met,2025-04-11,31,1
2857,3761,3940,4,Food,2025-12-10,closed_met,2025-12-19,9,1
2858,3762,3944,1,Food,2025-06-06,closed_met,2025-06-09,3,1
2859,3762,3944,3,Transportation,2025-06-07,closed_met,2025-06-12,5,1
2860,3762,3944,10,Utilities,2025-06-11,closed_unmet,2025-07-07,,1
2861,3764,3946,11,Safety,2025-05-13,open,,,1
2862,3768,3949,1,Food,2025-07-10,closed_met,2025-07-19,9,1
2863,3769,3950,5,Housing,2025-10-28,closed_met,2025-12-10,43,1
2864,3771,3950,5,Housing,2025-12-28,closed_met,2026-01-17,20,1
2865,3772,3951,10,Utilities,2026-02-25,closed_met,2026-03-06,9,1
2866,3777,3957,3,Transportation,2026-06-15,closed_met,2026-06-18,3,0
2867,3778,3959,12,Housing,2026-05-23,closed_met,2026-06-11,19,0
2868,3779,3960,10,Utilities,2025-08-02,closed_met,2025-08-22,20,1
2869,3781,3962,1,Food,2026-06-13,closed_met,2026-06-20,7,0
2870,3782,3962,1,Food,2025-11-03,closed_unmet,2025-12-25,,1
2871,3782,3962,3,Transportation,2025-10-29,closed_met,2025-11-06,8,1
2872,3783,3965,1,Food,2025-05-18,closed_met,2025-05-22,4,1
2873,3785,3967,7,Food,2025-08-12,closed_met,2025-08-28,16,1
2874,3788,3973,3,Transportation,2026-01-14,closed_met,2026-01-20,6,1
2875,3788,3973,6,Utilities,2026-01-11,closed_met,2026-01-25,14,1
2876,3789,3974,1,Food,2026-05-22,closed_met,2026-05-31,9,0
2877,3790,3976,2,Housing,2026-01-13,closed_met,2026-02-06,24,1
2878,3790,3976,1,Food,2026-01-15,closed_met,2026-01-23,8,1
2879,3791,3976,10,Utilities,2026-05-14,closed_met,2026-05-30,16,0
2880,3793,3978,1,Food,2026-02-19,closed_met,2026-03-05,14,1
2881,3794,3978,10,Utilities,2026-04-25,closed_met,2026-05-04,9,1
2882,3795,3978,2,Housing,2025-05-18,closed_met,2025-06-24,37,1
2883,3795,3978,1,Food,2025-05-17,closed_met,2025-05-27,10,1
2884,3796,3979,1,Food,2025-01-29,closed_met,2025-02-04,6,1
2885,3797,3981,5,Housing,2025-08-04,closed_met,2025-09-03,30,1
2886,3798,3982,2,Housing,2026-01-10,closed_met,2026-01-31,21,1
2887,3799,3982,2,Housing,2025-12-16,open,,,1
2888,3799,3982,1,Food,2025-12-19,closed_met,2025-12-24,5,1
2889,3800,3984,7,Food,2025-05-05,closed_met,2025-05-19,14,1
2890,3801,3986,10,Utilities,2025-12-03,closed_met,2025-12-26,23,1
2891,3804,3988,5,Housing,2026-01-04,closed_met,2026-02-08,35,1
2892,3805,3990,1,Food,2025-07-28,closed_met,2025-08-04,7,1
2893,3806,3991,8,Transportation,2025-10-28,closed_met,2025-11-10,13,1
2894,3808,3993,2,Housing,2025-11-04,closed_met,2025-12-02,28,1
2895,3809,3994,2,Housing,2025-02-14,open,,,1
2896,3810,3996,2,Housing,2026-06-19,open,,,0
2897,3811,3996,11,Safety,2025-11-07,closed_met,2025-11-30,23,1
2898,3812,3997,2,Housing,2025-02-18,closed_unmet,2025-04-01,,1
2899,3813,3998,1,Food,2025-08-12,closed_met,2025-08-14,2,1
