member_id,county,age_group,medicaid_enroll_date
1,Otsego,0-17,2024-07-17
2,Broome,0-17,2023-07-29
3,Otsego,50-64,2023-06-28
4,Otsego,0-17,2023-07-11
5,Broome,35-49,2023-02-24
6,Otsego,35-49,2026-01-21
7,Tompkins,18-34,2024-07-23
8,Tioga,0-17,2023-11-23
9,Chenango,18-34,2023-11-15
10,Broome,50-64,2023-07-29
11,Broome,0-17,2024-12-05
12,Otsego,50-64,2025-07-29
13,Tompkins,65+,2025-02-14
14,Broome,18-34,2025-01-10
15,Otsego,35-49,2023-04-04
16,Otsego,50-64,2023-06-13
17,Tioga,50-64,2025-02-17
18,Broome,35-49,2025-01-17
19,Broome,18-34,2024-06-30
20,Chenango,35-49,2023-05-27
21,Otsego,0-17,2024-05-16
22,Broome,18-34,2026-02-14
23,Broome,18-34,2023-04-25
24,Broome,0-17,2024-10-08
25,Tompkins,0-17,2024-10-06
26,Broome,18-34,2025-07-28
27,Broome,0-17,2026-02-23
28,Tompkins,50-64,2025-05-27
29,Tioga,18-34,2024-03-25
30,Delaware,0-17,2025-10-07
31,Broome,0-17,2023-08-13
32,Broome,0-17,2025-05-14
33,Otsego,18-34,2025-08-16
34,Tompkins,65+,2023-01-24
35,Chenango,0-17,2026-01-04
36,Chenango,50-64,2024-11-27
37,Broome,18-34,2025-07-18
38,Broome,50-64,2024-06-23
39,Delaware,50-64,2025-11-05
40,Delaware,50-64,2024-09-03
41,Tioga,35-49,2024-02-12
42,Broome,50-64,2026-01-09
43,Delaware,65+,2023-01-02
44,Otsego,18-34,2023-08-18
45,Delaware,50-64,2024-09-21
46,Broome,18-34,2023-06-11
47,Broome,18-34,2023-05-22
48,Delaware,35-49,2023-09-15
49,Broome,18-34,2026-01-30
50,Broome,35-49,2025-05-16
51,Delaware,65+,2024-02-16
52,Chenango,18-34,2025-02-03
53,Tompkins,35-49,2023-09-05
54,Broome,0-17,2023-02-13
55,Otsego,18-34,2024-03-27
56,Broome,35-49,2023-05-01
57,Broome,50-64,2024-11-07
58,Broome,18-34,2025-09-21
59,Broome,0-17,2025-08-26
60,Broome,18-34,2025-04-13
61,Broome,0-17,2025-06-01
62,Broome,18-34,2023-04-21
63,Otsego,65+,2023-07-21
64,Broome,50-64,2023-08-12
65,Broome,0-17,2025-07-07
66,Broome,0-17,2025-08-05
67,Broome,65+,2025-06-26
68,Tioga,50-64,2023-07-20
69,Broome,65+,2023-01-31
70,Delaware,65+,2024-04-29
71,Broome,18-34,2024-03-13
72,Tioga,50-64,2023-12-04
73,Broome,65+,2024-06-27
74,Delaware,50-64,2024-08-07
75,Tompkins,65+,2026-02-12
76,Otsego,18-34,2024-01-24
77,Broome,65+,2026-01-15
78,Broome,18-34,2023-04-13
79,Otsego,35-49,2025-12-23
80,Broome,65+,2023-06-14
81,Tioga,0-17,2023-05-20
82,Otsego,18-34,2023-09-03
83,Delaware,35-49,2023-03-23
84,Otsego,18-34,2025-12-06
85,Broome,18-34,2024-10-05
86,Broome,18-34,2024-09-06
87,Tompkins,65+,2023-05-29
88,Broome,35-49,2026-02-27
89,Delaware,0-17,2024-03-12
90,Tompkins,0-17,2024-12-15
91,Tioga,50-64,2025-01-26
92,Broome,18-34,2026-01-17
93,Chenango,35-49,2025-12-19
94,Broome,50-64,2024-09-05
95,Delaware,0-17,2023-10-03
96,Broome,50-64,2026-02-07
97,Broome,18-34,2024-03-07
98,Chenango,0-17,2024-06-24
99,Tompkins,18-34,2023-04-15
100,Broome,18-34,2024-07-20
101,Broome,18-34,2023-09-25
102,Otsego,18-34,2025-06-23
103,Tompkins,18-34,2023-01-20
104,Broome,65+,2023-11-02
105,Tompkins,50-64,2026-02-05
106,Broome,0-17,2024-09-23
107,Broome,65+,2023-03-23
108,Tioga,0-17,2024-05-26
109,Otsego,18-34,2026-02-20
110,Tioga,18-34,2023-11-13
111,Delaware,18-34,2023-11-29
112,Delaware,50-64,2025-04-24
113,Broome,50-64,2024-11-11
114,Chenango,18-34,2024-05-23
115,Broome,50-64,2023-08-10
116,Tompkins,0-17,2025-08-21
117,Broome,50-64,2025-07-31
118,Broome,50-64,2024-04-11
119,Broome,35-49,2025-03-27
120,Broome,50-64,2024-07-25
121,Broome,35-49,2026-01-03
122,Broome,0-17,2024-06-18
123,Broome,65+,2024-06-27
124,Broome,35-49,2024-12-08
125,Chenango,18-34,2025-11-13
126,Broome,50-64,2024-01-25
127,Broome,35-49,2023-01-04
128,Tompkins,50-64,2024-02-08
129,Broome,0-17,2024-11-07
130,Otsego,35-49,2023-09-13
131,Chenango,18-34,2024-09-25
132,Otsego,18-34,2024-08-28
133,Tompkins,0-17,2025-02-15
134,Otsego,50-64,2024-09-08
135,Tompkins,50-64,2024-09-14
136,Broome,18-34,2024-10-21
137,Tompkins,18-34,2024-03-13
138,Tompkins,50-64,2023-12-14
139,Otsego,18-34,2024-11-17
140,Broome,65+,2024-04-26
141,Otsego,18-34,2024-02-12
142,Broome,0-17,2025-08-31
143,Otsego,50-64,2025-07-21
144,Tompkins,35-49,2024-02-03
145,Chenango,18-34,2025-03-29
146,Broome,35-49,2023-01-12
147,Tioga,50-64,2023-08-07
148,Chenango,0-17,2025-11-26
149,Tompkins,35-49,2023-09-06
150,Tompkins,50-64,2025-12-23
151,Delaware,35-49,2025-06-25
152,Otsego,35-49,2025-10-30
153,Tompkins,50-64,2025-07-02
154,Tioga,50-64,2025-08-30
155,Tompkins,50-64,2024-07-21
156,Chenango,35-49,2024-05-04
157,Broome,0-17,2024-08-08
158,Broome,18-34,2026-01-11
159,Broome,0-17,2025-02-23
160,Chenango,35-49,2023-05-12
161,Tompkins,18-34,2025-08-12
162,Tompkins,0-17,2025-05-10
163,Tompkins,50-64,2023-02-10
164,Tioga,50-64,2025-02-18
165,Tompkins,65+,2024-09-03
166,Chenango,50-64,2025-05-08
167,Tompkins,50-64,2024-03-27
168,Tompkins,18-34,2025-09-21
169,Broome,18-34,2025-04-08
170,Chenango,50-64,2023-09-19
171,Delaware,35-49,2025-03-17
172,Otsego,35-49,2023-06-21
173,Otsego,0-17,2025-08-03
174,Broome,18-34,2024-11-01
175,Broome,18-34,2025-02-15
176,Broome,65+,2025-05-13
177,Broome,0-17,2023-02-09
178,Chenango,0-17,2024-12-17
179,Broome,0-17,2023-03-24
180,Chenango,65+,2024-02-13
181,Tioga,35-49,2024-05-03
182,Broome,35-49,2026-03-01
183,Delaware,18-34,2024-06-08
184,Chenango,0-17,2023-08-23
185,Chenango,0-17,2024-09-29
186,Broome,0-17,2024-09-30
187,Otsego,50-64,2025-02-07
188,Tompkins,35-49,2023-06-05
189,Otsego,50-64,2024-05-12
190,Broome,50-64,2023-09-05
191,Chenango,35-49,2023-03-26
192,Broome,18-34,2025-01-28
193,Broome,35-49,2023-01-26
194,Tioga,50-64,2023-08-05
195,Tompkins,18-34,2025-07-30
196,Chenango,18-34,2025-12-04
197,Delaware,18-34,2026-01-07
198,Chenango,18-34,2024-07-03
199,Broome,18-34,2023-06-27
200,Broome,18-34,2025-08-09
201,Otsego,35-49,2024-11-19
202,Broome,50-64,2024-01-08
203,Tompkins,18-34,2024-06-13
204,Broome,50-64,2024-07-19
205,Tompkins,35-49,2024-01-27
206,Broome,50-64,2025-09-27
207,Tompkins,18-34,2025-09-02
208,Otsego,18-34,2023-02-05
209,Broome,18-34,2024-05-13
210,Broome,35-49,2025-08-27
211,Tompkins,18-34,2026-02-01
212,Broome,35-49,2024-07-08
213,Broome,18-34,2024-01-30
214,Broome,50-64,2024-01-15
215,Broome,50-64,2024-07-20
216,Chenango,65+,2025-12-10
217,Otsego,65+,2024-02-02
218,Broome,18-34,2024-09-11
219,Broome,35-49,2024-07-15
220,Broome,0-17,2024-08-21
221,Chenango,0-17,2025-10-02
222,Broome,0-17,2024-08-05
223,Tompkins,18-34,2024-01-13
224,Delaware,18-34,2025-09-05
225,Broome,0-17,2025-10-04
226,Broome,35-49,2023-04-20
227,Broome,50-64,2024-09-14
228,Broome,18-34,2026-02-16
229,Chenango,35-49,2024-04-07
230,Chenango,18-34,2025-06-25
231,Broome,35-49,2025-05-28
232,Broome,35-49,2023-07-23
233,Delaware,0-17,2024-03-08
234,Broome,0-17,2024-05-06
235,Broome,0-17,2023-01-06
236,Tompkins,35-49,2025-08-20
237,Broome,18-34,2024-08-02
238,Chenango,18-34,2024-04-23
239,Delaware,50-64,2024-02-10
240,Tompkins,35-49,2023-11-02
241,Tioga,50-64,2023-05-27
242,Broome,50-64,2024-08-14
243,Tompkins,18-34,2024-09-14
244,Chenango,65+,2025-10-21
245,Tompkins,18-34,2023-03-23
246,Tioga,50-64,2024-05-27
247,Broome,18-34,2023-02-12
248,Delaware,35-49,2024-07-05
249,Otsego,50-64,2023-12-25
250,Tompkins,35-49,2024-07-23
251,Broome,35-49,2025-10-04
252,Delaware,18-34,2025-04-16
253,Broome,35-49,2023-11-26
254,Broome,35-49,2024-08-13
255,Otsego,18-34,2026-01-31
256,Broome,0-17,2024-05-31
257,Broome,65+,2025-04-07
258,Tioga,50-64,2023-01-03
259,Otsego,35-49,2025-04-26
260,Broome,35-49,2025-10-17
261,Otsego,50-64,2024-02-21
262,Broome,0-17,2024-08-12
263,Tompkins,35-49,2023-09-06
264,Broome,35-49,2024-05-05
265,Chenango,18-34,2023-01-29
266,Tompkins,0-17,2023-08-21
267,Tompkins,0-17,2023-11-12
268,Tompkins,35-49,2025-11-08
269,Chenango,18-34,2025-09-15
270,Delaware,18-34,2026-02-02
271,Broome,0-17,2025-11-06
272,Chenango,0-17,2023-05-23
273,Broome,50-64,2025-04-29
274,Broome,50-64,2024-07-01
275,Tioga,18-34,2024-09-03
276,Tioga,35-49,2025-09-29
277,Tioga,18-34,2025-09-18
278,Broome,35-49,2026-01-17
279,Broome,65+,2024-01-22
280,Delaware,18-34,2025-02-23
281,Broome,50-64,2023-03-31
282,Broome,18-34,2025-02-19
283,Tompkins,35-49,2023-11-08
284,Tompkins,0-17,2025-10-25
285,Delaware,18-34,2023-07-25
286,Tioga,18-34,2025-12-13
287,Delaware,0-17,2023-10-23
288,Tompkins,35-49,2023-11-13
289,Broome,50-64,2024-06-26
290,Broome,35-49,2023-06-14
291,Tioga,50-64,2025-12-28
292,Tompkins,18-34,2025-09-26
293,Tioga,0-17,2023-05-21
294,Broome,35-49,2024-08-11
295,Delaware,50-64,2025-06-07
296,Delaware,50-64,2023-07-25
297,Tompkins,35-49,2023-03-01
298,Broome,50-64,2024-08-23
299,Broome,18-34,2024-05-15
300,Tompkins,35-49,2024-01-04
301,Broome,0-17,2025-02-22
302,Otsego,18-34,2023-10-21
303,Broome,35-49,2025-07-30
304,Broome,0-17,2025-08-10
305,Tioga,35-49,2023-11-20
306,Broome,65+,2024-09-04
307,Otsego,18-34,2024-05-27
308,Tompkins,18-34,2025-02-26
309,Tioga,0-17,2025-02-20
310,Otsego,35-49,2024-08-27
311,Broome,50-64,2025-03-21
312,Broome,35-49,2023-04-11
313,Delaware,50-64,2024-08-09
314,Chenango,18-34,2024-12-22
315,Broome,0-17,2024-05-28
316,Otsego,50-64,2023-10-08
317,Otsego,50-64,2023-03-22
318,Broome,18-34,2025-01-17
319,Chenango,0-17,2024-08-27
320,Broome,18-34,2024-02-16
321,Broome,35-49,2025-01-19
322,Tompkins,65+,2023-12-03
323,Broome,50-64,2025-09-13
324,Delaware,18-34,2024-11-24
325,Tioga,18-34,2023-06-04
326,Broome,65+,2025-03-24
327,Delaware,50-64,2025-01-19
328,Broome,18-34,2024-06-25
329,Tompkins,18-34,2024-06-20
330,Otsego,50-64,2025-01-30
331,Broome,18-34,2023-02-21
332,Otsego,65+,2024-11-02
333,Delaware,18-34,2023-05-10
334,Otsego,18-34,2024-09-10
335,Otsego,0-17,2023-04-03
336,Delaware,18-34,2025-10-05
337,Broome,18-34,2026-01-05
338,Broome,18-34,2026-01-11
339,Tompkins,50-64,2023-11-13
340,Tioga,35-49,2025-09-29
341,Otsego,65+,2024-07-26
342,Broome,18-34,2025-06-27
343,Tompkins,18-34,2025-01-12
344,Broome,35-49,2026-01-20
345,Tioga,35-49,2023-05-05
346,Tompkins,0-17,2023-09-08
347,Delaware,50-64,2023-07-07
348,Otsego,35-49,2023-02-13
349,Broome,18-34,2023-09-15
350,Chenango,0-17,2026-02-09
351,Broome,0-17,2024-04-22
352,Broome,0-17,2023-01-06
353,Broome,65+,2023-09-24
354,Tompkins,50-64,2023-08-14
355,Otsego,0-17,2023-01-31
356,Broome,50-64,2024-10-25
357,Broome,18-34,2023-09-17
358,Chenango,35-49,2023-05-11
359,Tompkins,50-64,2025-11-17
360,Otsego,18-34,2024-03-29
361,Delaware,0-17,2025-12-03
362,Broome,35-49,2023-03-05
363,Broome,18-34,2025-04-02
364,Tompkins,0-17,2025-06-27
365,Broome,0-17,2023-10-31
366,Broome,18-34,2026-01-28
367,Chenango,18-34,2025-12-22
368,Broome,35-49,2025-05-31
369,Broome,35-49,2026-02-03
370,Chenango,0-17,2025-07-13
371,Tioga,18-34,2025-07-17
372,Tompkins,50-64,2024-10-02
373,Tompkins,35-49,2025-02-05
374,Delaware,35-49,2025-08-29
375,Broome,50-64,2023-07-10
376,Tompkins,50-64,2025-02-02
377,Tioga,35-49,2026-02-24
378,Otsego,35-49,2025-04-21
379,Broome,35-49,2025-05-16
380,Tioga,50-64,2024-08-12
381,Otsego,18-34,2025-11-05
382,Broome,35-49,2024-04-04
383,Tioga,18-34,2026-02-13
384,Broome,50-64,2024-04-08
385,Tioga,50-64,2026-02-14
386,Broome,65+,2024-07-01
387,Broome,18-34,2024-09-24
388,Delaware,18-34,2024-01-07
389,Tioga,35-49,2025-03-31
390,Broome,50-64,2023-03-04
391,Broome,35-49,2025-02-09
392,Tompkins,18-34,2025-01-27
393,Broome,18-34,2023-06-23
394,Tioga,0-17,2023-04-12
395,Otsego,18-34,2025-05-18
396,Tompkins,18-34,2024-07-13
397,Broome,35-49,2024-12-07
398,Tompkins,18-34,2025-09-23
399,Tompkins,18-34,2024-03-27
400,Tompkins,35-49,2023-01-16
401,Broome,65+,2023-10-09
402,Chenango,18-34,2023-09-03
403,Broome,50-64,2023-12-26
404,Broome,35-49,2024-04-16
405,Tompkins,50-64,2024-12-26
406,Broome,50-64,2023-03-28
407,Tompkins,18-34,2023-06-09
408,Tioga,35-49,2025-04-08
409,Chenango,18-34,2023-08-24
410,Tompkins,65+,2023-12-18
411,Tioga,35-49,2025-01-11
412,Broome,50-64,2024-05-13
413,Tompkins,18-34,2023-06-11
414,Tompkins,18-34,2024-11-26
415,Broome,50-64,2023-06-06
416,Tompkins,0-17,2025-11-10
417,Broome,50-64,2024-12-20
418,Chenango,50-64,2023-10-30
419,Broome,0-17,2024-02-09
420,Broome,0-17,2023-06-04
421,Broome,50-64,2025-10-08
422,Tompkins,35-49,2025-07-08
423,Chenango,50-64,2024-10-23
424,Tioga,35-49,2023-11-06
425,Tompkins,18-34,2024-09-12
426,Chenango,35-49,2024-12-21
427,Tompkins,18-34,2025-07-14
428,Broome,18-34,2024-08-10
429,Broome,50-64,2023-07-04
430,Otsego,35-49,2025-08-05
431,Otsego,65+,2023-03-26
432,Tompkins,50-64,2024-01-21
433,Broome,18-34,2023-11-05
434,Delaware,18-34,2024-12-04
435,Delaware,0-17,2023-12-20
436,Broome,35-49,2025-06-18
437,Tompkins,35-49,2025-01-15
438,Broome,18-34,2025-04-17
439,Chenango,35-49,2023-04-18
440,Chenango,35-49,2023-05-15
441,Broome,35-49,2025-03-02
442,Broome,50-64,2023-11-04
443,Broome,35-49,2023-10-17
444,Delaware,18-34,2025-03-13
445,Broome,35-49,2023-06-23
446,Broome,18-34,2024-11-03
447,Tioga,35-49,2025-12-14
448,Broome,35-49,2025-11-07
449,Broome,18-34,2024-01-05
450,Delaware,18-34,2025-09-22
451,Broome,65+,2023-11-14
452,Broome,50-64,2023-07-27
453,Tompkins,35-49,2025-12-14
454,Broome,18-34,2023-09-26
455,Otsego,0-17,2024-01-06
456,Tioga,50-64,2023-12-06
457,Chenango,0-17,2025-01-16
458,Otsego,18-34,2025-06-28
459,Otsego,50-64,2025-07-08
460,Broome,18-34,2025-08-18
461,Tioga,0-17,2025-06-21
462,Tompkins,18-34,2025-02-21
463,Tompkins,18-34,2023-11-28
464,Tioga,50-64,2023-10-11
465,Tioga,0-17,2025-09-11
466,Tioga,35-49,2023-07-30
467,Chenango,35-49,2023-09-13
468,Broome,50-64,2024-07-12
469,Tompkins,35-49,2025-06-14
470,Broome,65+,2025-07-12
471,Tioga,65+,2025-04-29
472,Broome,35-49,2024-04-27
473,Tompkins,0-17,2024-04-04
474,Broome,65+,2024-11-17
475,Chenango,0-17,2024-08-10
476,Delaware,18-34,2023-10-12
477,Chenango,18-34,2023-01-11
478,Tioga,0-17,2024-03-17
479,Tioga,35-49,2025-12-16
480,Tompkins,50-64,2024-05-01
481,Broome,0-17,2025-05-09
482,Otsego,35-49,2023-05-09
483,Broome,50-64,2026-01-02
484,Broome,35-49,2024-05-10
485,Chenango,18-34,2023-01-04
486,Otsego,18-34,2025-05-03
487,Broome,35-49,2025-12-08
488,Delaware,0-17,2025-12-13
489,Tompkins,50-64,2025-11-05
490,Tompkins,18-34,2025-08-20
491,Broome,18-34,2025-02-03
492,Broome,0-17,2023-05-19
493,Broome,50-64,2023-08-01
494,Chenango,50-64,2024-11-11
495,Broome,18-34,2024-11-24
496,Tioga,0-17,2025-08-09
497,Delaware,18-34,2024-01-09
498,Tioga,0-17,2025-07-26
499,Broome,0-17,2024-02-13
500,Tioga,18-34,2024-09-27
501,Tompkins,65+,2026-01-17
502,Tompkins,0-17,2024-01-27
503,Broome,50-64,2023-04-08
504,Tioga,18-34,2023-09-12
505,Chenango,18-34,2025-03-30
506,Chenango,50-64,2025-03-02
507,Broome,0-17,2025-10-15
508,Broome,50-64,2024-06-30
509,Tioga,50-64,2023-06-11
510,Tompkins,65+,2024-01-05
511,Tompkins,18-34,2023-06-13
512,Broome,18-34,2025-07-02
513,Otsego,18-34,2025-06-28
514,Broome,0-17,2024-12-23
515,Otsego,18-34,2023-04-28
516,Broome,35-49,2025-01-14
517,Tompkins,50-64,2023-11-24
518,Delaware,0-17,2025-06-16
519,Broome,0-17,2025-01-20
520,Broome,65+,2023-03-08
521,Otsego,35-49,2025-01-29
522,Broome,50-64,2023-10-09
523,Tompkins,18-34,2024-07-24
524,Broome,0-17,2024-01-17
525,Tompkins,18-34,2026-02-24
526,Broome,50-64,2025-07-02
527,Broome,35-49,2025-10-02
528,Broome,0-17,2023-06-01
529,Tompkins,50-64,2025-06-30
530,Delaware,50-64,2024-10-16
531,Otsego,35-49,2026-01-31
532,Tompkins,50-64,2023-11-19
533,Chenango,65+,2023-12-23
534,Chenango,35-49,2023-09-06
535,Delaware,50-64,2024-04-29
536,Chenango,0-17,2026-02-08
537,Otsego,18-34,2026-02-03
538,Broome,50-64,2023-05-15
539,Broome,65+,2025-09-07
540,Tompkins,50-64,2023-06-01
541,Broome,18-34,2023-06-01
542,Tompkins,35-49,2024-12-06
543,Broome,50-64,2026-02-03
544,Otsego,0-17,2023-09-22
545,Tompkins,65+,2023-04-24
546,Tioga,35-49,2024-09-14
547,Broome,18-34,2024-04-06
548,Broome,65+,2024-08-04
549,Tioga,18-34,2026-02-02
550,Broome,35-49,2025-12-28
551,Broome,35-49,2023-11-12
552,Broome,35-49,2024-11-22
553,Tioga,35-49,2023-02-28
554,Broome,65+,2024-06-26
555,Otsego,50-64,2025-05-03
556,Otsego,0-17,2026-01-22
557,Broome,65+,2025-09-16
558,Broome,50-64,2025-04-11
559,Broome,0-17,2023-05-03
560,Broome,18-34,2025-08-09
561,Broome,35-49,2024-10-02
562,Tioga,18-34,2024-12-08
563,Delaware,0-17,2025-01-28
564,Tompkins,0-17,2024-05-10
565,Tompkins,18-34,2024-05-22
566,Broome,0-17,2025-02-25
567,Tioga,18-34,2023-11-24
568,Tioga,65+,2024-10-02
569,Broome,0-17,2025-11-20
570,Tompkins,50-64,2025-10-15
571,Broome,65+,2025-11-01
572,Tompkins,18-34,2024-12-23
573,Broome,18-34,2025-08-21
574,Broome,0-17,2023-08-09
575,Tompkins,50-64,2025-01-19
576,Chenango,18-34,2025-03-31
577,Broome,35-49,2025-01-12
578,Tompkins,0-17,2025-10-29
579,Tompkins,35-49,2023-09-01
580,Broome,0-17,2025-02-03
581,Chenango,18-34,2025-01-18
582,Chenango,0-17,2025-11-08
583,Tompkins,0-17,2023-03-21
584,Broome,18-34,2025-08-28
585,Tompkins,0-17,2025-11-21
586,Broome,65+,2024-10-14
587,Broome,65+,2024-09-04
588,Otsego,35-49,2025-11-09
589,Tompkins,35-49,2024-09-05
590,Tompkins,0-17,2024-11-09
591,Otsego,65+,2024-09-22
592,Chenango,50-64,2023-02-24
593,Otsego,18-34,2024-04-11
594,Chenango,35-49,2023-12-16
595,Tompkins,50-64,2025-02-17
596,Broome,35-49,2023-03-06
597,Otsego,35-49,2024-01-26
598,Broome,18-34,2023-11-07
599,Tompkins,0-17,2025-10-24
600,Chenango,65+,2023-05-08
601,Chenango,35-49,2026-02-22
602,Broome,35-49,2025-12-12
603,Broome,65+,2025-07-30
604,Delaware,18-34,2024-12-26
605,Otsego,50-64,2024-06-25
606,Otsego,0-17,2024-05-19
607,Broome,18-34,2024-09-01
608,Chenango,35-49,2025-09-28
609,Broome,18-34,2024-07-14
610,Broome,35-49,2026-01-17
611,Broome,65+,2024-12-07
612,Delaware,50-64,2024-08-17
613,Broome,65+,2023-06-11
614,Broome,18-34,2024-06-09
615,Chenango,0-17,2026-01-08
616,Broome,35-49,2024-07-10
617,Broome,35-49,2024-05-05
618,Broome,35-49,2025-12-23
619,Broome,18-34,2023-07-25
620,Tompkins,35-49,2023-07-25
621,Chenango,0-17,2026-02-01
622,Delaware,0-17,2025-09-01
623,Tompkins,0-17,2024-08-11
624,Broome,35-49,2023-07-03
625,Otsego,18-34,2023-03-18
626,Delaware,0-17,2023-12-27
627,Delaware,0-17,2025-03-24
628,Chenango,0-17,2024-08-15
629,Tioga,0-17,2023-08-08
630,Delaware,18-34,2025-07-19
631,Delaware,35-49,2025-10-08
632,Tioga,0-17,2025-10-29
633,Tompkins,0-17,2023-08-19
634,Broome,50-64,2024-06-10
635,Chenango,0-17,2024-11-21
636,Chenango,35-49,2024-01-31
637,Broome,50-64,2025-04-10
638,Tioga,35-49,2023-06-27
639,Tompkins,0-17,2023-10-15
640,Tompkins,65+,2023-01-14
641,Broome,18-34,2024-06-30
642,Delaware,18-34,2023-01-24
643,Broome,18-34,2024-04-28
644,Broome,0-17,2024-09-20
645,Broome,35-49,2024-09-28
646,Chenango,35-49,2024-08-27
647,Broome,18-34,2023-10-01
648,Tompkins,18-34,2025-02-04
649,Tompkins,35-49,2025-08-22
650,Chenango,50-64,2024-03-23
651,Chenango,35-49,2023-06-17
652,Tompkins,35-49,2025-01-10
653,Broome,35-49,2023-05-07
654,Tioga,50-64,2024-02-19
655,Otsego,0-17,2024-11-02
656,Tioga,18-34,2024-02-25
657,Chenango,18-34,2025-11-11
658,Tompkins,0-17,2023-09-28
659,Tompkins,18-34,2023-04-29
660,Tompkins,35-49,2024-09-23
661,Chenango,18-34,2023-01-07
662,Chenango,35-49,2023-04-03
663,Tompkins,35-49,2026-01-13
664,Delaware,65+,2023-05-22
665,Delaware,18-34,2024-08-10
666,Tompkins,50-64,2025-05-10
667,Broome,50-64,2025-07-07
668,Tioga,50-64,2025-02-08
669,Broome,65+,2026-01-09
670,Broome,50-64,2023-08-31
671,Broome,35-49,2025-12-19
672,Broome,65+,2023-01-08
673,Chenango,65+,2025-08-06
674,Otsego,35-49,2025-12-25
675,Broome,18-34,2025-08-01
676,Broome,18-34,2023-08-20
677,Broome,35-49,2023-02-02
678,Broome,0-17,2023-03-10
679,Tompkins,35-49,2023-04-10
680,Broome,0-17,2025-06-17
681,Broome,0-17,2023-04-26
682,Broome,65+,2024-04-24
683,Tioga,50-64,2024-10-15
684,Otsego,50-64,2024-10-18
685,Broome,50-64,2025-12-03
686,Broome,18-34,2023-05-05
687,Tompkins,35-49,2023-12-25
688,Otsego,18-34,2025-10-12
689,Broome,18-34,2025-02-19
690,Chenango,18-34,2025-05-02
691,Tompkins,18-34,2024-01-12
692,Chenango,18-34,2024-04-06
693,Broome,35-49,2025-08-06
694,Delaware,35-49,2025-05-03
695,Tompkins,0-17,2024-05-12
696,Broome,18-34,2023-06-11
697,Delaware,50-64,2023-07-09
698,Tompkins,50-64,2023-04-16
699,Broome,35-49,2023-03-22
700,Tioga,0-17,2026-02-18
701,Broome,0-17,2024-11-12
702,Broome,50-64,2024-03-09
703,Delaware,65+,2023-08-29
704,Chenango,50-64,2024-05-11
705,Chenango,35-49,2025-03-23
706,Delaware,35-49,2024-08-02
707,Tompkins,35-49,2025-01-05
708,Broome,18-34,2025-10-15
709,Tompkins,50-64,2025-08-19
710,Chenango,18-34,2024-02-21
711,Broome,18-34,2026-02-26
712,Tioga,50-64,2023-02-03
713,Broome,65+,2025-05-05
714,Broome,0-17,2024-04-16
715,Broome,50-64,2025-10-19
716,Tompkins,65+,2024-11-22
717,Broome,50-64,2025-10-01
718,Tompkins,50-64,2024-12-22
719,Broome,50-64,2025-09-27
720,Broome,50-64,2023-05-01
721,Tompkins,50-64,2023-06-02
722,Delaware,35-49,2023-01-14
723,Tompkins,50-64,2024-04-18
724,Broome,0-17,2024-03-23
725,Tompkins,18-34,2025-09-16
726,Otsego,0-17,2025-12-25
727,Tompkins,0-17,2025-12-20
728,Chenango,35-49,2024-08-10
729,Broome,50-64,2025-05-31
730,Tioga,50-64,2023-08-08
731,Delaware,35-49,2024-05-08
732,Broome,35-49,2024-12-26
733,Broome,18-34,2025-02-03
734,Delaware,18-34,2024-05-13
735,Delaware,18-34,2023-06-15
736,Otsego,50-64,2023-03-06
737,Broome,18-34,2026-02-05
738,Tompkins,35-49,2023-12-17
739,Broome,50-64,2024-11-09
740,Otsego,50-64,2023-07-15
741,Tioga,65+,2024-04-15
742,Broome,50-64,2025-08-31
743,Broome,65+,2024-07-28
744,Tioga,35-49,2023-03-09
745,Broome,50-64,2023-02-02
746,Delaware,35-49,2025-03-26
747,Delaware,18-34,2026-02-28
748,Broome,50-64,2025-03-07
749,Otsego,35-49,2025-02-25
750,Chenango,0-17,2023-06-10
751,Tompkins,65+,2023-04-20
752,Broome,18-34,2023-06-05
753,Broome,50-64,2025-03-23
754,Delaware,18-34,2024-07-13
755,Chenango,18-34,2024-04-12
756,Broome,65+,2025-06-03
757,Broome,35-49,2025-02-17
758,Broome,35-49,2024-05-19
759,Chenango,0-17,2023-11-12
760,Broome,50-64,2023-11-12
761,Chenango,18-34,2023-08-07
762,Broome,65+,2025-06-29
763,Broome,18-34,2023-09-29
764,Broome,18-34,2026-02-14
765,Tompkins,18-34,2023-02-23
766,Broome,35-49,2024-10-26
767,Tioga,0-17,2025-04-27
768,Tompkins,0-17,2026-02-19
769,Tioga,65+,2025-12-03
770,Broome,18-34,2023-10-12
771,Broome,18-34,2023-10-26
772,Broome,18-34,2025-05-12
773,Broome,50-64,2025-01-09
774,Broome,18-34,2025-10-12
775,Otsego,0-17,2023-08-08
776,Broome,0-17,2025-03-21
777,Broome,35-49,2024-11-05
778,Tompkins,18-34,2023-10-06
779,Broome,35-49,2024-02-16
780,Tompkins,0-17,2025-03-26
781,Delaware,18-34,2025-10-02
782,Delaware,50-64,2024-10-29
783,Broome,50-64,2025-03-15
784,Broome,65+,2024-02-14
785,Otsego,35-49,2026-01-31
786,Broome,50-64,2024-03-05
787,Tompkins,18-34,2023-05-22
788,Tioga,50-64,2025-04-17
789,Otsego,0-17,2024-09-12
790,Broome,35-49,2025-05-16
791,Chenango,0-17,2025-09-08
792,Otsego,35-49,2025-05-06
793,Tompkins,50-64,2025-01-06
794,Chenango,50-64,2023-06-24
795,Broome,18-34,2024-12-28
796,Broome,35-49,2026-02-27
797,Delaware,35-49,2025-03-29
798,Delaware,18-34,2025-05-31
799,Broome,0-17,2024-03-30
800,Tompkins,35-49,2024-03-28
801,Tompkins,18-34,2025-10-21
802,Broome,65+,2025-09-15
803,Broome,18-34,2023-06-25
804,Broome,65+,2023-10-18
805,Broome,18-34,2024-02-28
806,Tompkins,18-34,2023-07-19
807,Tompkins,35-49,2024-10-15
808,Broome,0-17,2023-08-24
809,Broome,18-34,2023-08-12
810,Otsego,0-17,2024-05-14
811,Tompkins,35-49,2024-11-08
812,Tompkins,65+,2024-04-19
813,Chenango,35-49,2024-01-17
814,Otsego,18-34,2023-03-01
815,Chenango,50-64,2025-07-09
816,Otsego,18-34,2024-03-15
817,Broome,50-64,2023-05-09
818,Otsego,50-64,2026-01-04
819,Broome,18-34,2025-07-26
820,Broome,35-49,2025-09-29
821,Tompkins,35-49,2025-03-06
822,Otsego,35-49,2024-12-13
823,Broome,18-34,2023-12-20
824,Tioga,35-49,2024-09-01
825,Delaware,35-49,2023-10-02
826,Broome,18-34,2023-08-28
827,Broome,35-49,2025-11-12
828,Tompkins,35-49,2025-02-24
829,Tompkins,18-34,2026-01-05
830,Chenango,35-49,2023-12-21
831,Tompkins,18-34,2023-10-15
832,Broome,50-64,2023-04-20
833,Tioga,65+,2025-09-19
834,Broome,50-64,2026-02-24
835,Tompkins,18-34,2025-10-04
836,Tompkins,50-64,2025-09-27
837,Broome,35-49,2024-03-27
838,Broome,18-34,2026-01-06
839,Broome,50-64,2025-10-11
840,Tompkins,0-17,2023-08-22
841,Broome,35-49,2025-01-21
842,Tompkins,50-64,2025-06-22
843,Tompkins,65+,2023-07-29
844,Chenango,35-49,2024-05-21
845,Broome,65+,2025-07-10
846,Broome,50-64,2023-06-28
847,Tompkins,65+,2024-04-30
848,Broome,50-64,2024-12-19
849,Tioga,35-49,2025-05-26
850,Broome,0-17,2024-02-28
851,Tioga,50-64,2024-12-19
852,Tompkins,35-49,2023-12-11
853,Broome,35-49,2024-08-15
854,Otsego,65+,2025-11-19
855,Delaware,35-49,2023-07-15
856,Broome,50-64,2025-04-22
857,Delaware,65+,2023-09-17
858,Chenango,0-17,2023-10-27
859,Chenango,50-64,2025-03-15
860,Tompkins,35-49,2024-07-04
861,Otsego,18-34,2023-06-04
862,Otsego,50-64,2023-07-10
863,Tompkins,50-64,2025-01-25
864,Tompkins,18-34,2023-01-06
865,Tioga,50-64,2023-07-10
866,Chenango,18-34,2025-01-03
867,Tioga,50-64,2025-03-25
868,Broome,18-34,2024-03-09
869,Tompkins,18-34,2024-08-03
870,Broome,35-49,2025-09-20
871,Chenango,50-64,2023-04-10
872,Broome,35-49,2025-07-30
873,Broome,65+,2023-11-20
874,Tompkins,0-17,2025-05-26
875,Broome,35-49,2023-09-28
876,Tioga,18-34,2024-07-15
877,Broome,18-34,2023-06-18
878,Broome,50-64,2023-12-05
879,Broome,35-49,2024-04-24
880,Tompkins,0-17,2023-07-14
881,Broome,18-34,2023-09-29
882,Otsego,35-49,2025-06-30
883,Broome,35-49,2023-09-04
884,Delaware,18-34,2023-09-28
885,Tompkins,18-34,2023-07-02
886,Chenango,0-17,2024-10-03
887,Broome,18-34,2025-02-22
888,Chenango,50-64,2023-09-30
889,Otsego,35-49,2023-05-21
890,Tompkins,0-17,2023-12-03
891,Tompkins,50-64,2023-11-07
892,Delaware,35-49,2025-06-25
893,Tioga,0-17,2023-07-25
894,Broome,0-17,2025-02-25
895,Broome,18-34,2023-10-14
896,Broome,35-49,2024-05-23
897,Tompkins,35-49,2024-08-06
898,Chenango,35-49,2024-09-09
899,Broome,35-49,2024-01-22
900,Chenango,18-34,2023-04-22
901,Chenango,50-64,2024-05-05
902,Tompkins,0-17,2025-10-20
903,Otsego,0-17,2023-01-25
904,Delaware,65+,2023-09-28
905,Tompkins,50-64,2025-05-11
906,Broome,35-49,2025-08-22
907,Delaware,50-64,2023-02-04
908,Otsego,0-17,2024-03-17
909,Broome,0-17,2025-03-26
910,Tompkins,35-49,2025-10-23
911,Chenango,18-34,2025-04-03
912,Broome,35-49,2023-11-09
913,Broome,18-34,2025-11-13
914,Delaware,65+,2023-11-15
915,Tompkins,18-34,2023-05-16
916,Broome,18-34,2024-05-03
917,Broome,0-17,2025-06-08
918,Broome,35-49,2023-04-23
919,Broome,50-64,2023-12-26
920,Broome,35-49,2023-01-24
921,Broome,65+,2025-12-07
922,Tompkins,50-64,2024-06-14
923,Broome,0-17,2024-07-04
924,Chenango,0-17,2023-03-02
925,Broome,18-34,2025-12-08
926,Broome,35-49,2023-06-07
927,Tompkins,35-49,2023-04-24
928,Tompkins,35-49,2025-01-23
929,Broome,50-64,2023-08-25
930,Broome,35-49,2023-04-01
931,Tioga,0-17,2023-04-05
932,Tompkins,18-34,2023-11-04
933,Broome,65+,2023-03-14
934,Tompkins,65+,2025-05-08
935,Broome,18-34,2024-10-17
936,Broome,0-17,2025-02-02
937,Broome,35-49,2023-04-18
938,Broome,50-64,2023-04-05
939,Delaware,0-17,2025-08-10
940,Tioga,50-64,2024-09-28
941,Broome,35-49,2023-01-17
942,Broome,18-34,2024-09-14
943,Chenango,18-34,2025-01-24
944,Otsego,18-34,2024-02-05
945,Chenango,35-49,2024-05-17
946,Broome,65+,2023-02-18
947,Broome,18-34,2023-01-20
948,Delaware,0-17,2025-02-09
949,Tioga,50-64,2023-08-01
950,Broome,65+,2025-05-09
951,Tompkins,0-17,2023-10-19
952,Chenango,0-17,2024-04-19
953,Tioga,35-49,2025-02-01
954,Tompkins,50-64,2023-07-15
955,Tompkins,35-49,2025-03-18
956,Broome,35-49,2025-06-09
957,Otsego,0-17,2024-08-20
958,Broome,18-34,2025-03-15
959,Chenango,50-64,2024-10-13
960,Tompkins,18-34,2024-02-20
961,Broome,50-64,2023-08-12
962,Broome,0-17,2025-08-12
963,Broome,0-17,2025-01-03
964,Delaware,0-17,2024-09-23
965,Tompkins,50-64,2023-07-05
966,Broome,35-49,2023-03-24
967,Broome,50-64,2023-10-31
968,Broome,18-34,2024-12-29
969,Tompkins,0-17,2024-09-04
970,Broome,65+,2023-03-05
971,Delaware,50-64,2026-02-12
972,Chenango,18-34,2025-08-04
973,Broome,50-64,2023-09-06
974,Broome,50-64,2024-03-31
975,Broome,50-64,2025-02-01
976,Chenango,65+,2023-06-22
977,Otsego,18-34,2023-06-03
978,Broome,0-17,2025-06-27
979,Tioga,0-17,2024-11-10
980,Broome,65+,2023-04-14
981,Broome,35-49,2025-03-19
982,Tompkins,18-34,2025-05-23
983,Broome,0-17,2024-01-19
984,Broome,18-34,2023-11-01
985,Broome,35-49,2024-05-18
986,Otsego,18-34,2026-02-01
987,Tompkins,0-17,2025-02-23
988,Broome,0-17,2025-12-12
989,Broome,65+,2026-01-18
990,Chenango,65+,2025-01-05
991,Tompkins,50-64,2024-12-05
992,Delaware,35-49,2025-03-06
993,Broome,0-17,2024-03-24
994,Broome,50-64,2024-07-29
995,Broome,65+,2025-12-20
996,Broome,35-49,2024-04-21
997,Delaware,0-17,2024-05-08
998,Broome,50-64,2023-04-25
999,Chenango,65+,2025-03-06
1000,Broome,50-64,2023-12-22
1001,Broome,35-49,2025-01-04
1002,Delaware,0-17,2024-12-21
1003,Delaware,35-49,2026-02-27
1004,Delaware,50-64,2025-10-05
1005,Tompkins,0-17,2023-03-19
1006,Broome,18-34,2024-03-24
1007,Broome,18-34,2024-11-10
1008,Delaware,0-17,2023-09-25
1009,Broome,0-17,2024-10-24
1010,Broome,0-17,2023-10-18
1011,Chenango,50-64,2025-01-17
1012,Delaware,18-34,2025-03-21
1013,Otsego,18-34,2024-10-22
1014,Broome,0-17,2025-06-13
1015,Chenango,65+,2024-10-11
1016,Broome,65+,2024-12-31
1017,Broome,35-49,2023-12-26
1018,Broome,50-64,2024-08-26
1019,Broome,50-64,2025-03-12
1020,Tioga,50-64,2023-03-08
1021,Broome,18-34,2024-03-28
1022,Otsego,0-17,2025-10-13
1023,Broome,50-64,2024-05-02
1024,Broome,18-34,2023-07-01
1025,Tioga,35-49,2024-11-18
1026,Tompkins,18-34,2024-05-26
1027,Chenango,18-34,2023-08-10
1028,Chenango,0-17,2025-06-16
1029,Chenango,65+,2025-04-27
1030,Tompkins,18-34,2026-01-23
1031,Broome,50-64,2024-04-06
1032,Broome,0-17,2023-03-10
1033,Broome,18-34,2023-08-03
1034,Broome,0-17,2025-02-07
1035,Broome,0-17,2023-07-10
1036,Broome,65+,2025-09-15
1037,Chenango,18-34,2023-12-04
1038,Otsego,18-34,2023-04-20
1039,Broome,0-17,2024-01-25
1040,Tompkins,35-49,2026-01-11
1041,Broome,18-34,2024-05-01
1042,Broome,18-34,2026-01-30
1043,Tioga,0-17,2025-01-08
1044,Broome,0-17,2025-09-10
1045,Broome,0-17,2023-12-16
1046,Otsego,65+,2025-08-27
1047,Tioga,18-34,2025-03-25
1048,Tompkins,50-64,2024-06-26
1049,Broome,35-49,2024-01-14
1050,Broome,18-34,2024-01-18
1051,Tompkins,18-34,2025-08-10
1052,Broome,50-64,2026-03-01
1053,Broome,50-64,2023-07-18
1054,Broome,18-34,2026-01-13
1055,Tompkins,50-64,2024-04-10
1056,Tompkins,50-64,2025-12-06
1057,Tompkins,35-49,2025-08-30
1058,Otsego,18-34,2024-09-04
1059,Broome,50-64,2023-03-13
1060,Tompkins,50-64,2023-10-29
1061,Broome,50-64,2023-12-21
1062,Delaware,0-17,2024-03-09
1063,Tioga,0-17,2025-05-17
1064,Broome,35-49,2024-02-18
1065,Delaware,35-49,2024-06-12
1066,Broome,50-64,2023-05-18
1067,Broome,35-49,2026-02-04
1068,Broome,18-34,2025-07-27
1069,Delaware,0-17,2025-12-06
1070,Chenango,0-17,2023-11-03
1071,Broome,35-49,2023-07-25
1072,Delaware,35-49,2023-07-26
1073,Chenango,50-64,2024-12-05
1074,Tioga,18-34,2025-09-21
1075,Otsego,18-34,2023-12-19
1076,Broome,0-17,2025-04-02
1077,Broome,50-64,2024-11-09
1078,Chenango,0-17,2025-08-31
1079,Delaware,50-64,2023-02-11
1080,Broome,50-64,2024-09-28
1081,Broome,18-34,2023-07-21
1082,Delaware,18-34,2024-09-07
1083,Delaware,18-34,2024-10-19
1084,Broome,18-34,2023-07-02
1085,Broome,0-17,2025-04-13
1086,Chenango,50-64,2025-02-04
1087,Tioga,35-49,2023-11-22
1088,Broome,35-49,2025-04-06
1089,Broome,50-64,2023-03-01
1090,Broome,50-64,2024-02-16
1091,Tioga,18-34,2025-07-23
1092,Broome,18-34,2024-02-12
1093,Broome,50-64,2025-10-31
1094,Tompkins,65+,2023-03-04
1095,Broome,18-34,2025-07-02
1096,Broome,50-64,2026-02-03
1097,Broome,0-17,2024-06-13
1098,Chenango,35-49,2024-08-06
1099,Broome,0-17,2024-03-14
1100,Tioga,35-49,2024-02-28
1101,Broome,18-34,2023-02-11
1102,Tioga,65+,2023-01-19
1103,Tompkins,0-17,2023-12-21
1104,Otsego,0-17,2024-05-31
1105,Otsego,65+,2024-07-17
1106,Tompkins,18-34,2024-12-15
1107,Tompkins,0-17,2024-09-10
1108,Otsego,50-64,2025-03-24
1109,Otsego,0-17,2025-02-05
1110,Otsego,35-49,2024-08-01
1111,Broome,0-17,2023-05-11
1112,Broome,18-34,2024-10-27
1113,Tioga,18-34,2024-09-03
1114,Broome,35-49,2024-05-07
1115,Tioga,50-64,2025-04-07
1116,Otsego,35-49,2023-02-22
1117,Otsego,65+,2024-06-15
1118,Tioga,18-34,2023-03-14
1119,Otsego,65+,2024-01-24
1120,Broome,35-49,2025-12-30
1121,Otsego,18-34,2025-01-04
1122,Tompkins,50-64,2026-02-17
1123,Broome,0-17,2023-09-20
1124,Chenango,50-64,2026-02-18
1125,Chenango,0-17,2024-11-18
1126,Otsego,18-34,2024-04-02
1127,Chenango,18-34,2024-11-09
1128,Broome,35-49,2025-08-07
1129,Tioga,18-34,2023-05-26
1130,Tompkins,0-17,2023-09-03
1131,Tioga,18-34,2024-09-03
1132,Tompkins,50-64,2023-11-05
1133,Broome,0-17,2025-04-18
1134,Delaware,50-64,2025-07-26
1135,Broome,50-64,2024-01-05
1136,Chenango,18-34,2023-12-29
1137,Broome,0-17,2025-07-14
1138,Broome,50-64,2023-12-12
1139,Otsego,0-17,2023-06-30
1140,Broome,18-34,2025-05-29
1141,Tompkins,65+,2025-02-24
1142,Broome,35-49,2025-02-03
1143,Delaware,50-64,2025-12-23
1144,Broome,35-49,2024-05-24
1145,Broome,50-64,2024-10-01
1146,Broome,18-34,2024-09-18
1147,Broome,50-64,2024-09-02
1148,Delaware,18-34,2025-12-01
1149,Otsego,18-34,2023-10-02
1150,Broome,50-64,2025-01-05
1151,Chenango,0-17,2025-04-06
1152,Broome,18-34,2023-09-26
1153,Broome,0-17,2025-10-30
1154,Broome,18-34,2023-03-18
1155,Broome,35-49,2025-12-31
1156,Otsego,35-49,2023-04-09
1157,Otsego,35-49,2023-02-10
1158,Broome,0-17,2025-06-28
1159,Tompkins,35-49,2025-08-29
1160,Chenango,0-17,2023-01-20
1161,Broome,35-49,2025-12-01
1162,Broome,35-49,2023-10-08
1163,Tompkins,50-64,2025-11-13
1164,Chenango,0-17,2023-08-22
1165,Chenango,18-34,2024-02-14
1166,Chenango,50-64,2024-02-18
1167,Broome,18-34,2023-11-25
1168,Broome,18-34,2024-03-01
1169,Chenango,18-34,2024-04-25
1170,Broome,35-49,2023-08-15
1171,Tioga,35-49,2023-11-02
1172,Delaware,50-64,2023-06-03
1173,Chenango,0-17,2024-06-08
1174,Otsego,18-34,2024-08-29
1175,Broome,0-17,2023-12-24
1176,Tioga,50-64,2025-01-07
1177,Tioga,18-34,2023-08-26
1178,Broome,50-64,2023-04-04
1179,Broome,0-17,2023-12-16
1180,Broome,50-64,2024-07-03
1181,Tioga,0-17,2024-12-02
1182,Broome,18-34,2025-07-23
1183,Broome,18-34,2025-09-06
1184,Chenango,35-49,2023-12-08
1185,Broome,35-49,2023-05-01
1186,Delaware,50-64,2023-08-01
1187,Tompkins,35-49,2025-06-16
1188,Broome,18-34,2025-01-04
1189,Otsego,50-64,2023-09-25
1190,Tompkins,18-34,2025-04-22
1191,Tompkins,0-17,2024-10-05
1192,Broome,50-64,2025-12-10
1193,Chenango,35-49,2024-04-03
1194,Delaware,35-49,2024-11-23
1195,Tompkins,35-49,2023-07-15
1196,Tompkins,50-64,2025-09-13
1197,Broome,35-49,2025-02-27
1198,Broome,50-64,2023-04-22
1199,Broome,65+,2025-11-01
1200,Tioga,50-64,2023-12-05
1201,Broome,18-34,2024-05-08
1202,Broome,18-34,2025-11-04
1203,Broome,35-49,2025-04-05
1204,Tioga,0-17,2025-06-28
1205,Tioga,18-34,2025-10-17
1206,Tompkins,0-17,2025-10-15
1207,Chenango,0-17,2025-04-06
1208,Tompkins,35-49,2023-01-01
1209,Tioga,50-64,2024-09-15
1210,Tioga,35-49,2025-07-23
1211,Delaware,18-34,2023-04-22
1212,Tioga,50-64,2024-11-10
1213,Otsego,35-49,2025-08-26
1214,Chenango,18-34,2025-07-15
1215,Broome,50-64,2024-03-30
1216,Broome,18-34,2024-08-20
1217,Tompkins,18-34,2023-08-06
1218,Broome,0-17,2023-10-15
1219,Tioga,50-64,2025-04-18
1220,Broome,35-49,2024-01-20
1221,Broome,50-64,2024-03-17
1222,Tompkins,50-64,2024-11-23
1223,Broome,18-34,2023-09-10
1224,Chenango,18-34,2025-10-29
1225,Broome,18-34,2025-12-22
1226,Chenango,35-49,2025-06-05
1227,Tioga,18-34,2025-11-07
1228,Chenango,65+,2023-12-22
1229,Chenango,0-17,2025-03-04
1230,Otsego,35-49,2024-10-21
1231,Tompkins,18-34,2024-05-23
1232,Broome,65+,2024-08-25
1233,Tompkins,0-17,2025-04-25
1234,Otsego,50-64,2025-11-15
1235,Broome,35-49,2024-10-04
1236,Chenango,65+,2024-03-21
1237,Broome,35-49,2024-08-18
1238,Chenango,65+,2023-09-29
1239,Delaware,35-49,2023-12-31
1240,Tompkins,35-49,2024-10-22
1241,Chenango,50-64,2026-02-25
1242,Tompkins,35-49,2025-05-04
1243,Otsego,50-64,2025-12-29
1244,Broome,50-64,2023-01-27
1245,Tompkins,0-17,2023-10-25
1246,Broome,0-17,2024-06-30
1247,Chenango,0-17,2024-08-09
1248,Chenango,0-17,2023-05-08
1249,Chenango,18-34,2026-01-13
1250,Broome,50-64,2023-07-29
1251,Otsego,35-49,2026-02-24
1252,Tioga,50-64,2026-02-23
1253,Tompkins,35-49,2024-08-12
1254,Chenango,0-17,2025-02-20
1255,Tompkins,65+,2024-10-02
1256,Delaware,0-17,2024-05-29
1257,Broome,50-64,2025-06-26
1258,Tioga,65+,2025-01-23
1259,Chenango,35-49,2024-02-07
1260,Chenango,65+,2024-08-25
1261,Tompkins,65+,2023-06-02
1262,Broome,0-17,2025-11-18
1263,Broome,0-17,2024-07-25
1264,Tompkins,0-17,2024-06-06
1265,Broome,18-34,2023-11-14
1266,Broome,65+,2023-04-15
1267,Chenango,35-49,2024-09-08
1268,Tompkins,35-49,2025-01-03
1269,Broome,35-49,2025-12-12
1270,Broome,0-17,2023-05-20
1271,Chenango,0-17,2026-01-17
1272,Tompkins,0-17,2024-03-29
1273,Tioga,35-49,2024-11-09
1274,Broome,0-17,2025-12-22
1275,Tompkins,35-49,2023-01-19
1276,Broome,18-34,2024-05-07
1277,Tioga,35-49,2024-05-14
1278,Delaware,35-49,2024-10-19
1279,Tompkins,50-64,2023-08-21
1280,Tompkins,35-49,2024-08-02
1281,Broome,35-49,2025-02-06
1282,Tompkins,35-49,2025-09-23
1283,Broome,50-64,2024-01-30
1284,Broome,0-17,2023-07-16
1285,Broome,65+,2026-01-06
1286,Tompkins,35-49,2024-03-07
1287,Otsego,50-64,2025-05-18
1288,Tioga,0-17,2025-06-10
1289,Otsego,65+,2023-11-11
1290,Broome,35-49,2023-03-19
1291,Broome,0-17,2024-05-30
1292,Tompkins,35-49,2024-04-11
1293,Delaware,18-34,2025-07-12
1294,Otsego,18-34,2023-02-04
1295,Tompkins,0-17,2023-01-13
1296,Otsego,35-49,2023-04-04
1297,Chenango,0-17,2025-10-26
1298,Broome,50-64,2024-09-09
1299,Otsego,18-34,2025-06-15
1300,Tompkins,50-64,2023-03-05
1301,Tompkins,35-49,2023-10-07
1302,Chenango,50-64,2026-01-22
1303,Broome,35-49,2024-09-02
1304,Otsego,65+,2025-02-03
1305,Delaware,0-17,2026-02-10
1306,Broome,0-17,2025-03-18
1307,Tompkins,65+,2024-09-16
1308,Broome,50-64,2024-12-05
1309,Broome,50-64,2025-11-15
1310,Broome,0-17,2024-06-01
1311,Broome,0-17,2023-04-22
1312,Tioga,65+,2026-01-29
1313,Tompkins,35-49,2024-08-18
1314,Otsego,18-34,2024-02-09
1315,Chenango,18-34,2024-11-08
1316,Broome,35-49,2024-04-25
1317,Broome,35-49,2024-02-01
1318,Broome,18-34,2024-09-18
1319,Chenango,0-17,2025-01-16
1320,Tioga,65+,2023-12-12
1321,Broome,18-34,2024-03-29
1322,Chenango,35-49,2024-07-20
1323,Tioga,0-17,2024-11-10
1324,Tioga,18-34,2025-01-04
1325,Chenango,18-34,2023-08-11
1326,Broome,35-49,2024-07-28
1327,Tioga,0-17,2026-01-08
1328,Broome,50-64,2023-06-06
1329,Chenango,50-64,2025-11-04
1330,Otsego,50-64,2025-04-09
1331,Chenango,0-17,2023-03-17
1332,Tompkins,35-49,2026-01-10
1333,Tompkins,50-64,2025-01-19
1334,Tompkins,50-64,2024-08-18
1335,Broome,35-49,2023-07-05
1336,Tompkins,35-49,2024-05-04
1337,Tioga,50-64,2023-12-06
1338,Chenango,0-17,2023-11-23
1339,Broome,65+,2023-10-27
1340,Chenango,18-34,2025-01-04
1341,Broome,50-64,2024-04-19
1342,Broome,18-34,2023-03-29
1343,Otsego,35-49,2025-01-09
1344,Tompkins,65+,2023-04-06
1345,Broome,35-49,2023-07-31
1346,Chenango,35-49,2024-07-14
1347,Tioga,18-34,2026-01-19
1348,Otsego,18-34,2025-02-14
1349,Broome,35-49,2023-06-09
1350,Tompkins,18-34,2024-04-01
1351,Tompkins,18-34,2024-12-07
1352,Tompkins,18-34,2023-01-14
1353,Tompkins,0-17,2023-12-06
1354,Broome,35-49,2024-07-29
1355,Broome,0-17,2025-01-11
1356,Otsego,50-64,2024-04-16
1357,Tompkins,18-34,2023-08-21
1358,Tompkins,18-34,2024-03-07
1359,Otsego,35-49,2025-04-21
1360,Broome,0-17,2023-11-26
1361,Broome,35-49,2023-10-28
1362,Broome,18-34,2024-01-04
1363,Tompkins,18-34,2026-02-28
1364,Otsego,50-64,2024-08-03
1365,Delaware,0-17,2025-08-23
1366,Tioga,0-17,2025-04-21
1367,Otsego,50-64,2024-01-08
1368,Otsego,35-49,2023-12-10
1369,Chenango,18-34,2025-07-17
1370,Otsego,0-17,2025-02-13
1371,Tompkins,0-17,2024-02-19
1372,Tompkins,50-64,2025-05-09
1373,Tioga,35-49,2023-12-30
1374,Tompkins,35-49,2023-03-21
1375,Tioga,35-49,2023-08-29
1376,Broome,35-49,2026-01-09
1377,Tioga,50-64,2025-06-02
1378,Tompkins,18-34,2023-03-30
1379,Chenango,18-34,2025-09-14
1380,Chenango,18-34,2023-07-20
1381,Tompkins,18-34,2024-04-21
1382,Delaware,0-17,2026-01-18
1383,Tompkins,0-17,2023-01-15
1384,Otsego,0-17,2023-01-15
1385,Broome,0-17,2024-10-08
1386,Tompkins,0-17,2025-05-22
1387,Otsego,18-34,2026-01-02
1388,Tompkins,18-34,2024-07-18
1389,Delaware,18-34,2024-02-22
1390,Tompkins,50-64,2025-09-15
1391,Broome,35-49,2025-09-17
1392,Broome,18-34,2024-12-06
1393,Chenango,18-34,2023-10-10
1394,Tioga,35-49,2024-04-15
1395,Tompkins,35-49,2023-11-28
1396,Broome,35-49,2024-11-24
1397,Tioga,35-49,2023-04-17
1398,Broome,65+,2023-01-11
1399,Tioga,50-64,2025-08-23
1400,Delaware,18-34,2023-05-12
1401,Broome,18-34,2023-03-19
1402,Chenango,65+,2025-03-31
1403,Otsego,35-49,2023-04-28
1404,Delaware,50-64,2025-10-09
1405,Tompkins,0-17,2025-11-27
1406,Broome,0-17,2025-11-11
1407,Tompkins,18-34,2023-12-14
1408,Otsego,18-34,2023-01-01
1409,Delaware,0-17,2024-07-19
1410,Chenango,18-34,2025-03-20
1411,Tompkins,0-17,2023-02-01
1412,Chenango,0-17,2023-07-04
1413,Tompkins,50-64,2026-02-19
1414,Delaware,18-34,2024-07-20
1415,Broome,65+,2025-07-20
1416,Delaware,35-49,2024-06-18
1417,Broome,35-49,2026-02-18
1418,Broome,18-34,2023-08-28
1419,Tioga,65+,2026-01-06
1420,Tioga,35-49,2025-06-25
1421,Delaware,35-49,2024-05-13
1422,Chenango,65+,2025-07-28
1423,Chenango,50-64,2023-02-26
1424,Tompkins,18-34,2025-02-22
1425,Otsego,65+,2024-04-15
1426,Tioga,18-34,2024-12-24
1427,Tompkins,0-17,2024-06-23
1428,Broome,0-17,2024-12-01
1429,Broome,65+,2025-09-02
1430,Broome,0-17,2024-07-05
1431,Broome,50-64,2024-01-25
1432,Tompkins,0-17,2024-05-10
1433,Tioga,0-17,2024-02-20
1434,Tioga,50-64,2024-12-30
1435,Broome,0-17,2023-06-10
1436,Otsego,35-49,2023-01-14
1437,Chenango,35-49,2023-03-28
1438,Tioga,18-34,2024-10-07
1439,Tompkins,65+,2024-07-16
1440,Tompkins,65+,2025-11-12
1441,Broome,18-34,2023-09-20
1442,Broome,50-64,2025-09-06
1443,Delaware,0-17,2024-12-12
1444,Tompkins,35-49,2023-12-24
1445,Tompkins,0-17,2025-11-27
1446,Tompkins,35-49,2023-01-25
1447,Otsego,18-34,2023-07-26
1448,Broome,35-49,2024-06-15
1449,Broome,18-34,2024-07-05
1450,Tompkins,35-49,2025-01-19
1451,Broome,18-34,2025-05-08
1452,Chenango,18-34,2025-03-31
1453,Broome,0-17,2023-09-26
1454,Delaware,35-49,2023-07-24
1455,Chenango,50-64,2026-02-11
1456,Tompkins,18-34,2023-10-26
1457,Tioga,50-64,2025-08-26
1458,Tioga,0-17,2025-10-20
1459,Broome,50-64,2025-11-24
1460,Tompkins,18-34,2025-09-23
1461,Broome,35-49,2023-04-08
1462,Tompkins,35-49,2023-05-03
1463,Broome,18-34,2023-07-17
1464,Tompkins,18-34,2025-01-09
1465,Broome,35-49,2024-06-11
1466,Broome,18-34,2024-12-20
1467,Tioga,65+,2024-02-12
1468,Otsego,35-49,2026-01-07
1469,Broome,50-64,2024-12-28
1470,Broome,35-49,2025-07-04
1471,Tioga,18-34,2024-08-09
1472,Tompkins,65+,2023-12-10
1473,Otsego,65+,2025-05-13
1474,Otsego,35-49,2023-05-27
1475,Broome,18-34,2024-10-04
1476,Broome,18-34,2024-07-01
1477,Otsego,18-34,2025-06-30
1478,Chenango,65+,2025-12-02
1479,Delaware,18-34,2024-01-12
1480,Tioga,0-17,2024-04-25
1481,Otsego,65+,2023-06-13
1482,Broome,18-34,2023-07-15
1483,Broome,50-64,2026-01-28
1484,Broome,50-64,2025-12-09
1485,Chenango,0-17,2024-06-21
1486,Otsego,0-17,2025-03-09
1487,Broome,18-34,2024-08-04
1488,Tompkins,0-17,2025-12-14
1489,Tioga,0-17,2024-12-31
1490,Tioga,18-34,2025-09-02
1491,Tompkins,50-64,2024-07-11
1492,Tompkins,0-17,2026-01-09
1493,Broome,35-49,2026-03-01
1494,Tompkins,35-49,2025-12-29
1495,Broome,18-34,2026-01-10
1496,Broome,0-17,2024-09-22
1497,Broome,18-34,2024-09-13
1498,Broome,35-49,2023-10-07
1499,Broome,18-34,2023-01-18
1500,Chenango,18-34,2025-09-04
1501,Broome,50-64,2024-08-22
1502,Otsego,50-64,2026-01-27
1503,Broome,18-34,2026-02-22
1504,Tompkins,18-34,2025-03-09
1505,Tioga,18-34,2023-06-12
1506,Tompkins,18-34,2024-07-10
1507,Broome,50-64,2024-07-04
1508,Tompkins,50-64,2024-01-09
1509,Broome,0-17,2025-07-21
1510,Otsego,18-34,2025-10-04
1511,Broome,0-17,2023-04-12
1512,Delaware,0-17,2023-07-29
1513,Broome,0-17,2025-06-16
1514,Chenango,18-34,2023-11-05
1515,Broome,0-17,2025-05-10
1516,Broome,50-64,2025-01-30
1517,Tompkins,50-64,2024-11-07
1518,Broome,50-64,2023-10-27
1519,Broome,50-64,2023-05-27
1520,Tompkins,0-17,2024-05-27
1521,Tioga,50-64,2023-09-07
1522,Delaware,35-49,2025-02-27
1523,Chenango,18-34,2023-03-10
1524,Broome,50-64,2023-07-12
1525,Tompkins,65+,2025-08-26
1526,Tompkins,65+,2024-10-23
1527,Broome,50-64,2026-01-30
1528,Tompkins,18-34,2024-09-03
1529,Broome,50-64,2024-03-22
1530,Delaware,18-34,2025-06-08
1531,Broome,0-17,2024-07-19
1532,Otsego,18-34,2024-05-12
1533,Broome,0-17,2025-08-31
1534,Chenango,0-17,2023-07-03
1535,Broome,18-34,2024-11-24
1536,Delaware,65+,2023-05-03
1537,Broome,35-49,2026-01-03
1538,Chenango,0-17,2024-04-21
1539,Broome,35-49,2024-12-12
1540,Tioga,18-34,2024-01-31
1541,Broome,18-34,2023-10-03
1542,Broome,0-17,2025-06-15
1543,Tompkins,35-49,2025-09-30
1544,Broome,0-17,2024-12-13
1545,Broome,18-34,2026-02-09
1546,Broome,35-49,2025-07-09
1547,Broome,18-34,2025-01-21
1548,Tompkins,50-64,2025-11-02
1549,Broome,0-17,2023-02-08
1550,Otsego,18-34,2024-05-04
1551,Broome,0-17,2026-01-08
1552,Tioga,0-17,2025-10-15
1553,Chenango,0-17,2024-08-02
1554,Broome,35-49,2023-08-15
1555,Broome,35-49,2023-03-31
1556,Tioga,0-17,2023-03-06
1557,Broome,18-34,2023-07-22
1558,Broome,35-49,2025-03-06
1559,Otsego,35-49,2024-06-08
1560,Broome,18-34,2023-05-26
1561,Broome,65+,2025-10-03
1562,Delaware,50-64,2025-08-16
1563,Tioga,0-17,2026-02-16
1564,Chenango,50-64,2025-01-25
1565,Chenango,0-17,2024-06-28
1566,Tompkins,50-64,2024-09-14
1567,Broome,0-17,2025-11-29
1568,Broome,50-64,2025-12-24
1569,Tompkins,0-17,2024-05-24
1570,Otsego,65+,2026-02-17
1571,Chenango,18-34,2023-08-05
1572,Chenango,35-49,2025-07-28
1573,Chenango,18-34,2023-08-02
1574,Broome,0-17,2025-04-02
1575,Tompkins,35-49,2025-12-29
1576,Delaware,18-34,2024-12-22
1577,Tioga,35-49,2024-10-26
1578,Tioga,18-34,2025-05-31
1579,Tioga,18-34,2024-05-07
1580,Otsego,0-17,2026-01-31
1581,Delaware,18-34,2025-07-15
1582,Tompkins,18-34,2023-03-12
1583,Delaware,35-49,2025-11-26
1584,Broome,50-64,2023-01-14
1585,Broome,18-34,2024-10-06
1586,Broome,50-64,2024-07-19
1587,Delaware,35-49,2023-11-13
1588,Broome,18-34,2023-11-16
1589,Broome,18-34,2024-05-26
1590,Broome,50-64,2023-07-08
1591,Otsego,35-49,2024-03-21
1592,Chenango,50-64,2025-09-15
1593,Broome,50-64,2023-07-15
1594,Otsego,18-34,2025-02-20
1595,Broome,0-17,2024-11-15
1596,Broome,50-64,2025-05-03
1597,Delaware,0-17,2024-04-09
1598,Chenango,50-64,2023-01-24
1599,Otsego,35-49,2023-04-21
1600,Broome,0-17,2026-01-10
1601,Otsego,18-34,2024-03-28
1602,Broome,35-49,2025-03-15
1603,Delaware,50-64,2025-10-30
1604,Broome,18-34,2025-03-18
1605,Broome,18-34,2025-09-01
1606,Otsego,0-17,2025-03-28
1607,Broome,18-34,2025-06-08
1608,Chenango,0-17,2023-10-04
1609,Tompkins,0-17,2025-03-20
1610,Otsego,0-17,2025-12-09
1611,Broome,0-17,2025-05-30
1612,Broome,65+,2023-07-03
1613,Broome,18-34,2025-01-18
1614,Broome,18-34,2023-02-19
1615,Chenango,0-17,2024-12-17
1616,Otsego,65+,2025-06-24
1617,Otsego,18-34,2024-04-23
1618,Broome,18-34,2023-06-25
1619,Broome,0-17,2023-10-30
1620,Tioga,50-64,2023-01-29
1621,Broome,50-64,2024-09-16
1622,Tompkins,0-17,2024-03-04
1623,Chenango,0-17,2026-01-24
1624,Tompkins,18-34,2025-09-16
1625,Otsego,65+,2023-02-07
1626,Broome,50-64,2025-12-14
1627,Broome,0-17,2024-08-04
1628,Broome,35-49,2024-07-09
1629,Broome,35-49,2023-01-18
1630,Broome,35-49,2025-01-07
1631,Tioga,0-17,2025-03-02
1632,Broome,18-34,2023-07-23
1633,Tioga,18-34,2025-12-24
1634,Broome,0-17,2025-07-26
1635,Otsego,35-49,2023-03-23
1636,Broome,35-49,2024-11-14
1637,Tompkins,50-64,2023-02-07
1638,Broome,18-34,2024-09-11
1639,Broome,65+,2025-10-23
1640,Broome,0-17,2024-06-11
1641,Tioga,50-64,2023-03-02
1642,Delaware,65+,2024-04-06
1643,Broome,50-64,2023-10-09
1644,Broome,18-34,2024-04-10
1645,Tompkins,35-49,2025-05-23
1646,Delaware,50-64,2024-11-05
1647,Tompkins,0-17,2023-10-11
1648,Otsego,35-49,2024-02-19
1649,Tioga,18-34,2025-12-08
1650,Tioga,18-34,2023-10-25
1651,Otsego,35-49,2023-11-20
1652,Broome,35-49,2023-08-31
1653,Broome,50-64,2023-10-26
1654,Chenango,50-64,2025-04-27
1655,Delaware,18-34,2024-07-14
1656,Broome,0-17,2023-09-27
1657,Broome,50-64,2024-06-30
1658,Otsego,35-49,2024-04-20
1659,Broome,0-17,2023-06-12
1660,Chenango,18-34,2025-10-25
1661,Tioga,18-34,2025-02-04
1662,Broome,18-34,2025-08-28
1663,Broome,0-17,2023-03-08
1664,Tompkins,65+,2024-07-06
1665,Delaware,18-34,2024-02-20
1666,Chenango,0-17,2025-06-18
1667,Tioga,18-34,2024-10-27
1668,Tioga,50-64,2025-05-25
1669,Tompkins,0-17,2025-02-18
1670,Chenango,18-34,2026-01-03
1671,Tompkins,50-64,2023-03-20
1672,Tompkins,18-34,2023-03-28
1673,Tioga,18-34,2026-01-06
1674,Tompkins,50-64,2026-02-16
1675,Tompkins,50-64,2023-04-11
1676,Broome,18-34,2024-09-15
1677,Chenango,18-34,2023-12-07
1678,Tompkins,35-49,2023-04-22
1679,Chenango,50-64,2025-08-07
1680,Tioga,18-34,2025-10-22
1681,Broome,50-64,2026-01-24
1682,Broome,18-34,2025-07-12
1683,Broome,18-34,2024-02-18
1684,Tioga,0-17,2024-10-25
1685,Chenango,50-64,2023-12-02
1686,Chenango,0-17,2023-08-22
1687,Chenango,35-49,2023-06-24
1688,Tompkins,18-34,2025-11-13
1689,Otsego,0-17,2026-02-01
1690,Tompkins,50-64,2024-11-17
1691,Otsego,35-49,2023-11-04
1692,Broome,0-17,2023-04-16
1693,Tompkins,18-34,2025-07-02
1694,Broome,0-17,2023-09-27
1695,Delaware,0-17,2024-06-02
1696,Broome,18-34,2025-10-18
1697,Tompkins,0-17,2025-10-07
1698,Broome,35-49,2025-09-01
1699,Tompkins,18-34,2023-01-14
1700,Broome,35-49,2026-02-15
1701,Tioga,0-17,2024-01-14
1702,Broome,35-49,2023-03-17
1703,Broome,0-17,2024-09-03
1704,Broome,0-17,2023-08-12
1705,Tompkins,0-17,2024-08-05
1706,Otsego,35-49,2026-02-25
1707,Broome,18-34,2025-01-07
1708,Delaware,0-17,2024-09-04
1709,Broome,50-64,2023-05-19
1710,Chenango,50-64,2023-05-13
1711,Broome,0-17,2024-07-16
1712,Broome,18-34,2024-03-05
1713,Chenango,35-49,2023-08-12
1714,Otsego,65+,2025-12-19
1715,Delaware,18-34,2024-08-11
1716,Tompkins,50-64,2024-06-15
1717,Tompkins,65+,2024-12-25
1718,Delaware,35-49,2025-10-13
1719,Tompkins,35-49,2025-10-05
1720,Tioga,50-64,2024-04-21
1721,Chenango,65+,2023-01-04
1722,Broome,18-34,2023-08-30
1723,Chenango,0-17,2025-04-29
1724,Tompkins,18-34,2026-02-21
1725,Tioga,0-17,2024-02-17
1726,Chenango,18-34,2023-05-19
1727,Broome,35-49,2024-10-25
1728,Chenango,0-17,2024-11-13
1729,Broome,50-64,2023-03-01
1730,Tioga,0-17,2024-11-23
1731,Delaware,18-34,2025-08-29
1732,Chenango,35-49,2025-09-13
1733,Broome,18-34,2026-01-04
1734,Tioga,18-34,2025-04-27
1735,Delaware,0-17,2025-12-03
1736,Broome,50-64,2024-10-08
1737,Tompkins,0-17,2024-11-10
1738,Chenango,50-64,2024-12-25
1739,Broome,0-17,2023-03-05
1740,Broome,18-34,2025-12-30
1741,Tioga,35-49,2025-03-08
1742,Broome,0-17,2024-09-23
1743,Chenango,18-34,2023-03-06
1744,Broome,0-17,2024-05-01
1745,Broome,50-64,2024-09-11
1746,Broome,18-34,2023-08-18
1747,Broome,0-17,2024-02-18
1748,Delaware,18-34,2023-02-21
1749,Chenango,50-64,2023-11-12
1750,Broome,65+,2025-12-08
1751,Broome,18-34,2023-07-21
1752,Tioga,65+,2023-09-29
1753,Broome,0-17,2025-03-04
1754,Chenango,35-49,2023-01-09
1755,Broome,0-17,2023-06-28
1756,Broome,50-64,2023-07-31
1757,Tompkins,35-49,2024-10-01
1758,Broome,50-64,2024-03-05
1759,Broome,0-17,2024-07-20
1760,Tompkins,50-64,2023-08-29
1761,Broome,0-17,2023-08-23
1762,Broome,35-49,2025-11-18
1763,Broome,35-49,2026-01-30
1764,Broome,0-17,2024-08-03
1765,Otsego,0-17,2024-09-29
1766,Otsego,18-34,2025-06-27
1767,Broome,0-17,2023-04-14
1768,Broome,0-17,2025-05-23
1769,Tompkins,35-49,2025-07-02
1770,Otsego,18-34,2024-02-10
1771,Chenango,35-49,2025-12-28
1772,Broome,65+,2025-08-11
1773,Otsego,0-17,2025-08-17
1774,Broome,18-34,2025-08-11
1775,Tompkins,65+,2023-10-22
1776,Tioga,35-49,2025-01-14
1777,Tompkins,35-49,2024-11-07
1778,Chenango,50-64,2025-07-17
1779,Tompkins,0-17,2023-08-20
1780,Broome,18-34,2023-12-16
1781,Broome,18-34,2023-09-18
1782,Tompkins,18-34,2023-08-08
1783,Broome,35-49,2024-09-10
1784,Tompkins,18-34,2025-04-26
1785,Broome,18-34,2023-11-22
1786,Delaware,18-34,2024-11-28
1787,Broome,35-49,2025-06-01
1788,Chenango,18-34,2024-12-01
1789,Tompkins,18-34,2023-06-09
1790,Chenango,35-49,2025-09-23
1791,Broome,35-49,2024-10-28
1792,Tompkins,50-64,2023-12-27
1793,Broome,18-34,2023-08-11
1794,Chenango,35-49,2025-02-15
1795,Broome,35-49,2023-05-06
1796,Broome,50-64,2023-01-01
1797,Chenango,35-49,2025-07-16
1798,Tompkins,18-34,2025-07-04
1799,Broome,35-49,2024-10-10
1800,Broome,50-64,2024-09-15
1801,Delaware,65+,2024-12-06
1802,Delaware,35-49,2025-11-11
1803,Tompkins,0-17,2024-08-25
1804,Broome,50-64,2023-04-19
1805,Broome,35-49,2025-01-05
1806,Broome,18-34,2023-03-05
1807,Broome,35-49,2025-03-18
1808,Otsego,35-49,2025-04-11
1809,Tompkins,35-49,2023-12-22
1810,Tompkins,0-17,2025-02-26
1811,Tioga,18-34,2025-05-04
1812,Broome,65+,2023-09-15
1813,Broome,0-17,2023-02-02
1814,Broome,50-64,2025-06-13
1815,Delaware,0-17,2023-10-09
1816,Otsego,18-34,2025-07-22
1817,Tioga,35-49,2025-05-21
1818,Otsego,18-34,2025-05-18
1819,Tompkins,18-34,2024-12-28
1820,Broome,18-34,2023-01-16
1821,Otsego,50-64,2024-04-29
1822,Chenango,18-34,2026-01-23
1823,Otsego,0-17,2023-03-19
1824,Otsego,35-49,2023-08-20
1825,Otsego,65+,2023-06-13
1826,Broome,50-64,2024-07-26
1827,Tompkins,0-17,2023-07-01
1828,Broome,35-49,2023-06-09
1829,Chenango,35-49,2024-10-01
1830,Otsego,50-64,2025-12-31
1831,Chenango,18-34,2025-11-15
1832,Tioga,35-49,2024-11-09
1833,Tompkins,65+,2024-08-26
1834,Broome,0-17,2024-09-14
1835,Chenango,35-49,2023-05-06
1836,Otsego,35-49,2023-04-16
1837,Otsego,18-34,2023-02-25
1838,Broome,0-17,2025-11-01
1839,Broome,50-64,2024-05-31
1840,Broome,18-34,2024-06-10
1841,Broome,0-17,2023-12-24
1842,Delaware,50-64,2025-07-03
1843,Broome,0-17,2024-04-28
1844,Tompkins,50-64,2023-03-09
1845,Broome,0-17,2023-10-25
1846,Otsego,50-64,2025-10-12
1847,Chenango,18-34,2025-02-23
1848,Broome,18-34,2023-12-09
1849,Broome,50-64,2024-12-07
1850,Broome,18-34,2023-08-26
1851,Broome,18-34,2025-09-02
1852,Broome,50-64,2025-12-26
1853,Broome,35-49,2025-03-09
1854,Tompkins,0-17,2025-06-09
1855,Broome,65+,2025-07-08
1856,Tompkins,18-34,2025-12-21
1857,Chenango,0-17,2025-12-24
1858,Otsego,65+,2025-06-03
1859,Otsego,35-49,2024-07-12
1860,Broome,18-34,2023-07-21
1861,Broome,35-49,2025-08-02
1862,Chenango,50-64,2024-02-04
1863,Tompkins,35-49,2024-01-04
1864,Broome,0-17,2023-01-18
1865,Tioga,0-17,2023-07-20
1866,Tompkins,35-49,2024-12-20
1867,Broome,18-34,2024-01-31
1868,Broome,35-49,2023-04-27
1869,Delaware,35-49,2024-03-20
1870,Delaware,35-49,2023-09-03
1871,Broome,35-49,2025-02-08
1872,Otsego,50-64,2024-01-14
1873,Tioga,35-49,2024-06-02
1874,Broome,35-49,2023-06-05
1875,Otsego,65+,2024-07-20
1876,Chenango,35-49,2024-10-24
1877,Broome,50-64,2024-07-21
1878,Chenango,18-34,2024-11-12
1879,Delaware,18-34,2024-06-26
1880,Broome,0-17,2024-02-15
1881,Otsego,0-17,2025-10-04
1882,Broome,35-49,2025-06-02
1883,Broome,35-49,2025-06-23
1884,Chenango,0-17,2023-05-30
1885,Broome,50-64,2025-07-02
1886,Broome,18-34,2023-01-02
1887,Delaware,35-49,2024-06-29
1888,Broome,18-34,2025-03-12
1889,Otsego,35-49,2025-10-01
1890,Tompkins,18-34,2023-05-24
1891,Tompkins,0-17,2025-09-14
1892,Broome,35-49,2025-01-05
1893,Broome,18-34,2023-04-24
1894,Otsego,65+,2023-07-05
1895,Broome,50-64,2024-11-27
1896,Broome,18-34,2024-08-16
1897,Otsego,0-17,2023-03-22
1898,Delaware,35-49,2024-09-04
1899,Chenango,50-64,2025-01-05
1900,Tompkins,50-64,2025-06-15
1901,Chenango,0-17,2024-01-31
1902,Broome,65+,2024-05-03
1903,Tompkins,0-17,2026-01-12
1904,Otsego,18-34,2025-07-09
1905,Delaware,0-17,2024-11-25
1906,Broome,50-64,2023-03-29
1907,Tompkins,0-17,2025-12-07
1908,Tompkins,35-49,2026-01-03
1909,Broome,35-49,2023-05-28
1910,Broome,0-17,2023-02-09
1911,Tompkins,65+,2023-04-04
1912,Broome,35-49,2023-01-30
1913,Broome,0-17,2024-09-21
1914,Tioga,0-17,2023-12-16
1915,Tioga,0-17,2023-08-06
1916,Broome,35-49,2024-03-27
1917,Broome,0-17,2024-11-21
1918,Tioga,65+,2025-04-03
1919,Broome,65+,2026-01-22
1920,Broome,50-64,2024-03-12
1921,Chenango,35-49,2024-11-18
1922,Broome,18-34,2025-04-30
1923,Broome,18-34,2023-12-04
1924,Tompkins,65+,2023-03-25
1925,Broome,50-64,2025-02-09
1926,Chenango,0-17,2025-09-24
1927,Broome,0-17,2023-07-02
1928,Chenango,35-49,2024-08-04
1929,Tompkins,50-64,2025-09-01
1930,Chenango,0-17,2024-07-08
1931,Tompkins,18-34,2023-12-24
1932,Otsego,0-17,2024-01-04
1933,Chenango,35-49,2023-06-30
1934,Otsego,50-64,2024-12-13
1935,Tompkins,35-49,2024-01-29
1936,Broome,35-49,2023-07-15
1937,Otsego,50-64,2026-01-10
1938,Tompkins,18-34,2024-03-02
1939,Broome,0-17,2023-11-02
1940,Chenango,65+,2025-08-29
1941,Tompkins,0-17,2023-03-30
1942,Broome,18-34,2024-03-05
1943,Tompkins,18-34,2025-07-17
1944,Broome,50-64,2026-01-05
1945,Broome,50-64,2025-09-20
1946,Tompkins,0-17,2024-04-26
1947,Chenango,35-49,2024-10-29
1948,Tompkins,50-64,2024-10-29
1949,Broome,0-17,2024-04-11
1950,Broome,50-64,2024-02-14
1951,Broome,18-34,2025-08-22
1952,Otsego,0-17,2025-06-11
1953,Broome,65+,2025-07-20
1954,Broome,18-34,2025-07-26
1955,Chenango,35-49,2024-07-06
1956,Broome,0-17,2023-05-03
1957,Broome,0-17,2025-08-11
1958,Tompkins,0-17,2024-12-04
1959,Broome,18-34,2023-11-18
1960,Chenango,35-49,2023-12-15
1961,Otsego,35-49,2024-04-15
1962,Broome,50-64,2025-09-28
1963,Tioga,0-17,2025-08-27
1964,Tioga,18-34,2025-05-26
1965,Chenango,18-34,2024-11-01
1966,Tompkins,18-34,2023-11-02
1967,Delaware,50-64,2025-05-05
1968,Delaware,0-17,2025-08-21
1969,Chenango,35-49,2025-05-21
1970,Tompkins,18-34,2023-07-20
1971,Tompkins,18-34,2026-02-17
1972,Chenango,35-49,2025-04-12
1973,Delaware,0-17,2024-08-28
1974,Broome,65+,2023-02-02
1975,Tompkins,18-34,2025-07-29
1976,Tioga,50-64,2023-02-19
1977,Delaware,18-34,2023-10-11
1978,Tioga,18-34,2025-01-28
1979,Otsego,35-49,2023-01-03
1980,Tioga,0-17,2024-11-12
1981,Tompkins,18-34,2024-07-06
1982,Chenango,35-49,2024-02-29
1983,Chenango,0-17,2024-11-18
1984,Chenango,0-17,2025-01-15
1985,Tioga,0-17,2025-01-18
1986,Tompkins,0-17,2025-01-20
1987,Broome,35-49,2023-05-18
1988,Otsego,50-64,2023-10-11
1989,Delaware,18-34,2023-08-21
1990,Otsego,50-64,2024-03-05
1991,Chenango,50-64,2024-10-18
1992,Broome,18-34,2025-05-16
1993,Broome,0-17,2024-12-08
1994,Tompkins,35-49,2023-09-09
1995,Tompkins,35-49,2025-12-27
1996,Tioga,18-34,2025-01-23
1997,Chenango,65+,2023-05-15
1998,Broome,50-64,2023-06-28
1999,Broome,50-64,2024-08-13
2000,Delaware,0-17,2023-12-04
2001,Broome,35-49,2025-10-13
2002,Broome,0-17,2023-02-16
2003,Broome,65+,2026-01-13
2004,Delaware,18-34,2025-05-10
2005,Tompkins,35-49,2024-08-20
2006,Broome,0-17,2024-04-20
2007,Tioga,35-49,2024-11-18
2008,Tompkins,18-34,2024-10-30
2009,Tompkins,35-49,2025-12-21
2010,Tioga,18-34,2024-09-14
2011,Otsego,50-64,2024-09-19
2012,Broome,18-34,2025-09-18
2013,Broome,18-34,2023-04-07
2014,Broome,18-34,2023-12-07
2015,Otsego,0-17,2026-01-01
2016,Broome,65+,2023-11-11
2017,Broome,0-17,2024-10-10
2018,Otsego,18-34,2025-01-27
2019,Broome,35-49,2023-03-13
2020,Otsego,65+,2023-10-30
2021,Broome,35-49,2023-11-29
2022,Tompkins,0-17,2023-02-21
2023,Tompkins,18-34,2023-10-25
2024,Delaware,65+,2023-11-16
2025,Broome,50-64,2025-11-05
2026,Broome,35-49,2025-08-28
2027,Tioga,65+,2023-10-29
2028,Chenango,50-64,2025-06-24
2029,Broome,0-17,2025-09-07
2030,Tioga,0-17,2026-02-02
2031,Broome,0-17,2024-03-27
2032,Tompkins,0-17,2023-04-23
2033,Otsego,0-17,2025-12-14
2034,Broome,65+,2024-07-23
2035,Broome,0-17,2025-07-01
2036,Otsego,65+,2025-11-14
2037,Tompkins,18-34,2025-11-13
2038,Delaware,50-64,2025-01-09
2039,Tompkins,35-49,2025-05-25
2040,Broome,18-34,2024-08-05
2041,Broome,18-34,2025-07-01
2042,Tioga,0-17,2025-06-28
2043,Chenango,18-34,2025-06-25
2044,Broome,50-64,2025-05-18
2045,Chenango,18-34,2023-06-26
2046,Broome,18-34,2025-12-11
2047,Delaware,0-17,2025-02-08
2048,Broome,18-34,2024-07-13
2049,Tompkins,35-49,2023-10-08
2050,Broome,50-64,2024-08-15
2051,Tompkins,0-17,2024-09-10
2052,Tioga,18-34,2026-02-19
2053,Chenango,18-34,2023-01-06
2054,Broome,18-34,2025-08-25
2055,Broome,35-49,2024-08-12
2056,Tompkins,18-34,2024-05-16
2057,Broome,50-64,2025-10-06
2058,Delaware,0-17,2025-01-10
2059,Otsego,35-49,2024-06-12
2060,Otsego,18-34,2023-09-02
2061,Broome,50-64,2023-02-05
2062,Tioga,0-17,2023-04-30
2063,Broome,18-34,2023-10-05
2064,Broome,0-17,2025-01-09
2065,Tompkins,65+,2024-12-30
2066,Broome,18-34,2023-06-07
2067,Tompkins,50-64,2024-01-11
2068,Chenango,35-49,2023-12-09
2069,Tompkins,50-64,2024-09-08
2070,Broome,35-49,2025-01-12
2071,Broome,35-49,2023-10-22
2072,Broome,35-49,2025-02-02
2073,Chenango,18-34,2023-11-30
2074,Broome,0-17,2024-03-28
2075,Tioga,50-64,2026-02-18
2076,Otsego,50-64,2025-12-12
2077,Tioga,35-49,2023-08-22
2078,Tompkins,65+,2023-08-27
2079,Tioga,65+,2025-09-09
2080,Broome,35-49,2023-10-12
2081,Tioga,50-64,2025-12-07
2082,Chenango,18-34,2024-09-15
2083,Broome,50-64,2024-03-31
2084,Broome,35-49,2024-04-09
2085,Broome,0-17,2023-06-10
2086,Tompkins,50-64,2023-08-17
2087,Broome,50-64,2025-06-02
2088,Broome,0-17,2025-11-17
2089,Otsego,18-34,2024-06-02
2090,Broome,18-34,2023-01-22
2091,Chenango,50-64,2024-02-25
2092,Otsego,0-17,2024-12-20
2093,Broome,0-17,2024-07-22
2094,Delaware,18-34,2023-11-25
2095,Tioga,50-64,2024-05-10
2096,Tompkins,0-17,2023-01-29
2097,Tompkins,35-49,2024-07-31
2098,Broome,50-64,2023-01-09
2099,Delaware,0-17,2024-03-14
2100,Delaware,50-64,2025-08-30
2101,Broome,35-49,2025-06-19
2102,Otsego,0-17,2024-12-27
2103,Delaware,18-34,2025-11-19
2104,Broome,0-17,2024-10-05
2105,Broome,0-17,2023-10-06
2106,Tompkins,18-34,2024-08-13
2107,Tompkins,0-17,2024-11-02
2108,Tompkins,18-34,2025-07-24
2109,Otsego,18-34,2025-06-28
2110,Broome,18-34,2025-05-26
2111,Broome,0-17,2025-09-01
2112,Delaware,18-34,2023-01-27
2113,Delaware,18-34,2023-08-04
2114,Tompkins,35-49,2023-06-24
2115,Broome,18-34,2023-07-28
2116,Chenango,50-64,2023-12-12
2117,Broome,65+,2024-11-24
2118,Broome,50-64,2025-04-07
2119,Broome,50-64,2025-10-19
2120,Broome,35-49,2024-07-13
2121,Chenango,50-64,2025-03-30
2122,Broome,35-49,2025-04-08
2123,Delaware,35-49,2023-10-29
2124,Chenango,0-17,2024-05-28
2125,Tompkins,18-34,2023-10-03
2126,Broome,50-64,2023-05-20
2127,Tompkins,0-17,2024-01-02
2128,Tompkins,35-49,2023-11-09
2129,Broome,35-49,2023-06-06
2130,Otsego,35-49,2025-10-05
2131,Chenango,0-17,2025-10-16
2132,Tompkins,18-34,2024-12-04
2133,Tioga,35-49,2023-02-06
2134,Delaware,0-17,2025-05-31
2135,Tioga,0-17,2025-07-10
2136,Broome,18-34,2025-07-30
2137,Broome,0-17,2024-09-12
2138,Tioga,0-17,2025-06-01
2139,Broome,35-49,2025-09-25
2140,Chenango,35-49,2025-10-01
2141,Otsego,35-49,2025-08-20
2142,Tompkins,50-64,2025-11-03
2143,Broome,18-34,2025-02-12
2144,Otsego,18-34,2024-08-05
2145,Broome,0-17,2023-04-03
2146,Broome,18-34,2023-02-25
2147,Chenango,35-49,2025-02-18
2148,Broome,18-34,2025-01-01
2149,Tompkins,0-17,2024-05-15
2150,Broome,35-49,2023-06-23
2151,Delaware,0-17,2024-09-16
2152,Broome,0-17,2026-01-07
2153,Broome,18-34,2025-05-15
2154,Otsego,50-64,2024-06-30
2155,Broome,18-34,2023-02-15
2156,Delaware,18-34,2025-03-10
2157,Broome,0-17,2025-09-27
2158,Broome,35-49,2024-11-19
2159,Tompkins,50-64,2024-11-26
2160,Broome,18-34,2025-06-11
2161,Broome,35-49,2023-06-04
2162,Tioga,35-49,2024-08-11
2163,Broome,18-34,2025-04-03
2164,Tioga,35-49,2023-07-08
2165,Chenango,35-49,2024-11-20
2166,Broome,35-49,2025-12-23
2167,Tompkins,0-17,2023-06-07
2168,Otsego,18-34,2024-09-06
2169,Tompkins,35-49,2024-02-14
2170,Tompkins,18-34,2025-11-21
2171,Tompkins,50-64,2024-01-05
2172,Tioga,35-49,2025-11-23
2173,Tioga,35-49,2024-03-12
2174,Otsego,50-64,2025-08-15
2175,Broome,35-49,2025-06-07
2176,Delaware,50-64,2023-05-03
2177,Tompkins,18-34,2023-10-30
2178,Broome,50-64,2024-09-06
2179,Tioga,18-34,2023-05-12
2180,Otsego,50-64,2024-06-30
2181,Tioga,35-49,2024-06-09
2182,Chenango,18-34,2024-05-03
2183,Broome,0-17,2024-05-17
2184,Chenango,18-34,2025-09-21
2185,Tompkins,18-34,2023-03-17
2186,Broome,18-34,2023-03-01
2187,Broome,50-64,2026-02-01
2188,Broome,50-64,2025-09-22
2189,Chenango,0-17,2023-06-21
2190,Broome,18-34,2023-05-11
2191,Tioga,18-34,2025-01-14
2192,Otsego,50-64,2025-03-23
2193,Delaware,50-64,2023-10-15
2194,Broome,35-49,2025-10-21
2195,Delaware,35-49,2025-12-11
2196,Broome,50-64,2024-05-02
2197,Otsego,50-64,2024-10-03
2198,Broome,35-49,2025-03-09
2199,Tioga,50-64,2025-05-16
2200,Broome,0-17,2024-03-14
2201,Delaware,18-34,2024-06-04
2202,Tioga,0-17,2025-12-28
2203,Broome,65+,2024-10-10
2204,Tompkins,18-34,2024-05-19
2205,Delaware,50-64,2023-10-24
2206,Broome,35-49,2024-09-23
2207,Broome,65+,2023-03-13
2208,Tioga,35-49,2023-04-22
2209,Chenango,50-64,2024-05-05
2210,Broome,18-34,2025-01-13
2211,Tioga,35-49,2025-12-31
2212,Tioga,50-64,2025-03-06
2213,Broome,65+,2024-06-07
2214,Broome,65+,2024-04-27
2215,Broome,50-64,2023-11-25
2216,Delaware,35-49,2025-04-12
2217,Chenango,18-34,2023-06-14
2218,Tioga,65+,2025-08-22
2219,Chenango,65+,2024-11-12
2220,Chenango,50-64,2023-07-25
2221,Tioga,35-49,2025-11-02
2222,Broome,18-34,2026-01-26
2223,Chenango,18-34,2023-02-26
2224,Chenango,35-49,2024-01-12
2225,Otsego,50-64,2023-10-06
2226,Broome,0-17,2024-09-17
2227,Broome,0-17,2023-11-20
2228,Broome,35-49,2023-09-24
2229,Tioga,35-49,2024-10-16
2230,Tompkins,50-64,2023-10-01
2231,Broome,35-49,2024-11-01
2232,Chenango,0-17,2025-04-28
2233,Broome,18-34,2025-02-11
2234,Delaware,50-64,2024-04-04
2235,Broome,0-17,2026-02-17
2236,Otsego,35-49,2023-07-02
2237,Delaware,0-17,2023-12-12
2238,Broome,35-49,2024-06-16
2239,Broome,65+,2023-12-15
2240,Delaware,0-17,2025-12-12
2241,Tompkins,65+,2025-07-18
2242,Tioga,18-34,2024-04-04
2243,Chenango,0-17,2024-06-29
2244,Broome,18-34,2023-09-24
2245,Tompkins,0-17,2024-03-17
2246,Delaware,18-34,2024-01-23
2247,Tompkins,18-34,2023-10-26
2248,Broome,65+,2024-04-27
2249,Otsego,50-64,2025-01-27
2250,Otsego,35-49,2023-06-25
2251,Broome,0-17,2024-10-24
2252,Delaware,18-34,2024-03-10
2253,Chenango,35-49,2024-06-08
2254,Broome,35-49,2023-04-17
2255,Broome,18-34,2024-12-26
2256,Delaware,65+,2023-04-04
2257,Broome,35-49,2025-02-19
2258,Broome,18-34,2025-01-29
2259,Broome,50-64,2023-03-26
2260,Otsego,18-34,2025-10-28
2261,Tompkins,18-34,2025-08-16
2262,Broome,18-34,2025-12-22
2263,Tompkins,18-34,2024-10-03
2264,Broome,0-17,2024-07-29
2265,Chenango,65+,2024-08-02
2266,Tioga,18-34,2024-06-24
2267,Tompkins,18-34,2023-12-04
2268,Broome,65+,2023-11-06
2269,Tompkins,65+,2025-06-20
2270,Broome,0-17,2024-04-15
2271,Broome,18-34,2023-12-01
2272,Chenango,18-34,2025-10-10
2273,Broome,18-34,2026-02-22
2274,Tompkins,18-34,2023-10-31
2275,Broome,0-17,2024-08-04
2276,Broome,0-17,2025-11-07
2277,Tioga,35-49,2024-03-10
2278,Otsego,65+,2025-12-13
2279,Chenango,0-17,2023-06-07
2280,Broome,18-34,2023-07-13
2281,Tioga,0-17,2023-09-07
2282,Tompkins,35-49,2023-08-06
2283,Tioga,0-17,2023-06-16
2284,Tompkins,35-49,2025-09-09
2285,Tompkins,65+,2023-01-12
2286,Broome,0-17,2025-07-16
2287,Broome,50-64,2023-09-22
2288,Broome,0-17,2024-08-02
2289,Broome,0-17,2023-05-25
2290,Tompkins,35-49,2023-07-09
2291,Tompkins,0-17,2025-03-27
2292,Broome,50-64,2023-11-30
2293,Tompkins,18-34,2023-11-12
2294,Broome,18-34,2025-06-04
2295,Chenango,65+,2023-09-26
2296,Broome,0-17,2025-01-22
2297,Tompkins,18-34,2025-03-05
2298,Tompkins,35-49,2025-05-16
2299,Broome,18-34,2025-01-24
2300,Otsego,18-34,2025-05-22
2301,Broome,35-49,2025-08-07
2302,Otsego,35-49,2023-11-14
2303,Delaware,35-49,2025-12-10
2304,Broome,18-34,2023-06-12
2305,Tioga,18-34,2023-11-01
2306,Delaware,35-49,2024-09-07
2307,Tioga,35-49,2024-08-28
2308,Otsego,35-49,2023-04-03
2309,Tompkins,35-49,2025-04-25
2310,Broome,35-49,2024-06-02
2311,Broome,35-49,2025-10-28
2312,Broome,50-64,2025-08-05
2313,Broome,0-17,2025-03-15
2314,Broome,18-34,2024-09-01
2315,Broome,50-64,2025-07-10
2316,Otsego,18-34,2024-01-19
2317,Broome,0-17,2024-06-15
2318,Tioga,0-17,2025-12-30
2319,Broome,18-34,2023-01-28
2320,Broome,18-34,2025-04-09
2321,Tioga,65+,2025-09-23
2322,Broome,50-64,2025-01-08
2323,Chenango,65+,2025-03-19
2324,Tioga,0-17,2023-10-04
2325,Broome,0-17,2023-02-02
2326,Chenango,0-17,2023-02-24
2327,Broome,35-49,2024-05-10
2328,Tompkins,35-49,2026-01-08
2329,Broome,18-34,2025-08-07
2330,Broome,18-34,2023-08-27
2331,Broome,0-17,2025-06-30
2332,Delaware,18-34,2025-07-09
2333,Otsego,0-17,2025-03-13
2334,Broome,0-17,2025-06-03
2335,Delaware,50-64,2026-02-09
2336,Delaware,0-17,2025-03-29
2337,Tompkins,35-49,2025-09-26
2338,Broome,0-17,2023-02-08
2339,Tompkins,18-34,2023-05-11
2340,Broome,35-49,2025-08-27
2341,Broome,35-49,2024-12-11
2342,Tompkins,18-34,2023-11-27
2343,Broome,0-17,2024-12-05
2344,Tompkins,35-49,2024-11-25
2345,Delaware,50-64,2025-08-17
2346,Broome,18-34,2025-03-10
2347,Delaware,50-64,2025-01-07
2348,Chenango,50-64,2023-11-28
2349,Otsego,18-34,2023-06-26
2350,Otsego,0-17,2024-02-13
2351,Broome,18-34,2025-05-01
2352,Delaware,18-34,2024-04-25
2353,Broome,0-17,2023-02-07
2354,Broome,18-34,2023-11-21
2355,Broome,50-64,2025-10-28
2356,Broome,0-17,2025-05-31
2357,Broome,18-34,2026-02-24
2358,Broome,18-34,2024-11-27
2359,Chenango,50-64,2026-02-14
2360,Broome,0-17,2025-11-21
2361,Otsego,0-17,2023-04-14
2362,Delaware,18-34,2025-07-25
2363,Delaware,50-64,2023-08-05
2364,Chenango,35-49,2023-07-28
2365,Tioga,0-17,2023-08-04
2366,Broome,0-17,2024-02-25
2367,Delaware,0-17,2024-08-21
2368,Chenango,50-64,2025-10-17
2369,Chenango,0-17,2025-01-14
2370,Broome,0-17,2024-02-18
2371,Tompkins,18-34,2023-01-14
2372,Broome,50-64,2024-11-30
2373,Broome,0-17,2024-06-28
2374,Broome,50-64,2025-01-08
2375,Otsego,18-34,2025-12-20
2376,Tompkins,18-34,2025-05-28
2377,Tompkins,18-34,2025-07-28
2378,Delaware,35-49,2025-01-10
2379,Delaware,18-34,2023-01-21
2380,Chenango,35-49,2023-05-23
2381,Broome,18-34,2023-12-03
2382,Tompkins,18-34,2023-03-17
2383,Otsego,35-49,2023-04-29
2384,Delaware,65+,2025-11-30
2385,Delaware,18-34,2026-02-07
2386,Tioga,50-64,2024-10-04
2387,Tioga,0-17,2024-07-26
2388,Tioga,35-49,2023-10-28
2389,Chenango,18-34,2024-02-25
2390,Tioga,35-49,2025-06-24
2391,Chenango,50-64,2025-04-08
2392,Chenango,50-64,2023-06-22
2393,Broome,18-34,2023-09-16
2394,Tompkins,35-49,2024-03-13
2395,Broome,35-49,2025-12-03
2396,Broome,35-49,2023-02-17
2397,Broome,50-64,2024-06-13
2398,Broome,50-64,2025-05-15
2399,Delaware,0-17,2023-05-03
2400,Tioga,18-34,2025-11-05
2401,Broome,0-17,2023-09-13
2402,Tompkins,35-49,2023-01-11
2403,Tompkins,65+,2025-12-28
2404,Tioga,18-34,2024-09-04
2405,Broome,50-64,2023-10-14
2406,Chenango,35-49,2024-05-22
2407,Broome,35-49,2024-01-30
2408,Tioga,18-34,2023-07-20
2409,Broome,18-34,2025-04-23
2410,Broome,0-17,2023-09-24
2411,Tompkins,18-34,2025-01-26
2412,Otsego,18-34,2026-02-18
2413,Tompkins,18-34,2024-06-24
2414,Otsego,35-49,2025-06-20
2415,Chenango,65+,2025-05-03
2416,Tioga,0-17,2023-09-18
2417,Tompkins,18-34,2025-11-17
2418,Tioga,0-17,2024-03-11
2419,Tompkins,0-17,2023-11-18
2420,Delaware,18-34,2023-09-01
2421,Otsego,18-34,2023-09-05
2422,Broome,18-34,2025-12-06
2423,Broome,18-34,2025-02-05
2424,Broome,18-34,2023-10-20
2425,Broome,35-49,2023-04-10
2426,Delaware,18-34,2024-08-03
2427,Broome,50-64,2025-09-28
2428,Broome,35-49,2023-05-19
2429,Tioga,18-34,2024-09-26
2430,Otsego,50-64,2025-02-11
2431,Tompkins,50-64,2023-09-29
2432,Chenango,35-49,2025-08-01
2433,Chenango,35-49,2023-11-02
2434,Tioga,18-34,2025-04-18
2435,Tompkins,50-64,2024-11-25
2436,Tompkins,65+,2025-06-26
2437,Chenango,35-49,2023-12-06
2438,Chenango,35-49,2024-09-24
2439,Otsego,0-17,2026-02-19
2440,Broome,65+,2026-01-14
2441,Otsego,0-17,2025-12-04
2442,Broome,18-34,2023-02-08
2443,Broome,65+,2024-01-04
2444,Delaware,18-34,2024-02-26
2445,Broome,35-49,2025-06-28
2446,Broome,35-49,2024-10-18
2447,Tompkins,0-17,2023-02-17
2448,Broome,0-17,2023-02-19
2449,Tioga,18-34,2024-06-10
2450,Broome,65+,2026-01-14
2451,Broome,0-17,2024-06-07
2452,Chenango,0-17,2025-04-14
2453,Otsego,0-17,2024-10-28
2454,Broome,35-49,2024-09-02
2455,Tompkins,18-34,2025-04-25
2456,Tioga,18-34,2023-09-05
2457,Broome,18-34,2024-04-29
2458,Tompkins,50-64,2025-02-27
2459,Delaware,18-34,2024-10-13
2460,Tompkins,18-34,2025-09-18
2461,Broome,35-49,2023-02-08
2462,Broome,65+,2023-07-27
2463,Broome,35-49,2023-09-15
2464,Broome,18-34,2023-06-21
2465,Tioga,35-49,2023-10-19
2466,Broome,65+,2024-05-17
2467,Tompkins,18-34,2026-02-10
2468,Tompkins,0-17,2025-08-09
2469,Delaware,35-49,2023-12-09
2470,Broome,65+,2025-09-14
2471,Broome,18-34,2025-02-17
2472,Delaware,50-64,2024-03-11
2473,Otsego,35-49,2023-04-04
2474,Broome,35-49,2023-05-24
2475,Broome,18-34,2023-09-09
2476,Tioga,50-64,2024-07-26
2477,Tioga,0-17,2025-10-30
2478,Delaware,18-34,2024-12-02
2479,Otsego,65+,2025-07-16
2480,Broome,35-49,2024-10-20
2481,Broome,18-34,2024-11-03
2482,Broome,35-49,2023-01-05
2483,Otsego,0-17,2023-01-20
2484,Otsego,18-34,2025-09-28
2485,Chenango,35-49,2023-06-08
2486,Tompkins,50-64,2025-06-30
2487,Otsego,18-34,2025-02-09
2488,Tioga,18-34,2023-12-29
2489,Tioga,50-64,2023-01-18
2490,Broome,18-34,2024-01-31
2491,Tompkins,18-34,2023-02-10
2492,Chenango,35-49,2025-01-02
2493,Broome,50-64,2024-09-12
2494,Tioga,18-34,2025-10-08
2495,Delaware,0-17,2025-10-06
2496,Tioga,35-49,2024-03-04
2497,Broome,65+,2025-03-22
2498,Broome,18-34,2025-10-21
2499,Tompkins,35-49,2023-12-26
2500,Broome,0-17,2023-05-14
2501,Broome,65+,2024-04-11
2502,Tioga,50-64,2024-07-15
2503,Broome,35-49,2025-12-27
2504,Otsego,35-49,2025-07-18
2505,Broome,18-34,2023-04-17
2506,Tioga,18-34,2025-04-13
2507,Broome,35-49,2025-08-13
2508,Tompkins,35-49,2023-03-31
2509,Tioga,18-34,2024-07-23
2510,Delaware,35-49,2024-10-09
2511,Broome,0-17,2023-06-17
2512,Tioga,50-64,2024-04-07
2513,Delaware,18-34,2023-06-02
2514,Delaware,0-17,2024-11-05
2515,Broome,35-49,2023-07-18
2516,Broome,18-34,2023-02-19
2517,Otsego,35-49,2024-11-15
2518,Tioga,18-34,2025-08-27
2519,Broome,18-34,2023-04-22
2520,Tioga,35-49,2024-04-29
2521,Delaware,50-64,2025-06-17
2522,Chenango,35-49,2023-09-13
2523,Broome,0-17,2023-03-10
2524,Broome,50-64,2023-05-14
2525,Chenango,0-17,2025-06-24
2526,Broome,35-49,2025-06-03
2527,Broome,35-49,2026-02-19
2528,Broome,50-64,2025-04-02
2529,Broome,50-64,2024-04-22
2530,Tioga,50-64,2023-01-22
2531,Tompkins,18-34,2025-05-26
2532,Tioga,35-49,2024-11-26
2533,Otsego,35-49,2023-02-23
2534,Tompkins,18-34,2024-01-30
2535,Broome,0-17,2023-05-19
2536,Otsego,50-64,2023-09-16
2537,Otsego,18-34,2025-05-12
2538,Tompkins,35-49,2024-01-16
2539,Broome,50-64,2023-05-04
2540,Broome,35-49,2025-11-16
2541,Delaware,50-64,2024-09-29
2542,Otsego,35-49,2023-10-26
2543,Broome,18-34,2024-12-03
2544,Broome,65+,2025-11-26
2545,Otsego,35-49,2023-04-28
2546,Broome,50-64,2026-02-19
2547,Tioga,18-34,2024-02-05
2548,Delaware,35-49,2024-02-17
2549,Chenango,18-34,2025-09-01
2550,Chenango,65+,2024-11-09
2551,Tioga,35-49,2024-11-18
2552,Otsego,18-34,2023-11-29
2553,Broome,50-64,2023-03-28
2554,Tompkins,65+,2024-04-01
2555,Chenango,18-34,2024-03-12
2556,Broome,50-64,2024-11-09
2557,Tioga,18-34,2025-03-30
2558,Broome,65+,2025-01-13
2559,Broome,18-34,2026-02-10
2560,Broome,18-34,2024-02-03
2561,Otsego,65+,2025-01-07
2562,Broome,0-17,2024-02-10
2563,Broome,0-17,2024-06-20
2564,Chenango,18-34,2026-02-09
2565,Broome,0-17,2023-12-27
2566,Tioga,65+,2023-02-12
2567,Tioga,0-17,2023-08-16
2568,Broome,0-17,2025-07-23
2569,Broome,50-64,2023-12-17
2570,Delaware,65+,2025-06-07
2571,Tioga,0-17,2023-10-23
2572,Tioga,0-17,2024-01-24
2573,Broome,18-34,2025-02-05
2574,Broome,18-34,2024-05-15
2575,Delaware,50-64,2024-01-23
2576,Tioga,18-34,2023-11-01
2577,Broome,0-17,2024-07-27
2578,Tioga,50-64,2025-09-28
2579,Broome,0-17,2025-08-21
2580,Chenango,35-49,2023-12-09
2581,Tompkins,50-64,2025-11-08
2582,Broome,35-49,2024-01-02
2583,Broome,18-34,2025-09-16
2584,Chenango,18-34,2024-07-03
2585,Otsego,35-49,2023-03-16
2586,Broome,50-64,2025-07-14
2587,Tioga,18-34,2024-09-18
2588,Tompkins,18-34,2023-11-18
2589,Delaware,18-34,2026-02-01
2590,Broome,50-64,2024-08-27
2591,Tompkins,18-34,2023-03-26
2592,Tompkins,35-49,2025-05-22
2593,Tompkins,18-34,2025-01-22
2594,Tioga,18-34,2025-02-22
2595,Broome,18-34,2024-06-27
2596,Otsego,18-34,2023-06-18
2597,Broome,35-49,2026-01-24
2598,Otsego,50-64,2024-04-11
2599,Broome,0-17,2023-03-20
2600,Tompkins,18-34,2024-11-05
2601,Broome,50-64,2024-07-16
2602,Broome,35-49,2023-10-10
2603,Delaware,50-64,2026-01-17
2604,Delaware,0-17,2024-09-05
2605,Broome,18-34,2025-04-07
2606,Delaware,50-64,2023-01-25
2607,Tompkins,35-49,2023-11-02
2608,Tioga,18-34,2024-03-05
2609,Tompkins,35-49,2026-02-05
2610,Chenango,50-64,2025-08-02
2611,Broome,0-17,2024-01-20
2612,Tompkins,65+,2025-05-05
2613,Broome,18-34,2026-02-17
2614,Broome,0-17,2023-09-20
2615,Broome,50-64,2025-10-20
2616,Tioga,50-64,2024-11-26
2617,Broome,18-34,2025-04-06
2618,Chenango,35-49,2024-09-05
2619,Broome,0-17,2023-03-07
2620,Delaware,0-17,2024-11-07
2621,Otsego,50-64,2025-03-11
2622,Delaware,0-17,2025-03-11
2623,Broome,18-34,2025-08-30
2624,Broome,35-49,2025-07-13
2625,Otsego,18-34,2023-12-18
2626,Broome,35-49,2023-03-07
2627,Tioga,35-49,2023-02-24
2628,Broome,0-17,2025-03-01
2629,Broome,18-34,2025-12-09
2630,Broome,0-17,2025-11-27
2631,Broome,18-34,2025-04-21
2632,Tompkins,65+,2023-09-22
2633,Tompkins,18-34,2023-05-21
2634,Tompkins,50-64,2024-02-27
2635,Broome,0-17,2025-06-04
2636,Tioga,35-49,2023-11-22
2637,Otsego,65+,2024-02-20
2638,Tompkins,35-49,2024-07-18
2639,Broome,65+,2025-07-01
2640,Broome,18-34,2024-05-20
2641,Tompkins,65+,2025-10-02
2642,Tompkins,35-49,2023-07-06
2643,Broome,50-64,2025-07-23
2644,Broome,50-64,2024-09-01
2645,Tompkins,50-64,2023-12-25
2646,Tompkins,0-17,2025-06-03
2647,Tompkins,65+,2024-01-11
2648,Chenango,0-17,2023-03-31
2649,Broome,50-64,2024-07-14
2650,Tioga,35-49,2023-05-17
2651,Chenango,50-64,2024-03-20
2652,Tioga,18-34,2026-02-06
2653,Broome,18-34,2023-08-04
2654,Tompkins,50-64,2025-04-19
2655,Tompkins,18-34,2025-11-02
2656,Broome,0-17,2025-08-03
2657,Tompkins,50-64,2024-02-03
2658,Tompkins,0-17,2023-08-23
2659,Chenango,0-17,2025-08-08
2660,Tompkins,0-17,2026-01-28
2661,Otsego,35-49,2025-06-15
2662,Broome,50-64,2023-11-27
2663,Broome,0-17,2023-07-25
2664,Broome,0-17,2025-03-11
2665,Broome,35-49,2023-01-23
2666,Otsego,0-17,2025-01-03
2667,Broome,35-49,2025-12-26
2668,Broome,35-49,2025-12-06
2669,Otsego,35-49,2023-07-30
2670,Tompkins,18-34,2023-04-18
2671,Otsego,0-17,2025-02-11
2672,Chenango,65+,2025-02-06
2673,Tioga,0-17,2023-02-02
2674,Tompkins,65+,2024-11-21
2675,Tioga,35-49,2023-05-10
2676,Broome,50-64,2023-12-10
2677,Chenango,0-17,2025-11-15
2678,Broome,18-34,2026-02-25
2679,Otsego,35-49,2026-01-14
2680,Tompkins,18-34,2024-04-20
2681,Broome,18-34,2023-12-22
2682,Broome,35-49,2023-01-25
2683,Tompkins,18-34,2023-05-16
2684,Otsego,18-34,2025-01-25
2685,Broome,50-64,2025-04-21
2686,Broome,35-49,2023-07-28
2687,Chenango,50-64,2023-12-18
2688,Broome,0-17,2024-10-26
2689,Delaware,35-49,2023-09-30
2690,Broome,35-49,2024-10-13
2691,Delaware,35-49,2023-05-19
2692,Broome,35-49,2025-07-08
2693,Tompkins,35-49,2024-04-21
2694,Tompkins,35-49,2023-01-28
2695,Broome,35-49,2023-09-12
2696,Broome,50-64,2024-05-13
2697,Otsego,0-17,2025-02-06
2698,Tompkins,0-17,2025-02-08
2699,Broome,0-17,2025-06-27
2700,Chenango,18-34,2024-07-23
2701,Broome,50-64,2023-03-23
2702,Tompkins,65+,2024-08-13
2703,Chenango,18-34,2024-11-09
2704,Broome,0-17,2023-04-21
2705,Tioga,35-49,2024-05-23
2706,Tioga,35-49,2024-03-31
2707,Otsego,18-34,2024-10-20
2708,Broome,35-49,2023-05-13
2709,Tioga,0-17,2024-01-30
2710,Broome,65+,2024-02-23
2711,Broome,0-17,2026-01-29
2712,Tioga,65+,2024-04-28
2713,Tompkins,18-34,2025-08-14
2714,Broome,50-64,2024-05-16
2715,Tompkins,35-49,2024-09-12
2716,Broome,18-34,2024-02-17
2717,Broome,50-64,2023-06-13
2718,Delaware,18-34,2025-02-12
2719,Broome,18-34,2025-10-31
2720,Otsego,18-34,2023-11-16
2721,Tioga,50-64,2023-02-10
2722,Chenango,18-34,2023-06-20
2723,Chenango,65+,2026-01-05
2724,Broome,50-64,2024-06-10
2725,Tompkins,18-34,2024-08-03
2726,Broome,35-49,2023-05-28
2727,Broome,35-49,2024-02-05
2728,Broome,0-17,2023-01-27
2729,Tioga,50-64,2025-02-05
2730,Tompkins,65+,2025-03-19
2731,Delaware,18-34,2025-09-29
2732,Broome,65+,2023-05-26
2733,Tompkins,0-17,2023-09-12
2734,Tompkins,35-49,2024-02-02
2735,Chenango,65+,2024-12-14
2736,Tompkins,18-34,2025-01-24
2737,Chenango,35-49,2025-05-18
2738,Chenango,18-34,2023-03-12
2739,Delaware,18-34,2023-02-27
2740,Chenango,35-49,2024-06-19
2741,Otsego,65+,2023-10-29
2742,Broome,35-49,2023-11-27
2743,Broome,50-64,2025-02-26
2744,Tompkins,35-49,2023-06-14
2745,Tompkins,0-17,2025-05-16
2746,Broome,18-34,2024-09-10
2747,Tompkins,35-49,2025-02-22
2748,Otsego,50-64,2023-07-02
2749,Broome,35-49,2024-12-06
2750,Tioga,18-34,2024-03-05
2751,Delaware,18-34,2024-09-22
2752,Broome,0-17,2025-10-04
2753,Broome,0-17,2025-05-05
2754,Tompkins,35-49,2025-06-01
2755,Broome,18-34,2023-10-03
2756,Broome,0-17,2023-08-14
2757,Tompkins,50-64,2024-01-16
2758,Broome,50-64,2024-01-28
2759,Broome,50-64,2025-04-17
2760,Tompkins,65+,2023-08-12
2761,Tioga,0-17,2024-08-23
2762,Broome,0-17,2023-05-12
2763,Broome,35-49,2025-09-05
2764,Tompkins,50-64,2023-01-20
2765,Broome,50-64,2023-01-15
2766,Otsego,50-64,2023-03-27
2767,Broome,35-49,2023-01-15
2768,Broome,35-49,2024-06-28
2769,Delaware,18-34,2024-11-21
2770,Otsego,18-34,2024-12-03
2771,Delaware,50-64,2025-01-09
2772,Otsego,18-34,2023-04-28
2773,Delaware,50-64,2023-07-25
2774,Broome,50-64,2025-04-02
2775,Chenango,50-64,2023-10-12
2776,Broome,0-17,2025-12-22
2777,Broome,35-49,2024-05-24
2778,Broome,35-49,2025-08-31
2779,Tompkins,35-49,2023-01-07
2780,Delaware,65+,2024-10-21
2781,Broome,18-34,2023-04-04
2782,Delaware,50-64,2025-06-28
2783,Broome,18-34,2023-06-16
2784,Broome,65+,2025-09-02
2785,Delaware,50-64,2023-07-25
2786,Chenango,18-34,2024-02-04
2787,Chenango,50-64,2025-10-30
2788,Broome,18-34,2023-06-28
2789,Broome,35-49,2026-01-28
2790,Delaware,18-34,2025-07-02
2791,Delaware,18-34,2026-01-12
2792,Broome,0-17,2023-07-03
2793,Broome,65+,2023-03-01
2794,Broome,65+,2025-02-24
2795,Chenango,18-34,2024-06-11
2796,Otsego,65+,2023-09-10
2797,Otsego,65+,2025-10-04
2798,Broome,35-49,2024-04-03
2799,Delaware,50-64,2023-05-13
2800,Otsego,18-34,2025-02-20
2801,Otsego,50-64,2025-06-13
2802,Tioga,18-34,2023-08-25
2803,Broome,0-17,2024-11-27
2804,Chenango,65+,2023-08-26
2805,Otsego,0-17,2024-10-03
2806,Delaware,35-49,2023-01-04
2807,Broome,35-49,2024-01-24
2808,Tioga,65+,2024-10-16
2809,Chenango,50-64,2023-09-16
2810,Tompkins,35-49,2024-03-30
2811,Broome,0-17,2025-08-01
2812,Broome,50-64,2024-08-30
2813,Tioga,18-34,2025-07-22
2814,Broome,18-34,2023-03-12
2815,Otsego,18-34,2023-09-10
2816,Broome,50-64,2025-09-06
2817,Otsego,0-17,2024-08-19
2818,Chenango,18-34,2024-11-13
2819,Broome,35-49,2024-04-05
2820,Chenango,0-17,2024-01-02
2821,Tioga,50-64,2024-09-04
2822,Delaware,35-49,2023-11-23
2823,Delaware,35-49,2024-11-22
2824,Tompkins,18-34,2024-12-14
2825,Chenango,18-34,2025-12-17
2826,Chenango,18-34,2024-02-04
2827,Chenango,35-49,2023-07-19
2828,Broome,50-64,2023-04-21
2829,Tioga,35-49,2025-07-26
2830,Otsego,35-49,2025-06-23
2831,Chenango,18-34,2023-10-24
2832,Broome,50-64,2024-02-05
2833,Chenango,0-17,2023-07-28
2834,Otsego,65+,2023-10-30
2835,Broome,65+,2023-12-11
2836,Delaware,0-17,2025-08-28
2837,Broome,0-17,2025-11-21
2838,Otsego,35-49,2023-11-01
2839,Otsego,18-34,2023-03-11
2840,Broome,18-34,2024-09-11
2841,Chenango,65+,2025-02-07
2842,Chenango,65+,2023-07-03
2843,Chenango,50-64,2025-02-21
2844,Broome,35-49,2025-01-22
2845,Broome,0-17,2023-09-07
2846,Tompkins,35-49,2025-11-09
2847,Broome,35-49,2025-09-09
2848,Broome,50-64,2024-01-06
2849,Tompkins,65+,2025-06-07
2850,Broome,0-17,2024-10-28
2851,Broome,50-64,2026-01-05
2852,Broome,50-64,2023-02-10
2853,Tompkins,50-64,2025-12-21
2854,Tompkins,35-49,2026-01-08
2855,Chenango,50-64,2023-09-12
2856,Chenango,0-17,2023-08-29
2857,Broome,35-49,2024-01-04
2858,Broome,18-34,2024-10-05
2859,Broome,0-17,2024-02-27
2860,Otsego,0-17,2024-06-09
2861,Tioga,0-17,2023-09-13
2862,Tompkins,18-34,2026-01-19
2863,Broome,65+,2023-01-01
2864,Broome,0-17,2025-11-29
2865,Tioga,18-34,2025-12-29
2866,Tompkins,35-49,2024-10-02
2867,Tompkins,65+,2024-12-22
2868,Otsego,35-49,2023-07-22
2869,Otsego,0-17,2023-03-17
2870,Broome,18-34,2024-03-16
2871,Delaware,35-49,2024-03-18
2872,Otsego,18-34,2025-05-14
2873,Broome,18-34,2025-02-20
2874,Otsego,0-17,2025-07-23
2875,Broome,18-34,2025-05-21
2876,Delaware,0-17,2024-02-22
2877,Broome,50-64,2024-01-30
2878,Chenango,35-49,2025-11-13
2879,Otsego,18-34,2023-11-11
2880,Broome,50-64,2025-02-15
2881,Broome,35-49,2023-06-08
2882,Broome,35-49,2026-01-28
2883,Tompkins,18-34,2023-07-02
2884,Broome,18-34,2024-07-13
2885,Broome,50-64,2024-07-14
2886,Broome,18-34,2024-03-31
2887,Broome,0-17,2023-09-10
2888,Broome,50-64,2024-09-19
2889,Otsego,50-64,2023-07-15
2890,Tompkins,35-49,2024-07-31
2891,Tompkins,35-49,2023-04-09
2892,Broome,65+,2025-03-08
2893,Broome,50-64,2025-12-24
2894,Tompkins,50-64,2025-04-04
2895,Tompkins,0-17,2023-01-20
2896,Chenango,35-49,2023-09-16
2897,Broome,35-49,2024-07-01
2898,Broome,50-64,2025-01-28
2899,Chenango,18-34,2025-05-06
2900,Chenango,0-17,2024-12-25
2901,Chenango,35-49,2024-07-18
2902,Delaware,35-49,2024-04-13
2903,Broome,50-64,2024-09-17
2904,Tompkins,18-34,2023-07-04
2905,Otsego,0-17,2024-05-06
2906,Delaware,0-17,2023-04-28
2907,Broome,18-34,2025-10-06
2908,Tioga,0-17,2025-05-18
2909,Otsego,65+,2023-10-07
2910,Tompkins,35-49,2025-12-26
2911,Chenango,18-34,2024-01-25
2912,Delaware,50-64,2025-05-20
2913,Chenango,50-64,2024-05-15
2914,Delaware,35-49,2025-12-17
2915,Chenango,0-17,2025-07-07
2916,Delaware,35-49,2025-12-08
2917,Tioga,0-17,2025-01-21
2918,Tioga,35-49,2023-04-15
2919,Tompkins,18-34,2025-02-03
2920,Delaware,18-34,2024-05-26
2921,Tioga,50-64,2023-08-30
2922,Broome,18-34,2024-06-26
2923,Broome,50-64,2025-03-17
2924,Broome,18-34,2025-11-21
2925,Tioga,0-17,2025-08-06
2926,Tioga,50-64,2023-04-28
2927,Broome,35-49,2024-11-03
2928,Broome,0-17,2024-12-17
2929,Tioga,0-17,2024-12-27
2930,Broome,18-34,2024-02-09
2931,Broome,35-49,2023-11-11
2932,Tompkins,65+,2023-01-15
2933,Broome,35-49,2024-04-08
2934,Tompkins,18-34,2025-01-16
2935,Tompkins,0-17,2024-07-05
2936,Broome,18-34,2025-06-18
2937,Broome,18-34,2025-06-07
2938,Broome,50-64,2024-02-11
2939,Broome,18-34,2023-10-01
2940,Tompkins,50-64,2023-03-06
2941,Broome,0-17,2025-09-08
2942,Delaware,65+,2023-09-01
2943,Tompkins,35-49,2023-09-18
2944,Broome,50-64,2025-03-29
2945,Tompkins,65+,2025-03-07
2946,Broome,65+,2023-02-13
2947,Broome,18-34,2023-01-28
2948,Chenango,18-34,2024-12-01
2949,Tompkins,35-49,2023-01-17
2950,Tompkins,18-34,2025-09-22
2951,Broome,18-34,2023-11-09
2952,Chenango,0-17,2024-07-29
2953,Chenango,50-64,2024-05-21
2954,Otsego,18-34,2025-08-28
2955,Chenango,50-64,2025-10-25
2956,Otsego,0-17,2023-11-01
2957,Broome,0-17,2023-03-20
2958,Broome,0-17,2023-10-27
2959,Tompkins,35-49,2023-07-06
2960,Tioga,18-34,2025-12-11
2961,Broome,35-49,2024-04-18
2962,Broome,18-34,2023-05-06
2963,Tompkins,35-49,2024-09-15
2964,Broome,18-34,2024-12-19
2965,Chenango,18-34,2023-04-08
2966,Broome,0-17,2024-10-20
2967,Broome,18-34,2023-07-26
2968,Tompkins,18-34,2025-10-03
2969,Broome,18-34,2023-07-18
2970,Otsego,35-49,2023-09-24
2971,Broome,50-64,2025-01-10
2972,Chenango,35-49,2025-01-31
2973,Broome,18-34,2025-02-25
2974,Broome,0-17,2023-09-04
2975,Broome,65+,2024-01-26
2976,Broome,18-34,2023-07-22
2977,Broome,35-49,2024-12-03
2978,Broome,18-34,2024-02-18
2979,Tompkins,0-17,2023-09-19
2980,Broome,35-49,2024-06-01
2981,Tioga,50-64,2026-02-21
2982,Delaware,50-64,2025-07-07
2983,Otsego,0-17,2025-06-12
2984,Broome,18-34,2025-10-28
2985,Chenango,0-17,2024-07-15
2986,Chenango,0-17,2023-04-04
2987,Delaware,0-17,2024-01-25
2988,Chenango,18-34,2025-12-26
2989,Tioga,65+,2023-12-05
2990,Tompkins,35-49,2026-02-25
2991,Chenango,18-34,2024-07-10
2992,Broome,0-17,2024-03-22
2993,Otsego,0-17,2025-11-16
2994,Tompkins,35-49,2025-12-11
2995,Broome,50-64,2024-08-29
2996,Chenango,35-49,2023-12-17
2997,Broome,35-49,2024-08-20
2998,Broome,0-17,2024-07-22
2999,Delaware,18-34,2023-04-16
3000,Otsego,18-34,2024-03-06
3001,Tompkins,0-17,2024-12-12
3002,Otsego,65+,2024-10-26
3003,Broome,35-49,2026-01-29
3004,Broome,0-17,2024-08-26
3005,Broome,0-17,2023-01-22
3006,Tioga,0-17,2024-07-26
3007,Broome,65+,2026-01-05
3008,Otsego,50-64,2023-08-06
3009,Chenango,35-49,2024-06-11
3010,Tioga,35-49,2026-02-02
3011,Broome,18-34,2024-10-26
3012,Broome,35-49,2025-03-20
3013,Broome,18-34,2025-06-07
3014,Broome,50-64,2023-07-11
3015,Tompkins,18-34,2023-12-27
3016,Broome,18-34,2024-01-05
3017,Otsego,0-17,2023-11-30
3018,Tioga,50-64,2024-01-20
3019,Broome,0-17,2024-05-17
3020,Tompkins,35-49,2025-04-04
3021,Broome,35-49,2023-01-25
3022,Otsego,18-34,2023-02-12
3023,Broome,0-17,2023-03-31
3024,Broome,50-64,2024-07-02
3025,Broome,35-49,2023-01-28
3026,Chenango,0-17,2023-08-06
3027,Tompkins,50-64,2023-06-24
3028,Broome,18-34,2026-02-26
3029,Tioga,50-64,2024-09-21
3030,Broome,0-17,2023-04-25
3031,Tompkins,18-34,2026-01-18
3032,Broome,50-64,2023-07-30
3033,Tompkins,0-17,2025-04-30
3034,Broome,65+,2023-02-19
3035,Broome,18-34,2024-12-24
3036,Otsego,18-34,2025-02-26
3037,Chenango,35-49,2023-08-19
3038,Tompkins,65+,2024-04-04
3039,Broome,65+,2025-01-01
3040,Broome,18-34,2025-01-08
3041,Delaware,65+,2023-03-30
3042,Otsego,0-17,2025-12-22
3043,Broome,0-17,2025-05-20
3044,Broome,35-49,2024-09-09
3045,Otsego,18-34,2023-08-01
3046,Broome,18-34,2025-01-25
3047,Delaware,50-64,2023-06-06
3048,Chenango,50-64,2023-11-01
3049,Chenango,0-17,2023-10-30
3050,Tompkins,50-64,2025-09-06
3051,Tioga,0-17,2025-05-25
3052,Delaware,18-34,2023-07-05
3053,Broome,0-17,2025-02-27
3054,Broome,18-34,2025-09-12
3055,Chenango,18-34,2024-11-13
3056,Broome,65+,2024-05-18
3057,Tompkins,35-49,2026-01-08
3058,Tompkins,35-49,2024-04-16
3059,Tompkins,35-49,2025-05-13
3060,Tompkins,50-64,2024-03-25
3061,Chenango,18-34,2023-01-06
3062,Broome,50-64,2025-01-12
3063,Tompkins,65+,2023-08-14
3064,Broome,18-34,2023-10-13
3065,Broome,0-17,2026-02-03
3066,Delaware,65+,2024-05-11
3067,Broome,18-34,2023-10-10
3068,Broome,35-49,2023-10-21
3069,Broome,0-17,2025-05-19
3070,Broome,35-49,2023-06-01
3071,Tompkins,35-49,2023-11-20
3072,Broome,18-34,2023-06-11
3073,Broome,0-17,2025-05-02
3074,Broome,0-17,2023-10-14
3075,Chenango,35-49,2024-09-05
3076,Tompkins,50-64,2025-06-28
3077,Chenango,35-49,2024-08-10
3078,Broome,0-17,2023-03-07
3079,Otsego,0-17,2023-11-25
3080,Broome,50-64,2025-07-19
3081,Tompkins,50-64,2025-10-24
3082,Broome,18-34,2023-11-18
3083,Broome,0-17,2025-02-12
3084,Delaware,0-17,2024-03-09
3085,Tompkins,0-17,2025-03-14
3086,Broome,50-64,2026-02-19
3087,Otsego,0-17,2025-08-17
3088,Tompkins,35-49,2025-04-09
3089,Tioga,0-17,2025-01-30
3090,Otsego,0-17,2023-08-11
3091,Broome,18-34,2024-11-18
3092,Broome,18-34,2026-01-14
3093,Broome,0-17,2023-01-23
3094,Chenango,18-34,2026-02-03
3095,Broome,65+,2024-05-07
3096,Broome,65+,2023-04-02
3097,Otsego,50-64,2023-04-04
3098,Broome,0-17,2024-09-24
3099,Broome,18-34,2024-08-01
3100,Delaware,35-49,2024-10-06
3101,Chenango,50-64,2023-09-23
3102,Chenango,0-17,2025-04-14
3103,Tioga,35-49,2025-10-25
3104,Tioga,0-17,2025-02-21
3105,Tompkins,50-64,2023-03-18
3106,Broome,0-17,2025-08-06
3107,Broome,35-49,2024-04-19
3108,Tioga,50-64,2023-10-16
3109,Chenango,0-17,2025-10-24
3110,Tompkins,50-64,2025-12-07
3111,Delaware,18-34,2023-09-26
3112,Broome,18-34,2025-06-01
3113,Broome,35-49,2025-03-04
3114,Broome,65+,2023-06-03
3115,Delaware,35-49,2025-10-15
3116,Broome,0-17,2024-09-25
3117,Tompkins,65+,2023-06-28
3118,Tompkins,18-34,2023-12-14
3119,Delaware,0-17,2024-07-27
3120,Otsego,18-34,2023-05-26
3121,Broome,50-64,2024-06-12
3122,Delaware,65+,2025-06-24
3123,Otsego,0-17,2023-09-11
3124,Delaware,18-34,2025-01-14
3125,Tioga,18-34,2023-09-22
3126,Tompkins,35-49,2024-10-04
3127,Broome,35-49,2025-11-02
3128,Tompkins,50-64,2023-03-29
3129,Otsego,35-49,2024-05-16
3130,Chenango,35-49,2023-11-13
3131,Tioga,18-34,2023-11-21
3132,Otsego,50-64,2024-04-01
3133,Tompkins,18-34,2023-07-11
3134,Broome,18-34,2025-12-31
3135,Tioga,18-34,2023-06-25
3136,Broome,0-17,2025-03-23
3137,Chenango,0-17,2024-11-04
3138,Broome,18-34,2025-09-22
3139,Broome,50-64,2023-08-23
3140,Broome,0-17,2023-11-15
3141,Delaware,0-17,2024-03-13
3142,Broome,0-17,2025-02-17
3143,Broome,50-64,2025-05-30
3144,Delaware,0-17,2024-03-09
3145,Tioga,65+,2025-05-16
3146,Broome,35-49,2023-06-21
3147,Broome,18-34,2023-06-17
3148,Broome,35-49,2025-05-09
3149,Tompkins,35-49,2024-06-15
3150,Broome,0-17,2025-05-27
3151,Broome,50-64,2023-12-03
3152,Broome,65+,2025-09-13
3153,Tompkins,35-49,2023-11-26
3154,Delaware,18-34,2025-03-07
3155,Tioga,35-49,2024-02-11
3156,Broome,35-49,2023-10-24
3157,Broome,65+,2024-10-10
3158,Broome,50-64,2023-10-30
3159,Tompkins,18-34,2025-04-12
3160,Broome,50-64,2025-07-11
3161,Delaware,50-64,2025-07-09
3162,Otsego,35-49,2023-03-16
3163,Broome,65+,2025-05-10
3164,Chenango,50-64,2025-02-12
3165,Broome,0-17,2024-01-27
3166,Delaware,35-49,2023-01-30
3167,Broome,18-34,2024-09-10
3168,Tioga,35-49,2023-09-13
3169,Chenango,35-49,2025-07-22
3170,Tompkins,18-34,2026-01-15
3171,Tompkins,65+,2024-11-18
3172,Broome,0-17,2025-05-27
3173,Broome,35-49,2023-11-30
3174,Tompkins,18-34,2025-06-14
3175,Otsego,35-49,2023-07-23
3176,Delaware,50-64,2023-08-01
3177,Broome,0-17,2025-04-22
3178,Broome,50-64,2026-01-20
3179,Broome,18-34,2023-03-08
3180,Otsego,50-64,2024-03-09
3181,Broome,18-34,2025-02-19
3182,Broome,50-64,2023-09-12
3183,Broome,50-64,2025-08-08
3184,Tompkins,50-64,2025-03-21
3185,Broome,18-34,2024-04-03
3186,Tompkins,18-34,2024-06-25
3187,Broome,50-64,2025-04-29
3188,Otsego,0-17,2025-04-29
3189,Broome,0-17,2025-02-05
3190,Tioga,35-49,2024-10-12
3191,Broome,65+,2025-05-30
3192,Broome,65+,2024-01-30
3193,Otsego,18-34,2023-04-16
3194,Tioga,35-49,2023-09-21
3195,Delaware,18-34,2023-12-22
3196,Tompkins,18-34,2023-11-21
3197,Tompkins,0-17,2023-09-16
3198,Tompkins,35-49,2025-03-13
3199,Tioga,35-49,2024-06-16
3200,Tioga,0-17,2024-10-22
3201,Broome,0-17,2025-06-14
3202,Broome,50-64,2023-11-10
3203,Broome,35-49,2023-06-11
3204,Otsego,0-17,2023-09-25
3205,Delaware,35-49,2025-01-03
3206,Broome,35-49,2024-03-30
3207,Broome,35-49,2024-05-17
3208,Chenango,50-64,2025-02-13
3209,Chenango,35-49,2024-07-17
3210,Broome,0-17,2023-02-17
3211,Otsego,35-49,2023-07-31
3212,Broome,65+,2023-09-09
3213,Broome,18-34,2024-01-05
3214,Broome,18-34,2025-01-10
3215,Delaware,0-17,2023-07-26
3216,Tompkins,0-17,2023-05-31
3217,Tompkins,35-49,2024-03-06
3218,Chenango,18-34,2024-10-04
3219,Otsego,18-34,2023-11-26
3220,Broome,0-17,2024-01-01
3221,Otsego,35-49,2023-03-06
3222,Broome,18-34,2024-12-11
3223,Tompkins,35-49,2026-01-24
3224,Broome,35-49,2024-06-05
3225,Delaware,0-17,2023-03-02
3226,Tompkins,35-49,2023-11-09
3227,Broome,18-34,2024-03-20
3228,Broome,0-17,2023-06-20
3229,Chenango,65+,2024-07-02
3230,Broome,0-17,2023-07-08
3231,Broome,35-49,2024-08-25
3232,Tompkins,50-64,2025-06-12
3233,Tompkins,18-34,2024-01-31
3234,Broome,0-17,2024-07-29
3235,Delaware,0-17,2024-09-30
3236,Broome,0-17,2025-09-26
3237,Tompkins,18-34,2024-07-10
3238,Tioga,35-49,2025-02-23
3239,Tompkins,35-49,2025-02-04
3240,Tioga,50-64,2025-07-09
3241,Broome,0-17,2025-11-13
3242,Broome,18-34,2025-12-22
3243,Broome,0-17,2024-01-04
3244,Tioga,18-34,2024-01-16
3245,Broome,0-17,2025-01-31
3246,Broome,50-64,2023-09-08
3247,Broome,35-49,2024-11-04
3248,Broome,35-49,2024-10-20
3249,Tioga,35-49,2025-02-28
3250,Broome,0-17,2024-03-21
3251,Broome,18-34,2023-06-03
3252,Otsego,35-49,2025-06-10
3253,Broome,18-34,2024-02-08
3254,Broome,18-34,2023-04-06
3255,Delaware,18-34,2023-09-12
3256,Tompkins,35-49,2025-02-23
3257,Broome,0-17,2023-02-06
3258,Otsego,50-64,2023-01-10
3259,Delaware,18-34,2025-04-04
3260,Broome,35-49,2025-12-16
3261,Broome,35-49,2023-05-23
3262,Tompkins,50-64,2025-04-30
3263,Chenango,18-34,2024-12-09
3264,Tompkins,35-49,2024-10-03
3265,Tompkins,0-17,2024-09-03
3266,Chenango,18-34,2023-09-06
3267,Tioga,65+,2023-07-30
3268,Broome,0-17,2023-01-22
3269,Broome,65+,2025-06-11
3270,Broome,0-17,2025-01-25
3271,Tioga,35-49,2023-01-11
3272,Delaware,50-64,2024-06-15
3273,Tioga,0-17,2023-04-09
3274,Delaware,0-17,2024-11-05
3275,Chenango,50-64,2025-02-16
3276,Broome,0-17,2023-10-10
3277,Otsego,0-17,2024-10-15
3278,Tioga,50-64,2025-04-26
3279,Otsego,35-49,2025-12-04
3280,Tompkins,35-49,2025-09-30
3281,Delaware,18-34,2025-09-15
3282,Broome,18-34,2024-08-29
3283,Chenango,18-34,2024-05-11
3284,Otsego,50-64,2024-02-26
3285,Chenango,0-17,2025-10-09
3286,Broome,0-17,2024-03-18
3287,Tompkins,18-34,2025-09-25
3288,Broome,0-17,2025-12-16
3289,Tompkins,18-34,2024-09-30
3290,Chenango,35-49,2025-10-30
3291,Broome,0-17,2025-01-14
3292,Tompkins,18-34,2025-11-17
3293,Broome,18-34,2023-05-21
3294,Broome,0-17,2024-09-21
3295,Delaware,35-49,2023-07-29
3296,Broome,50-64,2023-08-14
3297,Broome,50-64,2024-01-19
3298,Broome,18-34,2025-12-23
3299,Tompkins,18-34,2026-02-01
3300,Broome,18-34,2023-11-05
3301,Tompkins,18-34,2024-11-14
3302,Broome,18-34,2023-07-20
3303,Broome,18-34,2025-05-15
3304,Broome,0-17,2023-12-28
3305,Otsego,35-49,2025-10-07
3306,Tompkins,0-17,2023-04-13
3307,Otsego,65+,2024-03-25
3308,Broome,50-64,2024-06-29
3309,Broome,35-49,2024-07-18
3310,Broome,35-49,2025-04-08
3311,Tompkins,0-17,2024-07-03
3312,Tompkins,0-17,2024-02-21
3313,Broome,18-34,2024-08-12
3314,Chenango,0-17,2025-10-27
3315,Tioga,35-49,2024-09-17
3316,Tioga,35-49,2023-12-15
3317,Broome,0-17,2024-01-19
3318,Broome,18-34,2023-01-27
3319,Otsego,18-34,2023-02-12
3320,Broome,18-34,2023-06-07
3321,Broome,50-64,2023-01-20
3322,Otsego,65+,2023-01-03
3323,Tompkins,18-34,2023-08-13
3324,Broome,0-17,2024-08-18
3325,Tioga,35-49,2023-12-09
3326,Chenango,50-64,2023-07-24
3327,Broome,50-64,2025-07-15
3328,Tompkins,18-34,2026-01-22
3329,Broome,18-34,2025-01-16
3330,Tompkins,50-64,2024-09-08
3331,Chenango,50-64,2025-09-18
3332,Broome,35-49,2023-02-12
3333,Broome,18-34,2024-03-27
3334,Otsego,0-17,2025-10-16
3335,Broome,35-49,2025-06-01
3336,Broome,50-64,2024-02-01
3337,Delaware,18-34,2023-08-10
3338,Delaware,50-64,2026-01-20
3339,Tioga,18-34,2025-12-15
3340,Broome,65+,2024-12-15
3341,Tioga,18-34,2025-05-04
3342,Delaware,18-34,2024-01-26
3343,Broome,35-49,2024-12-04
3344,Tioga,0-17,2025-07-20
3345,Otsego,50-64,2024-12-11
3346,Broome,65+,2025-10-18
3347,Delaware,0-17,2023-11-04
3348,Tompkins,18-34,2026-02-17
3349,Otsego,18-34,2024-08-13
3350,Broome,18-34,2025-07-18
3351,Broome,18-34,2023-09-10
3352,Broome,18-34,2025-05-31
3353,Broome,50-64,2023-04-13
3354,Broome,18-34,2024-08-03
3355,Chenango,35-49,2026-02-22
3356,Broome,0-17,2024-07-08
3357,Broome,50-64,2025-06-03
3358,Otsego,0-17,2024-03-24
3359,Broome,65+,2024-05-24
3360,Tioga,35-49,2025-05-15
3361,Tompkins,50-64,2024-06-19
3362,Delaware,35-49,2023-12-21
3363,Otsego,35-49,2024-10-22
3364,Tioga,0-17,2024-02-13
3365,Broome,18-34,2024-02-13
3366,Broome,0-17,2025-08-02
3367,Tompkins,18-34,2025-06-13
3368,Broome,35-49,2024-10-03
3369,Tompkins,35-49,2025-01-02
3370,Tompkins,18-34,2025-05-11
3371,Delaware,18-34,2026-02-18
3372,Broome,50-64,2023-07-01
3373,Chenango,35-49,2024-09-11
3374,Chenango,35-49,2025-02-03
3375,Broome,35-49,2024-08-23
3376,Broome,50-64,2023-09-15
3377,Tompkins,0-17,2025-11-26
3378,Tompkins,0-17,2023-04-23
3379,Broome,65+,2023-08-08
3380,Broome,0-17,2024-08-18
3381,Otsego,35-49,2023-05-05
3382,Broome,35-49,2025-11-12
3383,Chenango,0-17,2024-02-24
3384,Tompkins,35-49,2025-10-11
3385,Broome,50-64,2023-11-13
3386,Broome,18-34,2023-01-14
3387,Tioga,35-49,2024-02-16
3388,Broome,0-17,2023-09-05
3389,Tompkins,18-34,2023-08-01
3390,Tompkins,50-64,2025-06-27
3391,Tompkins,65+,2024-09-06
3392,Tompkins,65+,2024-04-26
3393,Tioga,35-49,2025-06-18
3394,Tioga,35-49,2025-06-04
3395,Broome,0-17,2023-10-18
3396,Tioga,35-49,2023-12-16
3397,Tompkins,35-49,2024-02-15
3398,Tompkins,18-34,2023-07-24
3399,Delaware,18-34,2024-07-17
3400,Tompkins,35-49,2023-08-08
3401,Tompkins,50-64,2023-10-31
3402,Broome,18-34,2026-03-01
3403,Tompkins,35-49,2023-03-11
3404,Otsego,50-64,2025-06-29
3405,Broome,50-64,2023-10-13
3406,Tompkins,50-64,2024-07-21
3407,Broome,0-17,2025-10-22
3408,Tioga,35-49,2024-12-15
3409,Tioga,35-49,2025-11-16
3410,Broome,35-49,2024-12-21
3411,Otsego,35-49,2025-07-30
3412,Chenango,50-64,2024-07-24
3413,Chenango,35-49,2025-03-17
3414,Broome,50-64,2025-09-17
3415,Broome,18-34,2024-01-05
3416,Otsego,65+,2025-12-12
3417,Broome,35-49,2024-12-13
3418,Otsego,50-64,2023-05-19
3419,Broome,50-64,2023-11-22
3420,Broome,35-49,2025-10-19
3421,Delaware,18-34,2024-04-19
3422,Delaware,50-64,2024-04-29
3423,Broome,50-64,2025-02-25
3424,Chenango,18-34,2023-05-12
3425,Broome,18-34,2023-03-18
3426,Tioga,0-17,2025-02-05
3427,Otsego,50-64,2023-12-23
3428,Broome,35-49,2025-02-12
3429,Broome,35-49,2026-02-13
3430,Broome,18-34,2025-06-15
3431,Otsego,18-34,2023-11-28
3432,Tompkins,35-49,2024-01-29
3433,Broome,0-17,2023-07-17
3434,Broome,50-64,2023-01-11
3435,Broome,18-34,2026-01-24
3436,Tioga,18-34,2025-12-17
3437,Tompkins,50-64,2025-08-28
3438,Tompkins,18-34,2026-02-18
3439,Tioga,50-64,2025-06-17
3440,Tompkins,18-34,2023-05-26
3441,Otsego,0-17,2025-11-25
3442,Broome,0-17,2024-04-17
3443,Broome,35-49,2023-02-16
3444,Broome,65+,2024-05-29
3445,Tompkins,18-34,2023-11-20
3446,Delaware,0-17,2024-05-09
3447,Tioga,65+,2025-10-21
3448,Broome,35-49,2026-01-23
3449,Chenango,0-17,2025-08-22
3450,Delaware,65+,2023-03-03
3451,Broome,18-34,2024-02-15
3452,Broome,50-64,2023-10-13
3453,Broome,50-64,2024-11-06
3454,Delaware,35-49,2023-05-08
3455,Broome,0-17,2026-02-28
3456,Tioga,35-49,2023-03-14
3457,Broome,0-17,2025-05-02
3458,Otsego,35-49,2023-06-15
3459,Tioga,18-34,2023-09-23
3460,Broome,0-17,2023-03-14
3461,Tompkins,18-34,2024-12-18
3462,Tompkins,18-34,2024-04-11
3463,Broome,0-17,2024-02-06
3464,Tompkins,50-64,2023-02-07
3465,Tompkins,0-17,2025-02-11
3466,Chenango,18-34,2025-05-24
3467,Tompkins,0-17,2023-08-30
3468,Tioga,65+,2025-01-23
3469,Broome,18-34,2023-04-29
3470,Broome,0-17,2023-01-21
3471,Broome,50-64,2026-01-03
3472,Otsego,65+,2023-01-31
3473,Tioga,18-34,2023-04-27
3474,Broome,0-17,2024-01-05
3475,Broome,18-34,2024-05-15
3476,Delaware,0-17,2025-03-25
3477,Tompkins,0-17,2023-06-07
3478,Broome,65+,2024-02-26
3479,Tompkins,50-64,2025-01-01
3480,Tioga,50-64,2025-06-27
3481,Chenango,65+,2026-02-03
3482,Broome,35-49,2025-12-14
3483,Tioga,18-34,2026-01-13
3484,Tompkins,0-17,2025-04-21
3485,Chenango,35-49,2024-07-26
3486,Broome,65+,2025-12-02
3487,Broome,50-64,2024-03-07
3488,Broome,50-64,2023-10-18
3489,Broome,18-34,2025-06-20
3490,Otsego,18-34,2023-08-22
3491,Broome,50-64,2024-07-07
3492,Broome,18-34,2023-06-23
3493,Broome,50-64,2025-02-25
3494,Tompkins,50-64,2025-02-26
3495,Tompkins,18-34,2025-02-15
3496,Broome,18-34,2023-04-18
3497,Otsego,0-17,2024-12-13
3498,Delaware,65+,2024-11-19
3499,Delaware,50-64,2024-03-19
3500,Chenango,18-34,2025-06-07
3501,Tioga,50-64,2023-04-27
3502,Tioga,35-49,2024-08-11
3503,Tioga,65+,2025-08-07
3504,Tompkins,35-49,2025-11-28
3505,Broome,65+,2025-08-15
3506,Chenango,65+,2023-09-28
3507,Tioga,18-34,2024-07-15
3508,Broome,18-34,2026-01-16
3509,Broome,35-49,2023-03-21
3510,Otsego,18-34,2024-05-28
3511,Chenango,50-64,2023-01-26
3512,Broome,35-49,2024-10-19
3513,Tioga,50-64,2025-06-27
3514,Tompkins,18-34,2025-08-13
3515,Broome,18-34,2026-02-13
3516,Broome,0-17,2023-06-12
3517,Broome,35-49,2024-10-05
3518,Delaware,18-34,2024-06-12
3519,Chenango,18-34,2025-10-10
3520,Broome,35-49,2023-10-28
3521,Tioga,35-49,2024-04-21
3522,Broome,0-17,2025-11-03
3523,Tioga,35-49,2023-03-27
3524,Tompkins,18-34,2024-06-14
3525,Delaware,0-17,2024-12-24
3526,Tompkins,0-17,2024-04-25
3527,Broome,0-17,2025-06-27
3528,Broome,0-17,2024-02-22
3529,Broome,18-34,2025-05-01
3530,Broome,18-34,2024-08-02
3531,Broome,18-34,2025-01-07
3532,Broome,18-34,2025-02-06
3533,Tompkins,65+,2023-03-05
3534,Broome,0-17,2023-11-04
3535,Delaware,0-17,2024-03-09
3536,Tioga,35-49,2025-11-06
3537,Chenango,35-49,2024-03-16
3538,Broome,35-49,2023-11-04
3539,Tompkins,65+,2023-06-10
3540,Delaware,65+,2024-04-04
3541,Otsego,65+,2026-01-27
3542,Chenango,35-49,2023-09-06
3543,Tioga,35-49,2023-04-16
3544,Otsego,35-49,2025-12-01
3545,Tompkins,18-34,2024-08-23
3546,Delaware,18-34,2025-01-11
3547,Broome,18-34,2023-08-25
3548,Chenango,18-34,2025-04-19
3549,Broome,18-34,2025-11-01
3550,Broome,18-34,2025-09-18
3551,Otsego,18-34,2025-05-07
3552,Broome,50-64,2023-09-14
3553,Delaware,18-34,2025-04-14
3554,Otsego,35-49,2024-06-17
3555,Chenango,18-34,2023-08-30
3556,Broome,18-34,2023-10-31
3557,Otsego,35-49,2024-02-10
3558,Tioga,50-64,2023-02-01
3559,Broome,18-34,2026-02-09
3560,Chenango,18-34,2023-07-26
3561,Broome,0-17,2025-06-02
3562,Broome,0-17,2023-05-30
3563,Broome,50-64,2025-03-05
3564,Tioga,18-34,2025-04-03
3565,Chenango,18-34,2024-08-23
3566,Broome,50-64,2024-11-20
3567,Otsego,35-49,2023-04-03
3568,Broome,65+,2025-07-08
3569,Delaware,35-49,2025-06-11
3570,Broome,18-34,2023-10-03
3571,Chenango,50-64,2025-11-09
3572,Broome,50-64,2025-01-27
3573,Otsego,18-34,2024-10-18
3574,Tompkins,35-49,2024-07-26
3575,Delaware,0-17,2024-08-31
3576,Tompkins,0-17,2025-11-26
3577,Tioga,35-49,2025-05-23
3578,Broome,18-34,2024-01-01
3579,Delaware,0-17,2024-03-07
3580,Tompkins,18-34,2024-10-05
3581,Broome,18-34,2023-08-31
3582,Broome,18-34,2024-04-03
3583,Tioga,18-34,2024-06-15
3584,Delaware,50-64,2024-04-19
3585,Otsego,0-17,2024-02-28
3586,Tompkins,35-49,2023-12-12
3587,Broome,50-64,2026-01-10
3588,Tompkins,0-17,2025-09-27
3589,Tioga,0-17,2024-02-21
3590,Broome,65+,2025-05-23
3591,Chenango,35-49,2025-07-18
3592,Broome,0-17,2023-09-03
3593,Tompkins,18-34,2024-06-22
3594,Broome,0-17,2024-07-24
3595,Chenango,0-17,2024-12-25
3596,Tioga,50-64,2024-03-31
3597,Chenango,18-34,2025-11-04
3598,Broome,18-34,2025-11-16
3599,Otsego,0-17,2024-10-06
3600,Tioga,0-17,2023-07-25
3601,Delaware,50-64,2024-10-12
3602,Broome,35-49,2023-03-14
3603,Delaware,35-49,2024-05-18
3604,Broome,18-34,2024-03-26
3605,Otsego,18-34,2023-11-07
3606,Tompkins,0-17,2025-10-14
3607,Broome,0-17,2023-07-01
3608,Delaware,50-64,2024-03-14
3609,Broome,0-17,2026-02-16
3610,Otsego,35-49,2023-03-21
3611,Tompkins,18-34,2025-02-17
3612,Otsego,18-34,2024-12-15
3613,Tompkins,35-49,2024-01-04
3614,Tioga,50-64,2024-08-21
3615,Otsego,18-34,2025-03-14
3616,Otsego,35-49,2024-08-28
3617,Broome,0-17,2024-08-11
3618,Tompkins,18-34,2024-05-21
3619,Otsego,0-17,2025-08-09
3620,Delaware,35-49,2024-12-12
3621,Chenango,35-49,2025-09-17
3622,Tioga,50-64,2025-04-23
3623,Chenango,0-17,2024-07-02
3624,Tompkins,50-64,2025-04-17
3625,Broome,50-64,2024-06-19
3626,Otsego,18-34,2025-06-24
3627,Tompkins,18-34,2023-04-22
3628,Broome,50-64,2024-11-26
3629,Otsego,0-17,2025-07-05
3630,Tompkins,35-49,2023-12-08
3631,Tompkins,50-64,2023-08-14
3632,Delaware,35-49,2024-11-06
3633,Broome,35-49,2023-02-13
3634,Tioga,0-17,2024-11-13
3635,Delaware,50-64,2026-02-06
3636,Broome,0-17,2024-03-07
3637,Broome,0-17,2023-11-18
3638,Tioga,18-34,2024-04-14
3639,Broome,0-17,2025-02-04
3640,Broome,0-17,2024-05-24
3641,Delaware,0-17,2023-02-11
3642,Chenango,35-49,2025-10-24
3643,Tompkins,18-34,2023-11-18
3644,Broome,0-17,2024-05-21
3645,Broome,50-64,2025-02-12
3646,Otsego,0-17,2024-07-06
3647,Tioga,0-17,2025-10-30
3648,Chenango,50-64,2025-04-30
3649,Broome,50-64,2026-01-14
3650,Otsego,0-17,2025-03-12
3651,Broome,35-49,2024-10-01
3652,Chenango,18-34,2023-02-17
3653,Broome,18-34,2023-07-24
3654,Broome,35-49,2025-08-23
3655,Broome,18-34,2024-03-31
3656,Delaware,35-49,2025-09-16
3657,Broome,35-49,2025-11-03
3658,Broome,0-17,2025-10-14
3659,Chenango,65+,2026-01-24
3660,Chenango,18-34,2023-02-20
3661,Tompkins,18-34,2025-01-27
3662,Tompkins,0-17,2024-09-28
3663,Broome,50-64,2023-06-21
3664,Broome,0-17,2025-09-30
3665,Otsego,0-17,2025-04-05
3666,Otsego,18-34,2024-04-21
3667,Broome,18-34,2025-04-23
3668,Broome,18-34,2023-11-05
3669,Broome,35-49,2025-04-12
3670,Tioga,18-34,2024-03-04
3671,Chenango,50-64,2026-01-22
3672,Tompkins,65+,2024-04-27
3673,Broome,35-49,2025-11-19
3674,Tompkins,50-64,2023-06-16
3675,Delaware,18-34,2023-06-08
3676,Broome,50-64,2023-11-28
3677,Tompkins,0-17,2024-02-09
3678,Tompkins,65+,2023-03-21
3679,Tioga,18-34,2025-12-10
3680,Tompkins,50-64,2026-01-25
3681,Tompkins,0-17,2023-08-29
3682,Tompkins,18-34,2024-07-09
3683,Tompkins,35-49,2025-01-31
3684,Otsego,0-17,2024-08-17
3685,Tompkins,0-17,2025-01-30
3686,Tompkins,18-34,2025-08-05
3687,Broome,18-34,2023-10-05
3688,Broome,35-49,2025-08-28
3689,Broome,18-34,2023-11-04
3690,Tompkins,65+,2023-01-12
3691,Broome,0-17,2023-07-12
3692,Tompkins,18-34,2023-05-06
3693,Otsego,35-49,2023-05-17
3694,Broome,35-49,2024-04-07
3695,Broome,0-17,2024-01-30
3696,Broome,50-64,2025-05-22
3697,Otsego,18-34,2025-04-05
3698,Delaware,35-49,2024-02-19
3699,Broome,0-17,2024-03-19
3700,Broome,18-34,2023-07-29
3701,Broome,35-49,2025-02-23
3702,Broome,50-64,2024-07-21
3703,Delaware,50-64,2025-08-27
3704,Broome,0-17,2024-04-19
3705,Delaware,0-17,2023-10-28
3706,Broome,18-34,2023-01-01
3707,Broome,50-64,2023-04-17
3708,Broome,50-64,2025-05-21
3709,Otsego,18-34,2025-10-21
3710,Chenango,18-34,2025-03-16
3711,Broome,18-34,2025-08-29
3712,Broome,50-64,2024-10-11
3713,Tompkins,50-64,2024-03-14
3714,Delaware,65+,2024-07-22
3715,Chenango,50-64,2026-02-21
3716,Tompkins,35-49,2024-05-28
3717,Chenango,35-49,2025-06-10
3718,Otsego,0-17,2025-01-18
3719,Tioga,50-64,2024-12-09
3720,Chenango,0-17,2026-02-20
3721,Tioga,65+,2024-01-27
3722,Tompkins,0-17,2023-01-22
3723,Broome,18-34,2024-02-04
3724,Broome,18-34,2023-07-12
3725,Delaware,65+,2025-10-26
3726,Delaware,35-49,2023-03-10
3727,Otsego,35-49,2025-03-26
3728,Broome,35-49,2024-06-02
3729,Broome,0-17,2023-03-04
3730,Tioga,65+,2025-07-19
3731,Tompkins,18-34,2026-01-22
3732,Tioga,0-17,2023-03-01
3733,Otsego,35-49,2023-12-29
3734,Tioga,0-17,2025-05-09
3735,Tioga,0-17,2025-06-27
3736,Otsego,0-17,2023-07-19
3737,Tioga,18-34,2024-02-02
3738,Otsego,50-64,2024-11-12
3739,Tioga,50-64,2024-10-10
3740,Tioga,0-17,2025-01-20
3741,Tompkins,65+,2025-04-05
3742,Tompkins,35-49,2023-05-06
3743,Broome,50-64,2025-10-24
3744,Broome,18-34,2023-12-20
3745,Tompkins,18-34,2024-02-11
3746,Chenango,18-34,2023-01-07
3747,Broome,35-49,2023-08-30
3748,Broome,35-49,2023-06-26
3749,Otsego,18-34,2023-08-27
3750,Delaware,0-17,2023-06-26
3751,Broome,35-49,2023-02-11
3752,Chenango,50-64,2024-03-21
3753,Otsego,18-34,2024-05-20
3754,Broome,35-49,2024-01-27
3755,Chenango,50-64,2024-09-27
3756,Broome,35-49,2023-12-31
3757,Broome,35-49,2025-04-27
3758,Broome,0-17,2024-02-13
3759,Broome,18-34,2025-06-19
3760,Broome,18-34,2025-01-14
3761,Broome,35-49,2025-07-09
3762,Tioga,35-49,2023-12-16
3763,Broome,50-64,2025-02-28
3764,Broome,35-49,2025-06-07
3765,Broome,50-64,2024-08-14
3766,Broome,35-49,2025-10-28
3767,Tompkins,50-64,2024-07-04
3768,Broome,50-64,2024-06-12
3769,Broome,18-34,2023-08-25
3770,Tompkins,35-49,2025-08-31
3771,Broome,35-49,2025-02-01
3772,Otsego,35-49,2023-03-11
3773,Broome,0-17,2025-01-04
3774,Tioga,0-17,2025-05-13
3775,Tompkins,18-34,2023-07-25
3776,Broome,18-34,2023-11-30
3777,Tompkins,0-17,2023-02-14
3778,Tompkins,35-49,2025-06-09
3779,Chenango,18-34,2024-05-13
3780,Broome,18-34,2024-11-22
3781,Tompkins,18-34,2023-03-24
3782,Delaware,50-64,2025-11-04
3783,Broome,18-34,2024-07-05
3784,Delaware,18-34,2023-02-28
3785,Broome,0-17,2024-09-07
3786,Tioga,65+,2025-12-09
3787,Broome,65+,2023-10-13
3788,Broome,18-34,2023-04-21
3789,Delaware,18-34,2023-10-17
3790,Tioga,18-34,2023-12-05
3791,Tompkins,35-49,2024-02-15
3792,Tioga,18-34,2023-06-14
3793,Broome,50-64,2025-06-13
3794,Broome,18-34,2026-02-11
3795,Tioga,18-34,2025-09-04
3796,Broome,0-17,2026-01-31
3797,Chenango,35-49,2025-08-25
3798,Otsego,50-64,2024-05-12
3799,Chenango,0-17,2023-09-21
3800,Broome,65+,2025-03-29
3801,Chenango,50-64,2025-05-19
3802,Otsego,35-49,2024-12-11
3803,Tompkins,50-64,2023-02-25
3804,Broome,35-49,2024-04-26
3805,Broome,18-34,2023-01-04
3806,Otsego,50-64,2023-06-08
3807,Otsego,0-17,2024-01-20
3808,Broome,18-34,2023-07-10
3809,Broome,35-49,2025-05-21
3810,Broome,18-34,2025-09-11
3811,Broome,65+,2025-05-13
3812,Broome,18-34,2025-11-25
3813,Tioga,18-34,2023-06-19
3814,Broome,50-64,2025-04-08
3815,Tioga,0-17,2024-10-15
3816,Broome,35-49,2025-07-20
3817,Broome,35-49,2025-04-02
3818,Tompkins,0-17,2025-05-20
3819,Broome,35-49,2025-07-11
3820,Tompkins,50-64,2024-11-17
3821,Tioga,65+,2023-08-17
3822,Chenango,65+,2025-12-24
3823,Chenango,50-64,2023-06-13
3824,Broome,18-34,2024-06-12
3825,Broome,50-64,2025-07-20
3826,Tompkins,18-34,2023-03-23
3827,Broome,18-34,2025-01-21
3828,Broome,35-49,2025-01-26
3829,Broome,18-34,2024-08-29
3830,Chenango,0-17,2024-07-01
3831,Broome,18-34,2023-02-05
3832,Tompkins,18-34,2023-03-14
3833,Otsego,18-34,2023-03-16
3834,Tompkins,18-34,2023-12-25
3835,Broome,0-17,2023-10-24
3836,Otsego,18-34,2024-07-16
3837,Broome,18-34,2024-05-14
3838,Delaware,50-64,2025-12-08
3839,Otsego,0-17,2024-10-30
3840,Broome,0-17,2023-07-27
3841,Tompkins,65+,2023-06-11
3842,Broome,35-49,2024-09-10
3843,Tompkins,0-17,2024-06-10
3844,Chenango,50-64,2023-06-12
3845,Tioga,18-34,2023-08-27
3846,Chenango,35-49,2024-09-12
3847,Otsego,35-49,2024-05-14
3848,Chenango,0-17,2025-08-26
3849,Broome,65+,2024-07-16
3850,Chenango,50-64,2024-07-20
3851,Tompkins,0-17,2025-03-27
3852,Tioga,35-49,2024-07-12
3853,Broome,0-17,2025-04-28
3854,Otsego,18-34,2025-08-05
3855,Otsego,65+,2024-10-13
3856,Broome,18-34,2024-10-26
3857,Broome,35-49,2025-08-01
3858,Otsego,35-49,2024-11-04
3859,Tompkins,18-34,2026-02-16
3860,Broome,18-34,2024-12-10
3861,Tioga,0-17,2025-10-18
3862,Broome,35-49,2025-03-09
3863,Broome,0-17,2023-06-10
3864,Otsego,35-49,2024-12-08
3865,Broome,50-64,2025-12-20
3866,Broome,18-34,2024-10-07
3867,Tompkins,18-34,2023-11-16
3868,Otsego,0-17,2024-12-21
3869,Otsego,18-34,2023-02-17
3870,Chenango,18-34,2025-10-02
3871,Delaware,18-34,2026-01-05
3872,Broome,35-49,2023-09-10
3873,Broome,0-17,2023-08-15
3874,Otsego,0-17,2023-11-22
3875,Chenango,65+,2025-04-01
3876,Tompkins,18-34,2024-03-21
3877,Tompkins,35-49,2024-10-16
3878,Chenango,35-49,2024-10-12
3879,Tompkins,35-49,2024-04-06
3880,Tioga,18-34,2025-08-08
3881,Broome,65+,2023-11-18
3882,Delaware,0-17,2024-08-13
3883,Broome,50-64,2025-08-08
3884,Otsego,35-49,2023-07-21
3885,Tompkins,35-49,2025-05-06
3886,Tompkins,35-49,2024-04-04
3887,Broome,35-49,2023-06-14
3888,Otsego,50-64,2023-02-16
3889,Broome,18-34,2025-08-24
3890,Chenango,65+,2023-02-16
3891,Chenango,50-64,2025-03-08
3892,Tompkins,50-64,2023-11-27
3893,Tompkins,50-64,2024-05-05
3894,Broome,65+,2024-02-14
3895,Broome,18-34,2023-03-05
3896,Broome,18-34,2024-05-16
3897,Chenango,18-34,2024-05-10
3898,Chenango,65+,2025-10-21
3899,Otsego,50-64,2024-11-09
3900,Tioga,50-64,2024-05-16
3901,Tompkins,65+,2023-01-15
3902,Chenango,35-49,2025-04-12
3903,Tioga,65+,2025-02-28
3904,Broome,18-34,2024-06-16
3905,Tioga,35-49,2025-12-29
3906,Chenango,18-34,2023-05-03
3907,Broome,18-34,2023-03-23
3908,Broome,35-49,2025-11-13
3909,Otsego,18-34,2023-09-12
3910,Broome,50-64,2023-08-17
3911,Chenango,18-34,2024-11-26
3912,Broome,18-34,2025-09-15
3913,Broome,0-17,2023-06-01
3914,Tompkins,35-49,2024-05-16
3915,Chenango,18-34,2025-06-29
3916,Broome,18-34,2024-06-12
3917,Otsego,35-49,2023-10-14
3918,Broome,18-34,2024-03-28
3919,Tioga,35-49,2024-08-19
3920,Broome,35-49,2024-09-16
3921,Tompkins,18-34,2024-08-26
3922,Broome,50-64,2023-09-21
3923,Broome,18-34,2025-02-25
3924,Broome,18-34,2024-03-09
3925,Otsego,0-17,2023-01-25
3926,Broome,50-64,2025-11-24
3927,Tompkins,35-49,2023-12-15
3928,Delaware,35-49,2025-10-23
3929,Broome,18-34,2025-09-20
3930,Otsego,50-64,2025-09-14
3931,Broome,50-64,2023-01-30
3932,Otsego,0-17,2024-04-05
3933,Broome,18-34,2024-07-23
3934,Otsego,50-64,2023-09-02
3935,Otsego,18-34,2025-07-29
3936,Otsego,35-49,2023-01-25
3937,Tioga,50-64,2025-12-09
3938,Tioga,50-64,2025-01-14
3939,Otsego,18-34,2023-07-22
3940,Delaware,35-49,2024-07-09
3941,Tompkins,35-49,2026-01-06
3942,Tioga,65+,2023-04-25
3943,Tompkins,35-49,2024-05-16
3944,Broome,50-64,2024-05-16
3945,Broome,35-49,2023-12-30
3946,Broome,35-49,2026-02-04
3947,Broome,50-64,2023-05-11
3948,Tioga,0-17,2024-09-12
3949,Broome,18-34,2025-09-04
3950,Tompkins,35-49,2023-04-15
3951,Broome,35-49,2024-02-07
3952,Tompkins,18-34,2025-09-01
3953,Broome,35-49,2024-03-16
3954,Otsego,18-34,2023-01-20
3955,Otsego,50-64,2023-08-17
3956,Chenango,18-34,2024-02-03
3957,Otsego,35-49,2025-07-23
3958,Delaware,18-34,2025-04-13
3959,Otsego,18-34,2023-12-28
3960,Broome,18-34,2024-08-04
3961,Delaware,18-34,2025-12-25
3962,Broome,18-34,2026-02-23
3963,Tompkins,35-49,2023-08-17
3964,Delaware,65+,2025-09-25
3965,Broome,50-64,2025-11-09
3966,Tompkins,0-17,2023-05-15
3967,Chenango,35-49,2023-07-13
3968,Delaware,18-34,2026-01-08
3969,Tioga,0-17,2023-08-11
3970,Chenango,0-17,2025-10-24
3971,Broome,50-64,2025-08-24
3972,Broome,18-34,2024-03-06
3973,Otsego,0-17,2023-11-17
3974,Broome,18-34,2023-12-18
3975,Tioga,35-49,2023-11-18
3976,Broome,35-49,2025-08-28
3977,Otsego,50-64,2024-07-05
3978,Broome,18-34,2024-09-13
3979,Broome,18-34,2024-12-25
3980,Tioga,18-34,2024-09-22
3981,Tompkins,18-34,2025-05-04
3982,Broome,65+,2023-04-24
3983,Delaware,18-34,2023-10-14
3984,Delaware,50-64,2023-02-09
3985,Tioga,0-17,2024-06-08
3986,Broome,18-34,2024-10-21
3987,Tompkins,18-34,2026-02-16
3988,Tompkins,0-17,2024-03-16
3989,Otsego,18-34,2024-07-15
3990,Broome,18-34,2024-10-28
3991,Chenango,65+,2025-08-20
3992,Delaware,65+,2025-03-09
3993,Chenango,50-64,2025-09-24
3994,Broome,65+,2025-02-07
3995,Broome,0-17,2024-12-02
3996,Broome,18-34,2024-08-05
3997,Broome,0-17,2023-06-01
3998,Broome,50-64,2025-04-27
3999,Tioga,50-64,2024-09-04
4000,Otsego,35-49,2025-06-16
