referral_id,screening_id,member_id,cbo_id,need_domain,referral_date,status,closed_date
1,2,2,2,housing,2025-08-09,closed_met,2025-08-31
2,3,2,3,transportation,2026-05-18,closed_met,2026-05-25
3,8,6,12,housing,2025-01-26,open,
4,9,6,12,housing,2025-06-06,closed_met,2025-07-12
5,9,6,4,food,2025-06-07,closed_met,2025-06-20
6,9,6,6,utilities,2025-06-12,closed_met,2025-07-10
7,10,7,5,housing,2026-01-26,closed_met,2026-03-14
8,12,8,8,transportation,2026-01-05,closed_met,2026-01-11
9,14,11,2,housing,2026-04-29,closed_met,2026-06-11
10,14,11,11,safety,2026-05-04,closed_met,2026-05-18
11,15,11,3,transportation,2025-10-30,closed_met,2025-11-04
12,16,12,12,housing,2026-05-25,open,
13,17,13,5,housing,2026-02-22,closed_met,2026-04-19
14,18,13,10,utilities,2026-04-23,closed_met,2026-05-15
15,20,16,4,food,2025-04-13,closed_met,2025-04-14
16,21,17,9,safety,2025-12-03,closed_met,2025-12-21
17,22,17,7,food,2025-02-07,closed_met,2025-02-22
18,22,17,6,utilities,2025-02-09,closed_met,2025-03-08
19,24,20,10,utilities,2026-06-22,open,
20,27,23,2,housing,2026-06-27,open,
21,28,24,11,safety,2025-06-08,closed_met,2025-07-08
22,29,25,5,housing,2025-11-22,open,
23,30,27,1,food,2026-03-06,closed_met,2026-03-21
24,30,27,10,utilities,2026-03-07,closed_met,2026-03-17
25,32,29,5,housing,2025-06-07,closed_unmet,2025-07-14
26,33,30,8,transportation,2026-05-20,closed_unmet,2026-06-26
27,34,30,5,housing,2026-03-11,closed_unmet,2026-04-06
28,36,32,10,utilities,2026-01-26,closed_met,2026-02-01
29,37,32,3,transportation,2026-03-11,closed_met,2026-03-14
30,39,35,3,transportation,2025-12-20,closed_met,2025-12-23
31,41,36,7,food,2025-08-28,closed_met,2025-09-10
32,41,36,10,utilities,2025-08-24,closed_met,2025-09-18
33,43,39,5,housing,2025-04-07,open,
34,46,40,4,food,2026-03-30,closed_met,2026-04-12
35,46,40,8,transportation,2026-04-01,closed_met,2026-04-10
36,47,41,1,food,2026-01-13,closed_met,2026-01-28
37,48,42,2,housing,2025-05-17,closed_met,2025-05-20
38,49,46,10,utilities,2025-02-26,closed_met,2025-03-13
39,51,47,2,housing,2026-02-11,open,
40,52,47,3,transportation,2025-11-24,closed_met,2025-11-29
41,55,48,12,housing,2026-01-04,closed_met,2026-02-07
42,55,48,3,transportation,2026-01-03,closed_met,2026-01-09
43,55,48,6,utilities,2025-12-30,open,
44,57,50,3,transportation,2025-07-11,closed_met,2025-07-17
45,58,52,3,transportation,2025-05-07,closed_met,2025-05-10
46,60,54,1,food,2025-09-16,closed_unmet,2025-11-07
47,64,61,10,utilities,2025-07-03,closed_unmet,2025-08-09
48,69,70,8,transportation,2026-02-28,closed_unmet,2026-04-07
49,70,71,1,food,2025-03-19,closed_met,2025-03-27
50,71,72,7,food,2025-09-25,closed_met,2025-10-04
51,72,72,12,housing,2025-04-24,closed_met,2025-06-17
52,72,72,7,food,2025-04-28,open,
53,72,72,10,utilities,2025-04-22,closed_met,2025-05-14
54,73,74,1,food,2025-06-30,closed_met,2025-07-06
55,74,74,4,food,2025-01-26,closed_met,2025-02-12
56,74,74,3,transportation,2025-01-30,closed_met,2025-02-04
57,75,74,2,housing,2025-02-15,closed_met,2025-03-09
58,75,74,7,food,2025-02-13,closed_met,2025-02-19
59,80,78,2,housing,2026-02-17,open,
60,81,80,2,housing,2026-02-08,closed_met,2026-02-17
61,85,86,1,food,2025-02-26,closed_met,2025-03-03
62,86,87,4,food,2025-06-30,closed_met,2025-07-19
63,92,93,7,food,2026-01-09,closed_met,2026-01-21
64,93,94,3,transportation,2026-04-17,closed_met,2026-04-21
65,96,102,3,transportation,2025-04-25,closed_met,2025-05-03
66,98,104,2,housing,2025-03-28,closed_met,2025-04-17
67,98,104,3,transportation,2025-03-31,closed_met,2025-04-09
68,101,106,2,housing,2025-08-28,closed_met,2025-09-29
69,107,112,12,housing,2026-04-10,closed_met,2026-06-18
70,108,112,2,housing,2025-06-29,closed_met,2025-08-04
71,108,112,8,transportation,2025-06-27,closed_met,2025-07-03
72,108,112,6,utilities,2025-06-29,open,
73,109,113,10,utilities,2025-03-13,closed_met,
74,114,118,3,transportation,2025-09-17,closed_met,2025-09-18
75,115,120,1,food,2025-07-19,closed_met,2025-07-23
76,115,120,3,transportation,2025-07-23,closed_met,2025-07-26
77,116,121,3,transportation,2025-07-13,closed_met,2025-07-25
78,117,122,1,food,2025-01-18,closed_unmet,2025-02-06
79,117,122,10,utilities,2025-01-16,closed_met,2025-01-26
80,120,123,2,housing,2026-02-15,open,
81,121,124,1,food,2025-03-13,closed_met,2025-03-23
82,121,124,3,transportation,2025-03-15,closed_met,2025-03-21
83,122,125,7,food,2025-08-04,closed_met,2025-08-09
84,123,126,1,food,2025-06-09,closed_met,2025-06-17
85,124,127,2,housing,2025-02-09,closed_met,2025-03-01
86,124,127,3,transportation,2025-02-08,closed_met,2025-02-12
87,125,128,5,housing,2025-12-10,closed_met,2026-01-07
88,128,130,8,transportation,2025-08-14,closed_unmet,2025-09-24
89,129,131,8,transportation,2025-09-17,closed_met,2025-09-27
90,129,131,6,utilities,2025-09-15,closed_unmet,2025-10-18
91,130,132,7,food,2025-01-28,open,
92,130,132,8,transportation,2025-01-24,closed_met,2025-02-04
93,130,132,6,utilities,2025-01-26,open,
94,131,133,5,housing,2025-10-04,closed_met,2025-11-07
95,133,135,8,transportation,2025-07-18,closed_met,2025-07-24
96,134,137,8,transportation,2026-01-17,closed_met,2026-01-22
97,135,138,5,housing,2025-10-28,closed_met,2025-12-04
98,139,139,8,transportation,2025-02-15,closed_met,2025-02-13
99,140,139,8,transportation,2026-02-10,open,
100,142,142,1,food,2025-04-09,closed_met,2025-04-06
101,142,142,3,transportation,2025-04-09,closed_met,2025-04-14
102,145,144,6,utilities,2025-01-31,closed_met,2025-02-24
103,146,145,12,housing,2026-04-27,closed_unmet,2026-06-19
104,146,145,7,food,2026-04-26,closed_met,2026-05-01
105,147,146,1,food,2025-02-22,closed_met,2025-03-04
106,148,146,1,food,2025-06-10,closed_met,2025-06-16
107,149,148,12,housing,2025-05-02,closed_met,2025-07-02
108,149,148,7,food,2025-05-04,closed_met,2025-05-16
109,151,149,5,housing,2025-05-07,closed_met,2025-06-06
110,151,149,4,food,2025-05-08,closed_met,2025-05-16
111,152,150,5,housing,2026-02-11,closed_met,2026-03-08
112,153,152,12,housing,2026-05-12,open,
113,153,152,7,food,2026-05-06,closed_met,2026-05-20
114,154,154,8,transportation,2025-09-29,closed_met,2025-10-15
115,156,156,7,food,2025-09-11,closed_met,2025-09-21
116,156,156,11,safety,2025-09-07,closed_unmet,2025-10-25
117,158,158,1,food,2025-05-23,closed_unmet,2025-07-10
118,162,162,5,housing,2025-09-13,closed_unmet,2025-10-29
119,165,164,8,transportation,2026-03-20,open,
120,166,165,5,housing,2025-10-12,closed_met,2025-11-18
121,166,165,10,utilities,2025-10-15,closed_met,2025-11-01
122,167,165,10,utilities,2025-10-02,closed_met,2025-10-26
123,168,166,7,food,2025-10-05,closed_met,2025-10-27
124,168,166,8,transportation,2025-10-07,closed_met,2025-10-17
125,173,172,4,food,2026-04-09,closed_met,2026-04-17
126,176,174,2,housing,2026-04-10,open,
127,176,174,1,food,2026-04-11,closed_met,2026-04-22
128,177,177,1,food,2025-07-24,closed_met,2025-08-01
129,178,177,1,food,2025-07-14,closed_met,2025-07-20
130,180,179,2,housing,2025-09-17,open,
131,180,179,3,transportation,2025-09-16,closed_met,2025-09-20
132,182,181,5,housing,2025-07-31,closed_met,2025-08-17
133,182,181,6,utilities,2025-08-01,closed_met,2025-08-16
134,184,188,4,food,2025-02-27,closed_unmet,2025-03-13
135,184,188,10,utilities,2025-02-28,closed_met,2025-03-13
136,185,189,12,housing,2026-05-06,closed_met,2026-06-19
137,185,189,11,safety,2026-05-08,closed_unmet,2026-06-16
138,186,189,4,food,2025-12-28,closed_met,2026-01-13
139,186,189,3,transportation,2025-12-23,closed_unmet,2026-01-26
140,187,190,2,housing,2025-10-01,open,
141,188,190,1,food,2025-07-19,open,
142,189,191,7,food,2026-05-16,open,
143,190,192,1,food,2026-04-30,closed_met,2026-05-06
144,197,196,3,transportation,2026-05-21,closed_met,2026-05-23
145,198,197,7,food,2025-03-31,closed_met,2025-04-19
146,202,204,2,housing,2026-06-14,open,
147,202,204,10,utilities,2026-06-15,open,
148,203,204,1,food,2025-11-14,closed_met,2025-11-24
149,203,204,11,safety,2025-11-18,closed_met,2025-12-08
150,210,209,1,food,2026-01-21,closed_met,2026-01-24
151,212,210,3,transportation,2025-10-28,closed_unmet,2025-12-15
152,214,212,3,transportation,2026-02-09,closed_met,2026-02-14
153,217,215,2,housing,2026-03-21,closed_met,2026-05-18
154,217,215,10,utilities,2026-03-17,closed_met,2026-03-25
155,218,216,5,housing,2025-03-13,closed_met,2025-04-26
156,218,216,7,food,2025-03-16,closed_unmet,2025-05-14
157,218,216,3,transportation,2025-03-15,closed_met,2025-03-20
158,219,216,3,transportation,2025-04-05,closed_met,2025-04-11
159,220,216,5,housing,2025-12-23,open,
160,221,217,7,food,2026-02-23,closed_met,2026-03-09
161,222,218,2,housing,2025-02-17,open,
162,223,219,1,food,2026-06-24,open,
163,223,219,3,transportation,2026-06-20,closed_met,2026-06-23
164,224,219,1,food,2025-04-20,open,
165,224,219,10,utilities,2025-04-22,closed_met,2025-05-06
166,226,223,8,transportation,2025-08-10,closed_met,2025-08-20
167,227,224,3,transportation,2025-02-11,closed_unmet,2025-02-23
168,229,226,1,food,2025-04-17,closed_met,2025-04-13
169,230,226,1,food,2025-07-15,open,
170,231,227,3,transportation,2025-10-06,closed_met,2025-10-09
171,232,230,7,food,2025-05-04,open,
172,234,231,2,housing,2026-04-06,closed_unmet,2026-05-26
173,236,233,5,housing,2026-04-21,closed_met,2026-05-28
174,238,234,1,food,2026-05-05,open,
175,239,235,2,housing,2025-05-29,closed_met,2025-07-22
176,241,237,3,transportation,2025-07-07,closed_met,2025-07-14
177,244,241,7,food,2025-01-22,closed_met,2025-02-13
178,245,242,11,safety,2026-04-02,closed_met,2026-04-16
179,246,242,3,transportation,2025-12-19,closed_met,2025-12-25
180,248,243,5,housing,2025-10-17,closed_met,2025-11-11
181,249,245,5,housing,2025-07-03,closed_unmet,2025-08-28
182,249,245,4,food,2025-07-09,closed_met,2025-07-17
183,249,245,3,transportation,2025-07-09,closed_unmet,2025-08-18
184,250,246,10,utilities,2025-02-05,closed_met,2025-02-19
185,256,249,12,housing,2026-06-16,open,
186,257,250,6,utilities,2025-09-28,closed_met,2025-10-11
187,260,253,2,housing,2025-03-31,closed_unmet,2025-05-18
188,260,253,1,food,2025-03-27,closed_met,2025-04-01
189,260,253,10,utilities,2025-03-31,closed_met,2025-04-05
190,261,253,2,housing,2025-06-14,closed_met,2025-07-19
191,262,255,7,food,2026-06-06,closed_met,2026-06-13
192,262,255,6,utilities,2026-06-08,closed_met,2026-06-23
193,264,256,3,transportation,2026-01-24,closed_met,2026-01-30
194,267,264,1,food,2025-07-17,closed_met,2025-07-21
195,268,266,8,transportation,2025-09-12,closed_met,2025-09-19
196,274,276,2,housing,2025-12-30,closed_met,2026-01-19
197,275,276,8,transportation,2025-05-10,closed_met,2025-05-17
198,281,282,1,food,2025-05-19,closed_met,2025-05-24
199,283,283,4,food,2025-03-18,closed_met,2025-03-28
200,283,283,6,utilities,2025-03-23,closed_met,2025-04-22
201,284,284,3,transportation,2026-03-15,closed_unmet,2026-03-28
202,286,285,8,transportation,2025-03-20,closed_met,2025-03-30
203,288,287,3,transportation,2025-05-02,closed_met,2025-05-11
204,289,287,5,housing,2026-06-29,open,
205,289,287,1,food,2026-06-30,open,
206,289,287,3,transportation,2026-07-02,open,
207,294,291,7,food,2025-08-17,open,
208,295,291,2,housing,2026-05-02,closed_unmet,2026-06-27
209,298,296,8,transportation,2025-01-31,open,
210,301,299,1,food,2025-10-07,closed_met,2025-10-12
211,303,302,1,food,2026-02-04,closed_met,2026-02-10
212,304,302,6,utilities,2025-11-02,closed_met,2025-11-16
213,305,302,12,housing,2025-05-31,closed_met,2025-07-07
214,308,304,10,utilities,2025-01-25,open,
215,309,305,2,housing,2025-06-30,closed_met,2025-07-19
216,310,305,5,housing,2025-06-21,closed_met,2025-07-16
217,310,305,1,food,2025-06-22,closed_met,2025-07-02
218,311,306,3,transportation,2025-06-22,closed_met,2025-06-28
219,314,308,8,transportation,2025-09-26,closed_unmet,2025-10-20
220,315,310,6,utilities,2026-06-15,open,
221,317,311,1,food,2025-01-18,closed_met,2025-01-30
222,318,311,2,housing,2026-01-14,closed_unmet,2026-02-04
223,320,314,6,utilities,2025-10-28,open,
224,321,315,1,food,2025-09-19,closed_met,2025-09-29
225,321,315,3,transportation,2025-09-20,closed_met,2025-09-29
226,322,315,1,food,2025-04-04,closed_unmet,2025-05-12
227,325,317,7,food,2026-05-26,closed_unmet,2026-06-28
228,327,320,2,housing,2025-05-11,closed_unmet,2025-06-02
229,327,320,3,transportation,2025-05-09,closed_met,2025-05-15
230,329,322,4,food,2025-04-17,open,
231,329,322,3,transportation,2025-04-20,closed_met,2025-04-27
232,330,322,10,utilities,2025-08-18,closed_met,2025-09-01
233,332,325,6,utilities,2025-05-03,closed_met,2025-05-24
234,334,326,2,housing,2025-07-28,open,
235,335,327,1,food,2025-01-17,closed_met,2025-01-23
236,336,328,1,food,2026-06-28,open,
237,337,329,5,housing,2026-02-22,open,
238,337,329,4,food,2026-02-20,closed_met,2026-03-08
239,338,329,4,food,2025-11-07,closed_met,2025-11-25
240,339,330,1,food,2025-10-22,closed_met,2025-10-29
241,340,330,1,food,2025-11-17,closed_met,2025-11-24
242,341,331,2,housing,2026-06-22,open,
243,344,334,3,transportation,2025-07-03,closed_met,2025-07-10
244,344,334,6,utilities,2025-06-27,closed_met,2025-07-18
245,345,334,8,transportation,2025-09-11,closed_met,2025-09-21
246,352,343,4,food,2025-11-14,closed_met,2025-11-28
247,353,345,8,transportation,2026-05-30,closed_met,2026-06-09
248,354,345,2,housing,2025-03-16,open,
249,356,347,8,transportation,2026-02-15,open,
250,356,347,9,safety,2026-02-15,closed_met,2026-03-13
251,358,349,1,food,2025-02-14,closed_met,2025-02-20
252,359,351,2,housing,2025-04-06,closed_met,2025-04-20
253,359,351,1,food,2025-04-06,closed_met,2025-04-15
254,360,352,1,food,2026-03-07,closed_met,2026-03-17
255,361,353,3,transportation,2026-04-20,closed_met,2026-04-27
256,363,355,12,housing,2025-08-14,closed_unmet,2025-09-02
257,364,357,2,housing,2025-10-20,closed_met,2025-11-21
258,368,363,10,utilities,2025-09-27,closed_met,2025-10-16
259,369,363,1,food,2025-08-28,closed_met,2025-09-08
260,369,363,3,transportation,2025-08-27,closed_met,2025-09-03
261,373,366,3,transportation,2025-09-16,closed_met,2025-09-22
262,374,367,7,food,2026-03-03,closed_met,2026-03-14
263,375,367,11,safety,2025-04-10,closed_met,2025-05-07
264,377,369,3,transportation,2026-02-18,closed_met,2026-02-24
265,378,370,2,housing,2025-08-04,open,
266,381,375,2,housing,2026-04-30,open,
267,381,375,1,food,2026-04-28,closed_met,2026-05-07
268,381,375,3,transportation,2026-04-24,closed_met,2026-05-08
269,386,383,5,housing,2025-01-16,closed_met,2025-02-20
270,386,383,8,transportation,2025-01-19,closed_met,2025-01-24
271,392,391,1,food,2025-06-29,closed_met,2025-07-06
272,394,392,5,housing,2026-06-03,open,
273,395,393,10,utilities,2025-09-25,closed_met,2025-10-18
274,396,393,3,transportation,2025-08-22,closed_unmet,2025-10-15
275,398,397,1,food,2025-04-15,closed_met,2025-04-20
276,399,398,11,safety,2025-08-19,closed_met,2025-09-19
277,400,398,4,food,2026-04-05,closed_unmet,2026-05-31
278,400,398,3,transportation,2026-04-07,closed_met,2026-04-12
279,401,399,3,transportation,2025-08-10,closed_met,2025-08-16
280,403,400,4,food,2025-07-22,closed_met,2025-08-01
281,405,401,1,food,2025-06-03,closed_met,2025-06-11
282,407,403,1,food,2025-12-02,closed_unmet,2026-01-30
283,408,404,1,food,2026-01-27,closed_met,2026-02-08
284,408,404,3,transportation,2026-01-26,closed_met,2026-01-31
285,409,405,5,housing,2025-02-22,open,
286,413,409,8,transportation,2026-01-30,closed_met,2026-02-12
287,414,409,7,food,2025-08-24,open,
288,415,411,7,food,2026-05-01,closed_met,2026-05-24
289,415,411,11,safety,2026-05-01,closed_met,2026-05-12
290,416,411,2,housing,2025-01-17,closed_unmet,2025-02-18
291,417,412,1,food,2025-01-14,closed_met,2025-01-24
292,417,412,3,transportation,2025-01-15,closed_met,2025-01-21
293,419,413,4,food,2025-06-26,closed_met,2025-07-06
294,421,417,2,housing,2025-07-21,closed_met,2025-09-17
295,423,422,4,food,2025-03-04,closed_met,2025-03-27
296,425,428,10,utilities,2026-02-15,open,
297,426,428,1,food,2025-09-28,closed_met,2025-10-06
298,428,432,4,food,2026-07-01,open,
299,431,436,2,housing,2026-06-01,closed_unmet,2026-06-24
300,431,436,3,transportation,2026-05-27,closed_met,2026-06-04
301,432,437,5,housing,2025-01-08,closed_met,2025-02-10
302,434,440,7,food,2025-02-21,open,
303,435,441,1,food,2025-04-13,open,
304,435,441,10,utilities,2025-04-17,closed_met,2025-05-03
305,436,441,1,food,2025-01-26,closed_met,2025-01-30
306,437,442,1,food,2025-08-19,closed_met,2025-09-02
307,439,443,2,housing,2026-02-22,closed_met,2026-03-19
308,440,445,2,housing,2026-03-16,closed_met,2026-04-01
309,441,447,10,utilities,2026-06-20,open,
310,442,447,6,utilities,2026-04-21,closed_met,2026-04-28
311,446,451,1,food,2026-03-27,closed_met,2026-04-01
312,449,454,2,housing,2025-01-07,closed_met,2025-02-15
313,450,456,12,housing,2026-01-20,open,
314,450,456,4,food,2026-01-24,closed_met,2026-02-03
315,451,456,6,utilities,2025-03-31,closed_met,2025-04-05
316,452,457,7,food,2025-01-09,closed_met,2025-01-25
317,455,463,5,housing,2025-03-27,closed_unmet,2025-04-10
318,455,463,10,utilities,2025-03-27,open,
319,456,466,10,utilities,2025-09-08,closed_met,2025-09-09
320,457,470,1,food,2025-07-05,closed_met,2025-07-10
321,459,472,3,transportation,2025-08-04,closed_met,2025-08-09
322,459,472,10,utilities,2025-07-30,open,
323,460,474,2,housing,2026-02-07,open,
324,460,474,3,transportation,2026-02-05,closed_met,2026-02-07
325,461,475,7,food,2025-10-08,closed_unmet,2025-11-23
326,461,475,3,transportation,2025-10-02,closed_met,2025-10-04
327,463,477,7,food,2025-12-16,closed_met,2026-01-04
328,465,482,12,housing,2025-05-02,closed_met,2025-06-05
329,467,484,1,food,2025-02-19,closed_met,2025-03-04
330,468,486,3,transportation,2026-02-06,closed_unmet,2026-03-01
331,469,487,11,safety,2025-10-29,closed_unmet,2025-11-18
332,470,488,8,transportation,2025-06-15,closed_met,2025-06-22
333,471,489,5,housing,2025-06-09,closed_unmet,2025-07-11
334,471,489,4,food,2025-06-07,closed_met,2025-06-18
335,471,489,6,utilities,2025-06-03,closed_met,2025-06-08
336,471,489,9,safety,2025-06-05,open,
337,473,490,5,housing,2025-07-13,closed_unmet,2025-08-03
338,475,492,2,housing,2026-04-06,open,
339,476,493,2,housing,2025-06-29,closed_met,2025-08-10
340,476,493,10,utilities,2025-06-29,closed_met,2025-07-09
341,480,497,3,transportation,2025-02-28,closed_met,2025-03-05
342,481,497,8,transportation,2025-05-14,open,
343,482,499,1,food,2026-06-27,open,
344,483,499,1,food,2025-08-03,closed_unmet,2025-08-21
345,483,499,10,utilities,2025-08-02,closed_met,2025-08-18
346,485,500,8,transportation,2025-03-04,closed_met,2025-03-15
347,487,503,3,transportation,2026-07-01,open,
348,488,503,1,food,2025-03-31,closed_met,2025-04-12
349,489,503,10,utilities,2025-02-13,closed_met,2025-02-27
350,490,506,7,food,2026-03-20,closed_met,2026-03-29
351,491,507,3,transportation,2025-05-23,closed_met,2025-05-30
352,493,510,8,transportation,2025-04-13,closed_met,2025-04-16
353,495,512,1,food,2025-09-05,closed_met,2025-09-11
354,499,517,5,housing,2026-03-22,closed_met,2026-04-28
355,499,517,8,transportation,2026-03-19,closed_unmet,2026-05-06
356,501,518,8,transportation,2025-01-14,open,
357,503,519,2,housing,2025-11-13,closed_met,2025-11-30
358,504,520,3,transportation,2026-06-30,open,
359,504,520,10,utilities,2026-07-01,open,
360,505,522,2,housing,2026-06-01,open,
361,509,525,4,food,2025-07-06,closed_met,2025-07-23
362,510,526,3,transportation,2026-02-16,closed_met,2026-02-21
363,511,526,10,utilities,2025-06-13,closed_met,2025-07-03
364,512,527,1,food,2025-08-11,closed_met,2025-08-22
365,512,527,3,transportation,2025-08-09,closed_met,2025-08-13
366,513,527,1,food,2025-08-16,closed_met,2025-08-18
367,514,528,3,transportation,2026-02-03,closed_met,2026-02-09
368,517,529,4,food,2025-12-04,closed_met,2025-12-16
369,517,529,8,transportation,2025-12-01,open,
370,519,530,5,housing,2026-02-20,open,
371,519,530,7,food,2026-02-22,open,
372,520,530,2,housing,2025-09-08,closed_met,2025-10-01
373,521,534,12,housing,2025-03-18,open,
374,521,534,10,utilities,2025-03-20,closed_met,2025-04-16
375,523,537,1,food,2025-12-21,closed_met,2025-12-26
376,524,538,1,food,2025-01-01,closed_met,2025-01-09
377,524,538,3,transportation,2025-01-03,closed_met,2025-01-09
378,525,539,10,utilities,2026-02-21,closed_met,2026-03-13
379,529,542,4,food,2026-01-28,closed_met,2026-02-09
380,531,546,4,food,2026-04-23,closed_unmet,2026-05-08
381,532,546,11,safety,2026-03-07,closed_met,2026-03-27
382,533,546,4,food,2025-08-17,closed_met,2025-09-01
383,534,547,1,food,2026-01-26,closed_met,2026-01-31
384,537,554,1,food,2025-03-22,closed_met,2025-04-01
385,537,554,3,transportation,2025-03-20,closed_unmet,2025-04-25
386,538,555,12,housing,2025-06-29,open,
387,538,555,7,food,2025-06-29,closed_unmet,2025-07-26
388,539,556,6,utilities,2025-01-11,closed_met,2025-01-24
389,545,563,1,food,2026-02-12,closed_unmet,2026-03-04
390,546,565,4,food,2025-11-18,closed_met,2025-11-26
391,546,565,9,safety,2025-11-14,closed_met,2025-11-24
392,547,568,4,food,2025-05-28,closed_unmet,2025-06-11
393,549,569,1,food,2026-01-17,closed_met,2026-01-31
394,550,569,2,housing,2025-06-16,closed_unmet,2025-07-02
395,550,569,1,food,2025-06-14,closed_met,2025-06-17
396,551,570,5,housing,2026-03-29,open,
397,553,572,4,food,2025-09-25,closed_met,2025-10-11
398,553,572,3,transportation,2025-09-22,closed_met,2025-09-27
399,554,573,3,transportation,2025-05-21,closed_met,2025-05-31
400,556,576,3,transportation,2025-08-22,closed_met,2025-08-31
401,559,578,5,housing,2025-02-23,open,
402,560,580,1,food,2026-05-17,closed_met,2026-05-21
403,561,580,1,food,2025-04-24,closed_met,2025-04-29
404,561,580,3,transportation,2025-04-24,closed_met,2025-04-28
405,562,581,7,food,2026-01-29,closed_met,2026-02-15
406,564,582,5,housing,2025-06-21,open,
407,567,585,4,food,2026-02-14,closed_met,2026-02-27
408,569,589,3,transportation,2025-11-05,closed_met,2025-11-12
409,570,590,6,utilities,2025-04-20,closed_unmet,2025-05-05
410,571,591,8,transportation,2025-07-01,closed_met,2025-07-06
411,574,596,1,food,2026-02-03,closed_met,2026-02-12
412,575,596,2,housing,2025-07-09,closed_met,2025-08-07
413,575,596,1,food,2025-07-06,closed_met,2025-07-19
414,576,599,5,housing,2025-04-29,closed_unmet,2025-05-15
415,577,599,4,food,2025-06-19,closed_met,2025-06-30
416,577,599,6,utilities,2025-06-19,closed_met,2025-07-07
417,579,602,1,food,2025-12-30,closed_met,2026-01-04
418,582,609,1,food,2025-09-12,closed_unmet,2025-11-06
419,582,609,10,utilities,2025-09-16,closed_met,2025-09-30
420,584,610,11,safety,2025-01-27,closed_met,2025-02-13
421,586,611,1,food,2025-09-12,closed_met,2025-09-27
422,587,613,1,food,2025-12-31,closed_met,2026-01-04
423,590,615,8,transportation,2026-04-14,open,
424,591,616,1,food,2026-06-04,closed_met,2026-06-09
425,592,617,3,transportation,2025-10-24,closed_met,2025-10-31
426,593,618,10,utilities,2026-02-13,closed_met,2026-02-28
427,596,621,12,housing,2025-09-02,open,
428,596,621,11,safety,2025-08-31,closed_met,2025-09-25
429,597,621,5,housing,2025-08-01,closed_unmet,2025-08-29
430,598,621,7,food,2026-03-22,open,
431,601,625,8,transportation,2025-02-10,closed_met,2025-02-16
432,602,626,2,housing,2025-07-07,closed_met,2025-07-27
433,602,626,7,food,2025-07-11,closed_met,2025-07-25
434,602,626,8,transportation,2025-07-07,closed_met,2025-07-21
435,603,627,3,transportation,2026-05-16,closed_met,2026-05-18
436,604,628,7,food,2025-04-07,closed_met,2025-04-21
437,607,630,1,food,2025-03-30,closed_met,2025-04-03
438,608,631,8,transportation,2026-01-10,closed_met,2026-01-17
439,609,632,8,transportation,2025-10-28,closed_met,2025-11-13
440,611,633,8,transportation,2026-06-11,closed_met,2026-06-22
441,612,634,2,housing,2025-07-11,open,
442,613,635,8,transportation,2025-04-25,closed_met,2025-05-01
443,614,636,10,utilities,2025-03-10,open,
444,615,636,12,housing,2025-12-18,closed_met,2026-01-10
445,615,636,10,utilities,2025-12-17,closed_met,2025-12-29
446,615,636,11,safety,2025-12-21,closed_met,2026-01-12
447,616,637,1,food,2026-06-12,closed_met,2026-06-19
448,617,641,1,food,2025-12-28,closed_met,2026-01-05
449,621,643,2,housing,2025-02-06,closed_met,2025-02-21
450,622,644,1,food,2025-01-18,closed_met,2025-01-25
451,623,644,2,housing,2025-11-25,closed_met,2025-12-29
452,624,647,2,housing,2025-11-23,closed_met,2025-12-31
453,624,647,3,transportation,2025-11-25,closed_met,2025-11-30
454,626,651,8,transportation,2025-05-25,closed_met,2025-06-05
455,626,651,10,utilities,2025-05-23,closed_met,2025-06-06
456,629,654,8,transportation,2025-07-16,closed_met,2025-07-26
457,631,655,12,housing,2026-06-22,open,
458,631,655,8,transportation,2026-06-23,open,
459,632,656,1,food,2025-11-06,open,
460,632,656,9,safety,2025-11-06,closed_met,2025-12-06
461,633,656,12,housing,2026-03-15,closed_unmet,2026-05-01
462,634,657,3,transportation,2025-01-27,closed_met,2025-01-28
463,636,661,7,food,2025-05-26,closed_met,2025-06-08
464,636,661,8,transportation,2025-05-26,closed_unmet,2025-06-07
465,637,661,7,food,2025-07-30,closed_met,2025-08-08
466,639,665,6,utilities,2026-03-12,open,
467,640,667,1,food,2025-12-31,closed_met,2026-01-12
468,640,667,11,safety,2026-01-06,closed_met,2026-01-22
469,641,667,1,food,2026-05-10,closed_met,2026-05-18
470,643,669,1,food,2025-11-02,closed_met,2025-11-10
471,643,669,3,transportation,2025-11-02,closed_met,2025-11-07
472,644,670,10,utilities,2025-06-08,closed_unmet,2025-07-13
473,645,672,2,housing,2026-01-05,closed_met,2026-03-02
474,645,672,10,utilities,2026-01-05,closed_unmet,2026-01-28
475,646,673,7,food,2025-02-05,closed_met,2025-03-01
476,646,673,3,transportation,2025-02-05,closed_met,2025-02-11
477,648,681,1,food,2025-05-16,open,
478,649,681,1,food,2025-01-19,closed_met,2025-01-25
479,650,682,2,housing,2025-11-25,closed_met,2026-01-22
480,650,682,10,utilities,2025-11-20,closed_met,2025-12-02
481,653,685,1,food,2026-04-23,closed_unmet,2026-06-07
482,654,687,3,transportation,2025-10-29,closed_met,2025-11-03
483,655,688,1,food,2025-08-28,open,
484,656,689,2,housing,2025-07-17,closed_met,2025-08-12
485,657,690,12,housing,2025-08-12,open,
486,657,690,7,food,2025-08-12,closed_met,2025-08-25
487,661,694,1,food,2026-02-03,closed_met,2026-02-12
488,662,694,7,food,2025-04-14,closed_met,2025-04-25
489,663,694,12,housing,2026-05-29,open,
490,663,694,9,safety,2026-05-31,closed_met,2026-06-28
491,664,696,3,transportation,2025-10-13,closed_met,2025-10-19
492,664,696,10,utilities,2025-10-12,closed_met,2025-11-05
493,665,697,10,utilities,2025-10-24,closed_met,2025-11-04
494,666,699,11,safety,2026-03-04,closed_met,2026-03-30
495,668,699,1,food,2025-12-22,closed_met,2026-01-04
496,669,700,2,housing,2025-04-02,open,
497,669,700,8,transportation,2025-03-29,closed_met,2025-04-06
498,669,700,10,utilities,2025-03-29,closed_met,2025-04-09
499,671,701,3,transportation,2025-02-17,closed_met,2025-02-22
500,671,701,10,utilities,2025-02-22,closed_met,2025-03-10
501,672,703,2,housing,2026-03-14,closed_met,2026-04-30
502,677,707,4,food,2025-10-07,closed_met,2025-10-16
503,678,709,5,housing,2026-01-06,closed_met,2026-01-27
504,678,709,4,food,2026-01-04,closed_met,2026-01-09
505,678,709,10,utilities,2026-01-01,closed_met,2026-01-12
506,683,713,10,utilities,2026-06-02,closed_met,2026-06-25
507,684,713,2,housing,2025-10-15,closed_met,2025-11-28
508,684,713,1,food,2025-10-16,closed_met,2025-10-19
509,685,717,10,utilities,2026-01-05,open,
510,687,717,10,utilities,2025-12-19,closed_met,2025-12-24
511,688,718,8,transportation,2025-08-27,closed_met,2025-09-07
512,689,719,3,transportation,2026-02-02,closed_met,2026-02-08
513,691,720,1,food,2025-09-24,closed_met,2025-10-02
514,691,720,10,utilities,2025-09-25,closed_met,2025-10-06
515,692,721,5,housing,2026-05-04,open,
516,693,723,11,safety,2025-04-29,open,
517,694,725,4,food,2025-06-14,closed_unmet,2025-07-26
518,694,725,6,utilities,2025-06-10,closed_met,2025-07-02
519,699,729,1,food,2026-03-14,closed_unmet,2026-04-14
520,700,731,8,transportation,2026-05-26,closed_met,2026-06-03
521,701,733,10,utilities,2026-01-15,closed_met,2026-02-02
522,703,734,2,housing,2025-08-16,closed_met,2025-10-01
523,704,734,1,food,2025-07-08,closed_met,2025-07-12
524,704,734,8,transportation,2025-07-05,closed_met,2025-07-13
525,705,735,5,housing,2025-08-03,closed_met,2025-09-03
526,706,735,4,food,2025-05-27,closed_met,2025-06-08
527,710,739,2,housing,2026-04-13,closed_met,2026-05-01
528,712,741,1,food,2026-04-18,closed_met,2026-04-21
529,713,742,2,housing,2026-05-25,open,
530,713,742,1,food,2026-05-21,closed_met,2026-06-04
531,714,743,10,utilities,2025-01-09,open,
532,716,747,1,food,2026-04-05,closed_unmet,2026-04-26
533,716,747,10,utilities,2026-04-05,closed_met,2026-04-28
534,716,747,9,safety,2026-04-08,closed_met,2026-04-15
535,717,747,1,food,2025-09-07,closed_met,2025-09-08
536,717,747,3,transportation,2025-09-10,closed_met,2025-09-11
537,718,748,2,housing,2026-05-23,open,
538,718,748,3,transportation,2026-05-21,closed_met,2026-05-24
539,720,750,5,housing,2026-01-20,open,
540,722,753,11,safety,2026-01-20,closed_met,2026-02-11
541,723,753,1,food,2025-06-16,closed_met,2025-06-23
542,724,754,7,food,2025-08-26,closed_met,2025-09-04
543,724,754,9,safety,2025-08-24,closed_met,2025-09-14
544,725,755,3,transportation,2026-02-08,closed_met,2026-02-12
545,726,755,7,food,2025-10-03,closed_met,2025-10-17
546,726,755,10,utilities,2025-10-06,closed_met,2025-10-29
547,728,757,1,food,2025-04-12,open,
548,729,757,1,food,2025-10-13,closed_met,2025-10-20
549,730,757,2,housing,2025-08-25,closed_met,2025-09-23
550,730,757,3,transportation,2025-08-23,closed_met,2025-08-29
551,731,758,1,food,2025-08-06,closed_unmet,2025-09-14
552,731,758,10,utilities,2025-08-06,closed_met,2025-08-27
553,732,759,7,food,2025-09-20,open,
554,732,759,3,transportation,2025-09-20,closed_unmet,2025-09-30
555,733,760,2,housing,2026-05-22,open,
556,734,761,7,food,2025-10-30,closed_met,2025-11-03
557,999557,763,2,housing,2026-02-07,open,
558,738,764,1,food,2025-07-15,closed_met,2025-07-21
559,738,764,10,utilities,2025-07-17,closed_met,2025-07-31
560,739,765,3,transportation,2026-04-01,closed_met,2026-04-08
561,740,766,2,housing,2025-03-19,closed_met,2025-04-05
562,741,767,7,food,2025-08-16,closed_met,2025-08-29
563,741,767,8,transportation,2025-08-22,open,
564,742,768,4,food,2025-05-14,closed_met,2025-05-27
565,742,768,11,safety,2025-05-19,closed_met,2025-06-10
566,744,769,12,housing,2025-11-04,closed_met,2025-12-24
567,744,769,7,food,2025-11-06,closed_met,2025-11-14
568,747,773,2,housing,2025-07-13,open,
569,747,773,3,transportation,2025-07-15,closed_met,2025-07-21
570,748,774,10,utilities,2026-02-08,closed_met,2026-02-25
571,749,775,12,housing,2026-04-28,open,
572,751,777,1,food,2026-05-05,closed_met,2026-05-12
573,753,778,4,food,2026-03-06,closed_met,2026-03-13
574,754,779,2,housing,2025-03-08,closed_met,2025-04-22
575,755,781,9,safety,2025-09-03,closed_met,2025-09-26
576,759,785,12,housing,2026-03-01,open,
577,759,785,8,transportation,2026-03-07,closed_met,2026-03-20
578,760,785,7,food,2025-11-12,closed_met,2025-12-01
579,760,785,8,transportation,2025-11-09,closed_met,2025-11-14
580,763,789,6,utilities,2025-08-30,closed_met,2025-09-19
581,764,789,1,food,2025-08-31,closed_met,2025-09-11
582,765,790,2,housing,2026-04-08,open,
583,765,790,3,transportation,2026-04-07,closed_met,2026-04-08
584,767,790,11,safety,2026-04-28,closed_met,2026-05-15
585,768,792,3,transportation,2025-02-25,closed_met,2025-03-06
586,770,794,10,utilities,2025-02-06,closed_met,2025-02-17
587,771,796,10,utilities,2026-06-28,open,
588,772,797,8,transportation,2025-01-06,closed_met,2025-01-11
589,773,798,8,transportation,2025-05-19,closed_met,2025-05-26
590,773,798,6,utilities,2025-05-22,closed_met,2025-06-17
591,774,800,5,housing,2025-01-08,closed_met,2025-02-11
592,776,802,2,housing,2026-04-06,open,
593,778,807,4,food,2026-06-12,closed_met,2026-06-23
594,779,807,10,utilities,2025-06-07,closed_met,2025-06-28
595,780,808,1,food,2025-06-28,closed_met,2025-07-10
596,781,809,2,housing,2026-02-26,open,
597,782,809,2,housing,2025-09-14,closed_unmet,2025-10-17
598,786,811,4,food,2025-03-11,closed_met,2025-03-27
599,786,811,11,safety,2025-03-11,open,
600,788,814,1,food,2025-06-08,open,
601,790,818,12,housing,2025-01-09,closed_met,2025-02-21
602,790,818,8,transportation,2025-01-11,open,
603,791,819,1,food,2025-11-17,closed_met,2025-11-30
604,791,819,3,transportation,2025-11-11,closed_met,2025-11-17
605,792,819,2,housing,2025-12-31,closed_unmet,2026-02-16
606,794,821,4,food,2025-10-27,closed_met,2025-11-16
607,796,827,3,transportation,2025-06-24,closed_met,2025-06-29
608,798,829,4,food,2025-05-05,closed_met,2025-05-17
609,800,831,10,utilities,2026-02-13,open,
610,804,837,1,food,2026-05-14,open,
611,804,837,3,transportation,2026-05-16,closed_met,2026-05-21
612,805,838,3,transportation,2025-06-04,closed_met,2025-06-10
613,806,839,11,safety,2025-11-04,closed_met,2025-11-26
614,808,842,4,food,2025-10-30,closed_met,2025-11-02
615,810,843,5,housing,2025-11-07,open,
616,810,843,9,safety,2025-11-05,closed_met,2025-12-05
617,811,844,6,utilities,2026-01-15,open,
618,812,844,3,transportation,2025-02-18,closed_met,2025-02-24
619,813,847,4,food,2026-01-11,closed_met,2026-01-24
620,814,849,8,transportation,2026-05-25,closed_met,2026-05-30
621,815,849,4,food,2025-12-09,closed_met,2025-12-15
622,999622,850,3,transportation,2025-06-08,closed_met,2025-06-13
623,818,851,10,utilities,2025-06-07,closed_met,2025-06-22
624,819,853,3,transportation,2025-08-28,closed_met,2025-09-04
625,820,854,8,transportation,2025-12-06,open,
626,821,856,2,housing,2026-04-22,open,
627,822,857,7,food,2025-12-09,closed_met,2025-12-26
628,822,857,3,transportation,2025-12-07,closed_met,2025-12-14
629,823,858,3,transportation,2026-05-05,closed_met,2026-05-11
630,824,858,7,food,2026-03-20,closed_met,2026-04-05
631,824,858,6,utilities,2026-03-21,closed_met,2026-04-03
632,826,860,6,utilities,2025-08-20,closed_met,2025-09-14
633,828,861,12,housing,2026-06-27,open,
634,830,863,5,housing,2025-02-05,closed_unmet,2025-02-24
635,831,865,5,housing,2025-08-17,closed_met,2025-09-26
636,831,865,4,food,2025-08-12,closed_met,2025-08-20
637,832,867,4,food,2026-06-05,closed_met,2026-06-18
638,832,867,8,transportation,2026-06-03,open,
639,832,867,9,safety,2026-06-03,closed_met,2026-06-20
640,833,868,3,transportation,2025-01-08,closed_met,2025-01-14
641,838,873,2,housing,2025-05-16,closed_unmet,2025-06-30
642,841,880,6,utilities,2026-06-12,closed_met,2026-06-23
643,842,882,4,food,2025-02-25,open,
644,844,883,2,housing,2026-02-07,closed_met,2026-03-15
645,845,883,2,housing,2026-03-06,closed_met,2026-04-04
646,845,883,3,transportation,2026-03-06,closed_met,2026-03-12
647,846,884,8,transportation,2025-07-02,closed_met,2025-07-03
648,846,884,6,utilities,2025-06-28,closed_met,2025-07-11
649,847,884,5,housing,2025-04-20,closed_met,2025-05-24
650,849,887,1,food,2025-09-09,closed_met,2025-09-18
651,850,888,5,housing,2025-08-22,closed_met,2025-09-10
652,851,889,12,housing,2026-05-18,closed_met,2026-06-26
653,851,889,4,food,2026-05-20,closed_met,2026-06-01
654,853,892,2,housing,2025-02-22,closed_met,2025-04-22
655,853,892,3,transportation,2025-02-18,closed_met,2025-02-26
656,854,893,12,housing,2026-04-28,closed_met,2026-05-07
657,854,893,8,transportation,2026-04-25,closed_met,2026-04-28
658,854,893,10,utilities,2026-04-30,closed_met,2026-05-16
659,855,893,4,food,2026-06-19,closed_met,2026-06-30
660,856,894,2,housing,2025-08-15,closed_met,2025-09-23
661,856,894,3,transportation,2025-08-20,closed_unmet,2025-09-11
662,860,897,9,safety,2025-08-14,closed_met,2025-08-29
663,861,897,4,food,2026-03-21,closed_met,2026-03-28
664,862,898,3,transportation,2026-04-07,closed_met,2026-04-13
665,865,904,7,food,2026-02-19,closed_met,2026-03-09
666,866,906,1,food,2025-04-17,closed_met,2025-04-29
667,867,907,8,transportation,2026-05-13,closed_met,2026-05-30
668,869,910,5,housing,2026-04-04,closed_unmet,2026-05-27
669,873,916,2,housing,2026-04-06,closed_met,2026-04-22
670,875,918,1,food,2026-05-02,closed_met,2026-05-13
671,876,919,10,utilities,2025-08-16,open,
672,877,920,2,housing,2025-08-30,closed_unmet,2025-10-24
673,878,921,1,food,2025-08-25,closed_met,2025-09-04
674,879,922,4,food,2026-04-25,closed_met,2026-05-01
675,880,923,10,utilities,2026-05-15,closed_met,2026-05-27
676,883,924,8,transportation,2025-08-02,closed_met,2025-08-12
677,886,928,5,housing,2025-01-03,closed_unmet,2025-01-27
678,887,928,8,transportation,2025-10-06,closed_met,2025-10-18
679,889,929,2,housing,2025-06-19,open,
680,890,930,10,utilities,2026-02-01,closed_met,2026-02-10
681,891,932,4,food,2025-10-02,closed_unmet,2025-11-02
682,891,932,3,transportation,2025-10-03,closed_unmet,2025-10-30
683,893,936,3,transportation,2025-10-10,closed_met,2025-10-19
684,895,937,10,utilities,2025-10-20,closed_met,2025-11-02
685,897,941,1,food,2025-03-27,closed_met,2025-04-01
686,898,941,10,utilities,2025-03-02,closed_met,2025-03-14
687,899,942,1,food,2026-02-23,closed_met,2026-03-06
688,899,942,3,transportation,2026-02-19,closed_met,2026-02-26
689,900,943,5,housing,2026-05-10,open,
690,900,943,3,transportation,2026-05-08,closed_met,2026-05-15
691,901,944,3,transportation,2025-11-24,closed_unmet,2026-01-20
692,901,944,9,safety,2025-11-30,closed_met,2025-12-21
693,902,945,2,housing,2025-04-15,open,
694,904,946,1,food,2026-04-04,closed_met,2026-04-10
695,905,948,8,transportation,2026-05-06,closed_met,2026-05-10
696,908,950,1,food,2026-03-05,closed_unmet,2026-05-03
697,913,954,10,utilities,2026-03-20,closed_met,2026-04-11
698,915,955,8,transportation,2026-06-12,closed_met,2026-06-25
699,916,956,10,utilities,2026-03-10,closed_met,2026-04-05
700,919,962,2,housing,2025-11-09,open,
701,920,962,1,food,2025-10-28,closed_met,2025-11-14
702,920,962,11,safety,2025-11-02,closed_unmet,2025-11-13
703,921,963,1,food,2025-09-11,closed_met,2025-09-21
704,923,964,5,housing,2025-10-03,closed_met,2025-10-06
705,923,964,7,food,2025-10-03,closed_met,2025-10-25
706,923,964,3,transportation,2025-09-29,closed_met,2025-10-01
707,925,967,1,food,2025-02-11,open,
708,926,968,2,housing,2026-03-12,closed_met,2026-03-20
709,926,968,10,utilities,2026-03-18,closed_met,2026-04-09
710,927,969,4,food,2025-04-12,open,
711,927,969,6,utilities,2025-04-13,closed_met,2025-05-05
712,929,971,8,transportation,2026-05-20,closed_met,2026-06-07
713,929,971,10,utilities,2026-05-19,closed_met,2026-06-16
714,930,972,12,housing,2025-02-20,closed_met,2025-03-22
715,930,972,7,food,2025-02-21,closed_met,2025-03-09
716,931,973,2,housing,2025-03-22,closed_met,2025-05-07
717,932,973,11,safety,2025-10-20,closed_met,2025-11-03
718,933,976,7,food,2026-06-02,open,
719,934,977,6,utilities,2026-01-27,open,
720,937,980,1,food,2025-01-12,closed_met,2025-01-21
721,937,980,10,utilities,2025-01-11,closed_met,2025-01-30
722,938,981,2,housing,2025-11-03,open,
723,938,981,1,food,2025-11-02,closed_met,2025-11-17
724,938,981,3,transportation,2025-11-03,closed_unmet,2025-12-11
725,940,984,1,food,2026-04-27,closed_met,2026-05-07
726,940,984,10,utilities,2026-04-21,closed_met,2026-05-09
727,943,990,7,food,2025-01-28,open,
728,946,995,1,food,2025-11-04,closed_met,2025-11-11
729,946,995,11,safety,2025-11-08,closed_met,2025-11-24
730,947,996,2,housing,2026-03-02,closed_unmet,2026-04-13
731,947,996,1,food,2026-03-06,closed_met,2026-03-15
732,947,996,10,utilities,2026-03-03,closed_met,2026-03-07
733,948,998,10,utilities,2025-01-16,closed_met,2025-02-04
734,949,998,1,food,2025-03-27,closed_met,2025-03-29
735,949,998,3,transportation,2025-03-26,closed_met,2025-04-02
736,950,999,12,housing,2025-01-22,closed_met,2025-02-19
737,953,1000,1,food,2026-05-13,closed_met,2026-05-20
738,953,1000,3,transportation,2026-05-16,closed_met,2026-05-23
739,954,1001,3,transportation,2025-12-30,closed_met,2026-01-09
740,955,1001,3,transportation,2025-02-19,closed_met,2025-02-25
741,956,1001,1,food,2025-03-04,closed_met,2025-03-13
742,957,1004,4,food,2026-01-04,closed_met,2026-01-13
743,958,1004,4,food,2025-05-22,closed_met,2025-05-23
744,959,1005,3,transportation,2025-09-08,closed_met,2025-09-16
745,961,1008,1,food,2025-11-30,closed_met,2025-12-08
746,962,1009,2,housing,2026-03-29,closed_met,2026-04-27
747,964,1010,10,utilities,2025-10-26,open,
748,965,1011,8,transportation,2025-06-05,closed_met,2025-06-14
749,965,1011,10,utilities,2025-06-08,open,
750,967,1014,1,food,2025-10-12,closed_unmet,2025-11-05
751,968,1016,2,housing,2026-05-20,open,
752,968,1016,1,food,2026-05-17,closed_met,2026-05-24
753,971,1018,2,housing,2025-04-27,open,
754,972,1019,1,food,2026-03-31,closed_unmet,2026-05-22
755,975,1024,2,housing,2026-04-21,closed_met,2026-05-04
756,975,1024,1,food,2026-04-19,closed_met,2026-04-29
757,975,1024,10,utilities,2026-04-20,open,
758,976,1025,2,housing,2026-04-01,closed_met,2026-05-20
759,976,1025,1,food,2026-04-06,closed_met,2026-04-19
760,977,1025,1,food,2025-10-30,closed_unmet,2025-12-22
761,978,1026,5,housing,2026-06-06,open,
762,979,1028,3,transportation,2026-03-22,closed_met,2026-03-30
763,982,1029,12,housing,2025-02-19,closed_met,2025-04-19
764,984,1031,1,food,2025-10-09,closed_unmet,2025-11-21
765,985,1033,10,utilities,2026-05-20,open,
766,991,1038,12,housing,2026-06-06,open,
767,991,1038,4,food,2026-06-09,closed_met,2026-06-11
768,991,1038,6,utilities,2026-06-06,closed_met,2026-06-25
769,992,1039,2,housing,2026-04-25,open,
770,997,1044,1,food,2025-05-31,closed_unmet,2025-07-22
771,1002,1047,1,food,2025-03-22,closed_met,2025-04-03
772,1002,1047,6,utilities,2025-03-19,open,
773,1002,1047,9,safety,2025-03-19,closed_met,2025-04-15
774,1003,1048,5,housing,2026-03-08,closed_met,2026-04-22
775,1003,1048,8,transportation,2026-03-08,closed_met,2026-03-11
776,1004,1048,10,utilities,2025-08-03,closed_met,2025-08-25
777,1005,1049,1,food,2025-10-21,closed_met,2025-10-27
778,1005,1049,3,transportation,2025-10-20,closed_met,2025-10-23
779,1006,1050,1,food,2026-05-31,closed_met,2026-06-15
780,1006,1050,3,transportation,2026-06-01,closed_met,2026-06-07
781,1006,1050,10,utilities,2026-05-27,open,
782,1008,1053,3,transportation,2025-07-29,closed_met,2025-08-04
783,1010,1054,3,transportation,2025-08-29,closed_met,2025-09-05
784,1012,1054,3,transportation,2025-02-01,closed_met,2025-02-07
785,1012,1054,10,utilities,2025-02-01,closed_met,2025-02-22
786,1013,1055,5,housing,2025-04-04,open,
787,1014,1056,4,food,2025-10-28,closed_met,2025-11-08
788,1014,1056,6,utilities,2025-10-31,closed_unmet,2025-12-05
789,1015,1058,6,utilities,2025-04-14,closed_met,2025-05-10
790,1016,1059,3,transportation,2026-02-14,closed_met,2026-02-18
791,1024,1068,11,safety,2025-02-22,closed_met,2025-03-21
792,1026,1071,1,food,2025-05-03,closed_met,2025-05-13
793,1026,1071,3,transportation,2025-05-07,closed_met,2025-05-15
794,1026,1071,10,utilities,2025-05-03,closed_met,2025-05-26
795,1029,1078,8,transportation,2026-01-19,open,
796,1032,1080,1,food,2025-11-18,closed_met,2025-11-29
797,1035,1081,3,transportation,2025-07-03,closed_met,2025-07-07
798,1037,1085,2,housing,2025-02-01,open,
799,1037,1085,1,food,2025-02-03,closed_met,2025-02-12
800,1039,1086,5,housing,2025-12-11,closed_met,2026-01-17
801,1039,1086,10,utilities,2025-12-11,closed_met,2025-12-15
802,1040,1087,5,housing,2025-12-19,closed_met,2026-01-09
803,1040,1087,1,food,2025-12-25,closed_met,2026-01-04
804,1042,1089,2,housing,2026-03-10,closed_met,2026-04-09
805,1042,1089,1,food,2026-03-10,closed_met,2026-03-24
806,1043,1093,2,housing,2026-03-14,closed_unmet,2026-03-29
807,1043,1093,1,food,2026-03-12,closed_met,2026-03-19
808,1046,1095,1,food,2025-08-15,closed_unmet,2025-10-06
809,1048,1097,2,housing,2025-09-01,open,
810,1048,1097,1,food,2025-09-06,closed_met,2025-09-14
811,1052,1102,7,food,2025-04-26,closed_met,2025-05-21
812,1054,1104,3,transportation,2026-04-08,closed_met,2026-04-13
813,1055,1106,11,safety,2026-01-27,closed_met,2026-02-15
814,1056,1106,5,housing,2025-02-28,closed_met,2025-03-22
815,1056,1106,9,safety,2025-03-02,closed_met,2025-03-11
816,1057,1107,5,housing,2026-06-02,closed_met,2026-06-30
817,1057,1107,4,food,2026-06-03,closed_met,2026-06-15
818,1058,1107,9,safety,2025-09-04,closed_met,2025-09-11
819,1061,1110,6,utilities,2025-01-25,closed_met,2025-02-10
820,1063,1111,3,transportation,2025-04-26,closed_met,2025-05-03
821,1066,1113,8,transportation,2026-01-30,open,
822,1066,1113,10,utilities,2026-02-01,open,
823,1068,1115,2,housing,2025-08-17,open,
824,1068,1115,8,transportation,2025-08-16,closed_met,2025-08-29
825,1069,1116,12,housing,2026-03-12,closed_unmet,2026-04-21
826,1069,1116,6,utilities,2026-03-08,closed_met,2026-03-17
827,1070,1116,1,food,2025-08-28,open,
828,1071,1116,4,food,2025-04-27,closed_met,2025-05-06
829,1072,1118,5,housing,2026-04-13,closed_met,2026-05-23
830,1072,1118,8,transportation,2026-04-10,closed_unmet,2026-05-23
831,1072,1118,10,utilities,2026-04-14,closed_met,2026-04-29
832,1074,1123,3,transportation,2025-04-15,closed_unmet,2025-05-07
833,1076,1124,12,housing,2026-03-02,closed_unmet,2026-04-18
834,1077,1125,3,transportation,2025-06-20,closed_met,2025-06-27
835,1078,1126,12,housing,2025-09-06,closed_met,2025-09-23
836,1078,1126,11,safety,2025-09-10,closed_met,2025-09-22
837,1082,1133,3,transportation,2025-07-08,closed_met,2025-07-13
838,1083,1133,10,utilities,2025-08-07,closed_unmet,2025-09-24
839,1085,1136,7,food,2025-10-14,closed_met,2025-10-28
840,1086,1137,2,housing,2025-08-05,closed_met,2025-09-02
841,1086,1137,11,safety,2025-08-02,closed_met,2025-08-23
842,1087,1139,3,transportation,2026-06-25,open,
843,1088,1141,4,food,2025-11-15,closed_met,2025-11-26
844,1089,1142,10,utilities,2025-11-14,closed_met,2025-12-12
845,1090,1143,5,housing,2025-10-21,open,
846,1090,1143,8,transportation,2025-10-19,closed_unmet,2025-12-07
847,1091,1144,1,food,2025-07-07,closed_met,2025-07-15
848,1091,1144,11,safety,2025-07-04,closed_met,2025-07-12
849,1093,1145,2,housing,2026-02-03,closed_unmet,2026-02-27
850,1093,1145,1,food,2026-01-29,closed_met,2026-02-05
851,1094,1146,1,food,2025-07-02,closed_met,2025-07-09
852,1096,1148,3,transportation,2025-07-04,closed_met,2025-07-12
853,1096,1148,9,safety,2025-07-04,closed_met,2025-08-06
854,1098,1151,7,food,2026-04-29,closed_met,2026-05-06
855,1101,1156,8,transportation,2025-09-25,closed_met,2025-10-04
856,1102,1157,4,food,2026-03-22,closed_met,2026-04-01
857,1105,1159,8,transportation,2025-08-23,closed_met,2025-09-10
858,1106,1159,3,transportation,2025-06-25,closed_met,2025-06-30
859,1108,1163,4,food,2025-03-01,closed_met,2025-03-07
860,1110,1164,7,food,2026-05-31,open,
861,1111,1165,8,transportation,2025-02-27,closed_unmet,2025-03-24
862,1112,1166,2,housing,2025-06-10,closed_met,2025-07-03
863,1112,1166,10,utilities,2025-06-07,closed_met,2025-06-24
864,1115,1168,3,transportation,2025-10-26,closed_met,2025-10-29
865,1116,1169,7,food,2025-09-30,closed_met,2025-10-14
866,1117,1170,1,food,2025-08-06,closed_met,2025-08-11
867,1117,1170,10,utilities,2025-08-02,closed_met,2025-08-21
868,1117,1170,11,safety,2025-08-02,closed_met,2025-08-27
869,1119,1171,7,food,2025-01-15,closed_unmet,2025-03-03
870,1121,1177,1,food,2026-04-08,closed_met,2026-04-16
871,1124,1180,1,food,2025-03-14,closed_unmet,2025-03-25
872,1125,1181,6,utilities,2025-09-09,closed_met,2025-10-05
873,1126,1181,4,food,2026-04-10,closed_met,2026-04-22
874,1126,1181,6,utilities,2026-04-07,closed_met,2026-04-20
875,1127,1182,1,food,2025-06-23,closed_met,2025-06-30
876,1128,1182,1,food,2026-05-25,closed_met,2026-06-01
877,1131,1187,6,utilities,2026-01-11,closed_met,2026-02-02
878,1132,1188,3,transportation,2025-04-10,closed_met,2025-04-15
879,1134,1189,12,housing,2025-04-15,closed_met,2025-06-20
880,1134,1189,8,transportation,2025-04-17,closed_met,2025-04-28
881,1137,1191,4,food,2025-09-02,closed_met,2025-09-13
882,1138,1192,1,food,2025-10-06,closed_met,2025-10-18
883,1138,1192,10,utilities,2025-10-01,open,
884,1139,1192,1,food,2026-06-25,open,
885,1140,1194,2,housing,2026-02-21,closed_met,2026-02-26
886,1141,1194,1,food,2025-04-03,closed_met,2025-04-08
887,1141,1194,6,utilities,2025-03-31,closed_met,2025-04-27
888,1143,1195,4,food,2025-06-03,open,
889,1144,1198,1,food,2025-02-17,closed_met,2025-02-27
890,1145,1198,11,safety,2026-02-16,closed_met,2026-03-05
891,1146,1199,1,food,2025-12-31,closed_met,2026-01-06
892,1147,1202,10,utilities,2025-07-30,closed_unmet,2025-08-21
893,1149,1204,5,housing,2025-01-23,closed_met,2025-03-02
894,1149,1204,1,food,2025-01-22,closed_met,2025-02-04
895,1154,1210,6,utilities,2025-06-21,open,
896,1156,1212,1,food,2025-11-28,closed_met,2025-12-06
897,1158,1213,4,food,2025-04-06,closed_met,2025-04-15
898,1162,1220,1,food,2026-05-04,closed_met,2026-05-09
899,1162,1220,10,utilities,2026-05-06,closed_met,2026-05-17
900,1164,1221,3,transportation,2025-07-27,closed_unmet,2025-08-31
901,1166,1222,5,housing,2026-02-10,closed_met,2026-02-25
902,1167,1223,1,food,2025-11-09,closed_met,2025-11-13
903,1169,1226,6,utilities,2026-05-29,closed_met,2026-06-07
904,1170,1227,8,transportation,2026-04-06,closed_met,2026-04-16
905,1171,1228,12,housing,2025-03-12,closed_met,2025-04-18
906,1171,1228,3,transportation,2025-03-16,closed_met,2025-03-24
907,1171,1228,10,utilities,2025-03-14,closed_met,2025-03-24
908,1172,1229,5,housing,2026-05-09,open,
909,1175,1233,3,transportation,2025-05-14,closed_met,2025-05-20
910,1176,1235,3,transportation,2025-09-26,closed_met,2025-10-01
911,1179,1238,7,food,2026-05-19,open,
912,1180,1238,7,food,2026-07-01,open,
913,1182,1240,4,food,2025-09-12,open,
914,1183,1241,12,housing,2025-02-07,open,
915,1183,1241,7,food,2025-02-10,closed_unmet,2025-03-16
916,1183,1241,11,safety,2025-02-11,closed_met,2025-02-18
917,1188,1245,8,transportation,2025-04-24,closed_met,2025-05-02
918,1190,1248,6,utilities,2025-07-26,closed_met,2025-08-03
919,1191,1248,7,food,2025-06-13,closed_met,2025-06-19
920,1191,1248,3,transportation,2025-06-08,closed_unmet,2025-08-05
921,1192,1248,3,transportation,2026-06-20,closed_met,2026-06-24
922,1194,1252,7,food,2025-11-29,closed_met,2025-12-08
923,1195,1252,4,food,2025-10-24,closed_met,2025-11-10
924,1195,1252,8,transportation,2025-10-25,open,
925,1198,1257,1,food,2025-08-01,closed_met,2025-08-08
926,1198,1257,3,transportation,2025-08-06,closed_met,2025-08-07
927,1200,1260,5,housing,2025-06-06,closed_met,2025-07-17
928,1200,1260,9,safety,2025-06-03,open,
929,1201,1261,3,transportation,2025-09-24,closed_met,2025-09-25
930,1203,1262,10,utilities,2025-04-29,closed_met,2025-05-24
931,1204,1263,3,transportation,2026-04-26,closed_met,2026-05-06
932,1205,1264,5,housing,2025-07-02,closed_met,2025-07-10
933,1208,1267,3,transportation,2025-08-12,closed_unmet,2025-09-06
934,1209,1268,11,safety,2026-01-12,closed_met,2026-01-16
935,1211,1270,1,food,2025-04-09,closed_met,2025-04-18
936,1216,1274,1,food,2025-05-05,closed_met,2025-05-16
937,1217,1275,4,food,2025-10-30,closed_met,2025-11-05
938,1218,1275,5,housing,2025-05-04,closed_met,2025-06-10
939,1218,1275,4,food,2025-05-04,closed_met,2025-05-19
940,1220,1278,12,housing,2026-03-04,open,
941,1221,1278,2,housing,2026-05-09,closed_unmet,2026-06-24
942,1223,1279,4,food,2025-03-14,closed_met,2025-03-26
943,1224,1281,2,housing,2025-07-28,closed_met,2025-08-17
944,1224,1281,1,food,2025-08-01,closed_met,2025-08-16
945,1225,1283,1,food,2025-08-23,closed_met,2025-09-02
946,1226,1283,11,safety,2025-11-11,closed_met,2025-12-01
947,1227,1283,2,housing,2025-04-22,open,
948,1230,1285,3,transportation,2025-08-27,closed_unmet,2025-09-26
949,1232,1286,5,housing,2026-05-15,closed_met,2026-06-02
950,1233,1286,5,housing,2026-02-24,closed_met,2026-03-31
951,1234,1287,1,food,2025-12-03,closed_met,2025-12-16
952,1235,1289,3,transportation,2026-01-05,closed_met,2026-01-10
953,1237,1290,3,transportation,2025-02-23,closed_met,2025-03-03
954,1239,1293,8,transportation,2025-06-07,closed_met,2025-06-18
955,1240,1293,9,safety,2026-03-19,closed_met,2026-04-10
956,1241,1293,3,transportation,2025-06-14,closed_met,2025-06-19
957,1243,1295,5,housing,2026-04-06,open,
958,1245,1296,1,food,2025-09-07,closed_unmet,2025-10-14
959,1249,1306,2,housing,2025-10-24,closed_met,2025-11-19
960,1249,1306,1,food,2025-10-22,closed_met,2025-10-24
961,1251,1307,4,food,2025-04-16,closed_met,2025-04-21
962,1252,1308,3,transportation,2025-12-04,closed_unmet,2026-01-22
963,1252,1308,10,utilities,2025-12-06,closed_unmet,2025-12-26
964,1254,1311,1,food,2025-03-31,closed_met,2025-04-08
965,1258,1318,1,food,2025-07-27,open,
966,1259,1319,7,food,2025-08-17,closed_met,2025-08-31
967,1260,1320,5,housing,2025-08-02,closed_unmet,2025-09-15
968,1260,1320,10,utilities,2025-08-03,closed_met,2025-08-19
969,1261,1320,4,food,2025-03-18,closed_met,2025-03-30
970,1267,1330,12,housing,2026-03-18,closed_met,2026-05-26
971,1267,1330,6,utilities,2026-03-19,closed_met,2026-04-06
972,1269,1332,5,housing,2026-03-15,open,
973,1269,1332,3,transportation,2026-03-14,closed_met,2026-03-22
974,1269,1332,9,safety,2026-03-13,closed_met,2026-04-15
975,1273,1335,2,housing,2025-02-08,closed_met,2025-03-17
976,1273,1335,11,safety,2025-02-08,closed_met,2025-03-03
977,1274,1336,4,food,2025-01-30,closed_met,2025-02-07
978,1276,1337,4,food,2026-03-07,closed_met,2026-03-20
979,1279,1344,5,housing,2025-07-28,closed_met,2025-09-07
980,1279,1344,6,utilities,2025-07-25,open,
981,1280,1346,7,food,2025-03-05,closed_unmet,2025-04-09
982,1281,1348,1,food,2025-05-25,closed_met,2025-06-08
983,1281,1348,3,transportation,2025-05-21,closed_met,2025-05-28
984,1282,1351,5,housing,2025-10-13,closed_met,2025-11-19
985,1284,1351,10,utilities,2025-06-08,closed_met,2025-06-23
986,1285,1354,10,utilities,2026-01-15,closed_met,2026-01-23
987,1286,1355,1,food,2025-05-02,closed_met,2025-05-12
988,1286,1355,3,transportation,2025-05-01,closed_met,2025-05-04
989,1287,1359,3,transportation,2025-01-17,closed_met,2025-01-23
990,1288,1360,10,utilities,2025-03-19,closed_unmet,2025-05-06
991,1289,1362,1,food,2026-02-03,closed_met,2026-02-13
992,1290,1364,3,transportation,2026-01-25,closed_met,2026-02-01
993,1291,1365,4,food,2025-03-13,closed_met,2025-03-24
994,1292,1366,8,transportation,2025-05-05,closed_met,2025-05-18
995,1292,1366,11,safety,2025-05-03,closed_met,2025-05-21
996,1293,1367,6,utilities,2026-01-02,closed_met,2026-01-30
997,1297,1371,10,utilities,2025-02-21,closed_met,2025-03-12
998,1298,1372,10,utilities,2025-11-30,closed_met,2025-12-10
999,1302,1378,4,food,2025-10-15,closed_met,2025-10-21
1000,1302,1378,8,transportation,2025-10-17,closed_met,2025-10-21
1001,1303,1379,7,food,2025-08-29,closed_met,2025-09-16
1002,1303,1379,6,utilities,2025-08-26,closed_met,2025-09-17
1003,1305,1379,12,housing,2026-04-16,closed_met,2026-05-25
1004,1306,1385,1,food,2025-09-08,closed_met,2025-09-17
1005,1307,1388,5,housing,2026-03-17,open,
1006,1309,1390,11,safety,2025-11-08,closed_met,2025-11-30
1007,1310,1392,10,utilities,2025-09-16,closed_met,2025-09-22
1008,1311,1392,3,transportation,2025-03-03,closed_met,2025-03-06
1009,1311,1392,11,safety,2025-03-01,closed_met,2025-03-29
1010,1312,1393,6,utilities,2025-09-21,closed_unmet,2025-11-03
1011,1314,1396,1,food,2025-08-18,closed_unmet,2025-09-20
1012,1315,1398,3,transportation,2025-03-21,closed_met,2025-03-28
1013,1315,1398,10,utilities,2025-03-20,closed_met,2025-04-09
1014,1317,1401,1,food,2026-04-24,closed_met,2026-05-02
1015,1320,1403,7,food,2026-03-05,closed_met,2026-03-30
1016,1321,1403,12,housing,2025-05-01,closed_unmet,2025-06-10
1017,1321,1403,8,transportation,2025-05-01,closed_unmet,2025-06-18
1018,1321,1403,6,utilities,2025-05-05,closed_met,2025-06-04
1019,1322,1404,8,transportation,2026-05-12,open,
1020,1323,1404,2,housing,2026-04-27,closed_met,2026-06-21
1021,1327,1411,4,food,2025-10-26,closed_met,2025-11-09
1022,1329,1414,4,food,2026-06-23,open,
1023,1330,1415,1,food,2025-01-30,closed_unmet,2025-03-21
1024,1331,1416,1,food,2025-12-06,closed_met,2025-12-18
1025,1331,1416,10,utilities,2025-12-07,closed_met,2025-12-19
1026,1332,1417,2,housing,2026-03-10,closed_met,2026-04-16
1027,1332,1417,3,transportation,2026-03-06,closed_unmet,2026-04-06
1028,1333,1419,10,utilities,2025-05-31,open,
1029,1335,1419,8,transportation,2025-09-18,closed_met,2025-09-24
1030,1335,1419,6,utilities,2025-09-18,closed_met,2025-10-04
1031,1336,1421,1,food,2026-03-04,closed_met,2026-03-14
1032,1336,1421,6,utilities,2026-02-27,closed_met,2026-03-07
1033,1337,1422,3,transportation,2025-06-16,closed_met,2025-06-20
1034,1338,1427,11,safety,2025-07-04,closed_met,2025-07-18
1035,1340,1427,4,food,2025-07-07,closed_unmet,2025-08-18
1036,1341,1428,2,housing,2026-04-30,open,
1037,1341,1428,3,transportation,2026-05-03,closed_met,2026-05-07
1038,1345,1433,1,food,2025-02-12,closed_met,2025-02-19
1039,1346,1433,12,housing,2026-01-25,closed_unmet,2026-03-09
1040,1346,1433,8,transportation,2026-01-20,closed_unmet,2026-03-02
1041,1354,1438,7,food,2025-10-21,closed_met,2025-10-23
1042,1359,1442,11,safety,2025-04-10,closed_met,2025-04-20
1043,1360,1442,2,housing,2025-06-03,open,
1044,1362,1443,5,housing,2025-11-20,closed_met,2025-12-16
1045,1363,1445,10,utilities,2025-03-23,closed_met,2025-04-04
1046,1364,1448,1,food,2025-05-03,closed_met,2025-05-12
1047,1365,1449,1,food,2025-04-11,closed_met,2025-04-18
1048,1368,1452,7,food,2025-05-16,closed_met,2025-05-26
1049,1369,1453,3,transportation,2025-03-10,closed_met,2025-03-13
1050,1370,1453,10,utilities,2025-05-28,open,
1051,1372,1456,5,housing,2025-02-27,closed_met,2025-03-25
1052,1374,1459,11,safety,2025-12-16,closed_met,2025-12-25
1053,1375,1460,4,food,2025-07-12,closed_met,2025-07-20
1054,1377,1461,1,food,2025-02-27,closed_met,2025-03-07
1055,1379,1461,1,food,2025-06-14,closed_met,2025-06-15
1056,1381,1463,3,transportation,2026-06-01,closed_met,2026-06-07
1057,1383,1465,2,housing,2026-03-14,closed_met,2026-03-20
1058,1384,1466,2,housing,2026-06-23,open,
1059,1384,1466,1,food,2026-06-27,open,
1060,1384,1466,3,transportation,2026-06-25,closed_met,2026-06-30
1061,1386,1467,2,housing,2026-01-12,closed_met,2026-02-17
1062,1387,1468,3,transportation,2026-03-30,closed_met,2026-04-07
1063,1388,1469,3,transportation,2025-04-23,closed_met,2025-04-24
1064,1389,1470,10,utilities,2025-08-26,closed_met,2025-09-06
1065,1391,1472,5,housing,2025-12-24,closed_met,2026-01-06
1066,1392,1472,4,food,2025-12-25,closed_met,2026-01-06
1067,1394,1474,7,food,2026-01-21,closed_unmet,2026-03-05
1068,1396,1475,1,food,2025-12-13,closed_met,2025-12-17
1069,1398,1477,1,food,2025-03-14,closed_met,2025-03-24
1070,1399,1477,7,food,2026-05-28,open,
1071,1404,1485,8,transportation,2026-04-21,open,
1072,1408,1488,5,housing,2026-03-26,closed_met,2026-04-13
1073,1408,1488,10,utilities,2026-03-28,open,
1074,1410,1488,4,food,2025-05-08,closed_unmet,2025-06-16
1075,1411,1489,10,utilities,2025-09-17,closed_met,2025-10-04
1076,1411,1489,11,safety,2025-09-16,closed_met,2025-10-12
1077,1412,1491,6,utilities,2025-12-30,closed_met,2026-01-23
1078,1415,1493,2,housing,2026-06-21,open,
1079,1415,1493,1,food,2026-06-23,open,
1080,1417,1494,5,housing,2025-06-07,open,
1081,1417,1494,4,food,2025-06-08,closed_met,2025-06-27
1082,1418,1496,3,transportation,2026-01-29,closed_unmet,2026-03-24
1083,1419,1497,2,housing,2026-05-01,closed_unmet,2026-05-28
1084,1419,1497,10,utilities,2026-05-03,closed_met,2026-05-22
1085,1421,1500,2,housing,2025-02-13,closed_met,2025-04-03
1086,1422,1500,5,housing,2025-05-10,open,
1087,1429,1514,2,housing,2025-12-02,closed_met,2026-01-02
1088,1429,1514,7,food,2025-11-28,closed_met,2025-12-05
1089,1429,1514,10,utilities,2025-12-01,closed_met,2025-12-11
1090,1433,1519,1,food,2026-01-18,closed_met,2026-02-02
1091,1435,1520,5,housing,2026-01-14,closed_unmet,2026-01-30
1092,1437,1522,2,housing,2025-08-02,open,
1093,1437,1522,8,transportation,2025-07-29,closed_met,2025-08-07
1094,1438,1523,8,transportation,2025-04-05,closed_met,2025-04-08
1095,1439,1523,7,food,2025-01-25,closed_met,2025-02-05
1096,1439,1523,10,utilities,2025-01-29,closed_met,2025-02-21
1097,1441,1525,5,housing,2025-04-27,closed_met,2025-05-11
1098,1441,1525,4,food,2025-04-30,closed_met,2025-05-07
1099,1442,1526,4,food,2025-09-06,closed_met,2025-09-17
1100,1443,1527,2,housing,2025-02-07,open,
1101,1444,1528,3,transportation,2025-04-21,closed_met,2025-04-28
1102,1446,1529,2,housing,2026-05-13,closed_met,2026-06-17
1103,1447,1530,5,housing,2025-06-12,closed_met,2025-07-08
1104,1447,1530,8,transportation,2025-06-14,closed_met,2025-06-23
1105,1448,1532,7,food,2026-04-20,closed_met,2026-04-27
1106,1450,1537,2,housing,2025-08-02,open,
1107,1450,1537,10,utilities,2025-08-05,closed_met,2025-08-20
1108,1451,1538,7,food,2025-11-23,closed_met,2025-12-05
1109,1451,1538,3,transportation,2025-11-28,closed_met,2025-12-04
1110,1456,1548,5,housing,2026-07-03,open,
1111,1456,1548,4,food,2026-06-29,open,
1112,1457,1548,4,food,2025-02-11,closed_met,2025-02-22
1113,1458,1548,5,housing,2025-11-11,closed_met,2025-12-12
1114,1458,1548,4,food,2025-11-10,closed_met,2025-11-25
1115,1459,1549,3,transportation,2025-02-03,closed_met,2025-02-08
1116,1461,1552,4,food,2025-10-07,closed_met,2025-10-29
1117,1462,1555,1,food,2025-01-12,closed_met,2025-01-14
1118,1464,1559,12,housing,2026-04-07,closed_unmet,2026-04-21
1119,1464,1559,8,transportation,2026-04-13,open,
1120,1464,1559,6,utilities,2026-04-08,closed_met,2026-04-17
1121,1465,1560,2,housing,2025-10-10,closed_met,2025-11-06
1122,1465,1560,11,safety,2025-10-12,closed_met,2025-10-25
1123,1466,1562,10,utilities,2026-02-07,closed_met,2026-02-19
1124,1468,1564,3,transportation,2025-10-25,closed_met,2025-10-31
1125,1469,1565,6,utilities,2026-05-15,closed_met,2026-05-25
1126,1471,1566,5,housing,2025-10-28,closed_met,2025-11-14
1127,1475,1571,8,transportation,2025-01-08,closed_met,2025-02-02
1128,1480,1574,1,food,2025-02-04,closed_met,2025-02-10
1129,1480,1574,3,transportation,2025-02-03,closed_unmet,2025-02-26
1130,1481,1574,10,utilities,2025-08-15,closed_met,2025-09-01
1131,1485,1577,1,food,2026-03-28,closed_met,2026-04-03
1132,1487,1578,2,housing,2026-06-08,open,
1133,1487,1578,4,food,2026-06-08,closed_met,2026-06-11
1134,1493,1584,2,housing,2025-09-28,open,
1135,1494,1586,1,food,2025-12-13,closed_met,2025-12-21
1136,1494,1586,3,transportation,2025-12-12,closed_met,2025-12-23
1137,1496,1587,3,transportation,2026-01-13,closed_met,2026-01-16
1138,1498,1590,10,utilities,2026-01-05,closed_met,2026-01-24
1139,1505,1597,4,food,2026-01-05,closed_met,2026-01-19
1140,1508,1601,4,food,2026-06-11,closed_met,2026-06-24
1141,1508,1601,3,transportation,2026-06-12,closed_met,2026-06-16
1142,1508,1601,9,safety,2026-06-11,open,
1143,1509,1602,1,food,2026-04-12,closed_met,2026-04-17
1144,1512,1604,2,housing,2025-10-14,open,
1145,1513,1605,3,transportation,2026-01-13,closed_unmet,2026-02-11
1146,1517,1611,1,food,2025-10-11,closed_met,2025-10-19
1147,1517,1611,3,transportation,2025-10-10,closed_met,2025-10-06
1148,1518,1612,1,food,2025-09-30,closed_unmet,2025-11-22
1149,1519,1613,1,food,2025-09-01,closed_met,2025-09-13
1150,1519,1613,10,utilities,2025-09-01,closed_met,2025-09-12
1151,1522,1615,12,housing,2025-02-18,open,
1152,1522,1615,3,transportation,2025-02-15,closed_met,2025-02-18
1153,1523,1616,11,safety,2025-06-27,closed_met,2025-07-15
1154,1524,1616,12,housing,2026-04-23,open,
1155,1526,1619,3,transportation,2026-06-02,closed_met,2026-06-06
1156,1527,1624,4,food,2025-04-18,closed_met,2025-04-21
1157,1533,1629,2,housing,2025-08-15,closed_met,2025-09-21
1158,1533,1629,1,food,2025-08-19,closed_met,2025-08-29
1159,1535,1630,1,food,2026-02-25,closed_met,2026-03-02
1160,1535,1630,10,utilities,2026-02-25,closed_met,2026-03-16
1161,1537,1633,8,transportation,2025-02-09,open,
1162,1538,1634,3,transportation,2025-12-10,closed_met,2025-12-16
1163,1539,1635,4,food,2025-02-15,closed_met,2025-03-04
1164,1540,1635,4,food,2026-04-03,closed_met,2026-04-10
1165,1543,1637,5,housing,2025-04-01,closed_met,2025-04-23
1166,1543,1637,8,transportation,2025-04-01,closed_met,2025-04-06
1167,1545,1639,3,transportation,2026-01-09,closed_met,2026-01-11
1168,1545,1639,10,utilities,2026-01-14,closed_met,2026-01-19
1169,1546,1640,3,transportation,2026-02-09,closed_unmet,2026-03-12
1170,1548,1642,10,utilities,2025-09-11,closed_met,2025-09-25
1171,1549,1643,1,food,2025-03-23,closed_unmet,2025-05-01
1172,1551,1645,5,housing,2025-08-27,closed_met,2025-10-11
1173,1554,1648,8,transportation,2025-11-09,closed_met,2025-11-20
1174,1555,1648,12,housing,2025-11-26,open,
1175,1555,1648,4,food,2025-11-27,closed_met,2025-12-02
1176,1556,1649,11,safety,2025-09-28,closed_met,2025-10-15
1177,1557,1651,12,housing,2025-05-13,closed_met,2025-06-23
1178,1557,1651,3,transportation,2025-05-16,closed_met,2025-05-20
1179,1558,1652,1,food,2025-09-23,closed_met,2025-10-03
1180,1558,1652,11,safety,2025-09-23,closed_met,2025-10-02
1181,1559,1652,2,housing,2025-07-31,open,
1182,1560,1652,2,housing,2026-04-08,closed_met,2026-04-29
1183,1560,1652,10,utilities,2026-04-13,closed_met,2026-04-24
1184,1560,1652,11,safety,2026-04-12,closed_met,2026-04-16
1185,1561,1653,3,transportation,2025-05-17,closed_unmet,2025-07-03
1186,1562,1656,2,housing,2025-06-22,open,
1187,1564,1661,9,safety,2026-02-18,open,
1188,1565,1662,3,transportation,2025-07-08,closed_met,2025-07-13
1189,1566,1663,11,safety,2026-03-18,closed_met,2026-04-11
1190,1567,1664,3,transportation,2026-02-18,closed_met,2026-02-21
1191,1568,1665,4,food,2026-06-20,open,
1192,1570,1665,8,transportation,2025-11-16,closed_met,2025-11-25
1193,1571,1666,8,transportation,2026-01-18,open,
1194,1573,1668,12,housing,2025-03-15,open,
1195,1573,1668,8,transportation,2025-03-16,closed_met,2025-03-23
1196,1574,1669,4,food,2026-05-19,closed_met,2026-05-30
1197,1574,1669,10,utilities,2026-05-18,closed_met,2026-05-29
1198,1575,1670,8,transportation,2025-10-01,open,
1199,1576,1670,3,transportation,2025-09-16,closed_unmet,2025-10-26
1200,1578,1672,5,housing,2026-02-10,closed_met,2026-03-15
1201,1580,1674,5,housing,2025-07-26,open,
1202,1580,1674,6,utilities,2025-07-25,closed_unmet,2025-09-19
1203,1586,1678,4,food,2026-02-03,closed_unmet,2026-03-01
1204,1587,1681,1,food,2025-01-27,closed_unmet,2025-03-19
1205,1587,1681,11,safety,2025-01-25,closed_met,2025-02-15
1206,1589,1682,2,housing,2025-07-19,open,
1207,1590,1682,1,food,2026-05-03,closed_met,2026-05-08
1208,1591,1684,12,housing,2025-04-19,closed_met,2025-06-27
1209,1591,1684,8,transportation,2025-04-18,closed_unmet,2025-06-17
1210,1596,1692,2,housing,2025-09-21,closed_met,2025-10-05
1211,1597,1697,4,food,2025-07-15,closed_unmet,2025-09-07
1212,1598,1698,1,food,2025-06-16,closed_met,2025-06-21
1213,1599,1698,3,transportation,2026-06-18,closed_met,2026-06-26
1214,1603,1700,3,transportation,2025-12-07,closed_met,2025-12-14
1215,1604,1702,1,food,2026-02-06,open,
1216,1605,1702,3,transportation,2025-11-23,closed_met,2025-11-30
1217,1607,1704,1,food,2026-02-18,closed_met,2026-03-01
1218,1608,1705,4,food,2025-05-01,closed_met,2025-05-12
1219,1609,1707,2,housing,2025-12-05,closed_met,2026-01-17
1220,1612,1710,6,utilities,2025-12-10,closed_met,2025-12-24
1221,1613,1713,8,transportation,2025-05-21,closed_met,2025-05-24
1222,1614,1714,8,transportation,2025-02-14,closed_unmet,2025-03-25
1223,1616,1716,4,food,2025-05-24,open,
1224,1616,1716,10,utilities,2025-05-24,closed_met,2025-06-07
1225,1618,1718,7,food,2026-04-01,closed_met,2026-04-13
1226,1621,1722,1,food,2025-04-21,closed_met,2025-05-05
1227,1624,1729,2,housing,2025-02-26,closed_met,2025-03-23
1228,1624,1729,1,food,2025-02-21,closed_met,2025-03-02
1229,1625,1734,1,food,2026-01-02,closed_met,2026-01-07
1230,1625,1734,11,safety,2026-01-04,closed_met,2026-01-24
1231,1626,1735,1,food,2026-04-19,closed_met,2026-04-27
1232,1627,1736,10,utilities,2026-06-19,open,
1233,1628,1736,1,food,2025-04-26,closed_met,2025-05-02
1234,1628,1736,3,transportation,2025-04-21,closed_met,2025-04-26
1235,1629,1736,10,utilities,2026-04-07,closed_met,2026-04-23
1236,1631,1738,3,transportation,2026-02-25,closed_met,2026-02-28
1237,1635,1741,8,transportation,2026-03-30,closed_met,2026-04-05
1238,1636,1743,2,housing,2026-06-17,open,
1239,1637,1744,3,transportation,2025-05-20,closed_unmet,2025-07-12
1240,1638,1744,2,housing,2025-03-07,open,
1241,1640,1748,5,housing,2025-01-08,closed_met,2025-02-01
1242,1640,1748,3,transportation,2025-01-06,closed_unmet,2025-01-26
1243,1641,1749,3,transportation,2025-04-20,closed_unmet,2025-06-01
1244,1642,1750,10,utilities,2025-04-19,closed_met,2025-05-02
1245,1643,1751,2,housing,2025-11-27,closed_met,2026-01-04
1246,1644,1751,10,utilities,2025-07-10,closed_met,
1247,1645,1752,8,transportation,2026-05-22,open,
1248,1645,1752,6,utilities,2026-05-20,open,
1249,1646,1752,12,housing,2026-05-06,closed_met,2026-06-02
1250,1646,1752,1,food,2026-05-05,closed_met,2026-05-13
1251,1647,1752,12,housing,2026-01-15,closed_met,2026-01-29
1252,1647,1752,1,food,2026-01-17,closed_met,2026-01-25
1253,1648,1753,10,utilities,2025-03-27,closed_met,2025-04-18
1254,1649,1754,7,food,2026-01-01,open,
1255,1650,1754,10,utilities,2025-09-10,closed_unmet,2025-11-02
1256,1654,1760,4,food,2025-12-05,closed_met,2025-12-18
1257,1656,1762,1,food,2025-03-11,closed_met,2025-03-24
1258,1657,1762,10,utilities,2025-09-14,closed_met,2025-10-07
1259,1658,1763,1,food,2026-02-20,closed_unmet,2026-04-18
1260,1660,1767,2,housing,2026-04-29,closed_met,2026-06-07
1261,1663,1769,6,utilities,2025-08-08,closed_met,2025-08-23
1262,1665,1775,6,utilities,2025-01-16,closed_met,2025-01-24
1263,1666,1776,8,transportation,2026-02-01,open,
1264,1670,1778,12,housing,2026-04-27,open,
1265,1672,1780,2,housing,2025-06-27,closed_met,2025-07-11
1266,1673,1780,1,food,2025-06-29,closed_met,2025-07-06
1267,1677,1783,10,utilities,2026-01-29,closed_met,2026-02-15
1268,1679,1785,1,food,2026-05-10,closed_met,2026-05-21
1269,1680,1785,3,transportation,2026-05-18,closed_met,2026-05-22
1270,1681,1786,9,safety,2025-03-31,closed_unmet,2025-05-08
1271,1683,1787,1,food,2025-03-26,closed_unmet,2025-04-09
1272,1684,1788,12,housing,2026-01-02,closed_met,2026-02-07
1273,1686,1789,11,safety,2025-04-13,closed_met,2025-05-02
1274,1687,1791,2,housing,2025-04-21,closed_met,2025-05-15
1275,1687,1791,3,transportation,2025-04-19,closed_met,2025-04-24
1276,1687,1791,10,utilities,2025-04-23,open,
1277,1689,1793,1,food,2026-06-02,closed_met,2026-06-10
1278,1689,1793,3,transportation,2026-06-01,closed_met,2026-06-08
1279,1689,1793,11,safety,2026-06-01,closed_met,2026-06-16
1280,1691,1796,2,housing,2025-10-19,open,
1281,1691,1796,3,transportation,2025-10-25,closed_unmet,2025-12-04
1282,1692,1798,4,food,2025-02-21,closed_met,2025-03-03
1283,1693,1799,2,housing,2025-07-05,closed_met,2025-08-12
1284,1693,1799,1,food,2025-07-05,closed_met,2025-07-16
1285,1693,1799,10,utilities,2025-07-04,closed_met,2025-07-17
1286,1694,1799,2,housing,2025-01-17,closed_met,2025-02-16
1287,1695,1800,3,transportation,2025-06-29,closed_met,2025-07-04
1288,1696,1802,8,transportation,2025-10-08,closed_met,2025-10-15
1289,1697,1803,10,utilities,2025-01-11,closed_met,2025-01-24
1290,1698,1804,10,utilities,2026-06-19,closed_met,2026-06-25
1291,1699,1808,6,utilities,2025-05-11,closed_met,2025-05-31
1292,1700,1809,3,transportation,2026-02-22,closed_met,2026-03-03
1293,1703,1811,8,transportation,2025-02-15,closed_unmet,2025-03-24
1294,1704,1812,2,housing,2025-11-11,closed_met,2025-11-26
1295,1705,1812,11,safety,2025-10-28,closed_met,2025-10-29
1296,1706,1813,1,food,2025-12-27,closed_met,2026-01-07
1297,1709,1816,12,housing,2026-06-19,open,
1298,1709,1816,6,utilities,2026-06-17,open,
1299,1712,1820,2,housing,2026-02-18,open,
1300,1714,1821,3,transportation,2026-01-17,closed_met,2026-01-19
1301,1715,1822,2,housing,2026-01-03,closed_met,2026-02-26
1302,1715,1822,10,utilities,2026-01-03,closed_met,2026-01-07
1303,1716,1824,6,utilities,2025-03-14,closed_met,2025-04-06
1304,1717,1827,3,transportation,2025-06-28,closed_unmet,2025-07-27
1305,1721,1830,3,transportation,2025-12-10,closed_met,2025-12-11
1306,1721,1830,11,safety,2025-12-14,closed_met,2026-01-04
1307,1722,1831,7,food,2025-03-23,closed_met,2025-04-06
1308,1722,1831,3,transportation,2025-03-20,closed_met,2025-03-25
1309,1722,1831,6,utilities,2025-03-20,closed_met,2025-04-16
1310,1723,1833,6,utilities,2026-05-29,closed_met,2026-06-16
1311,1723,1833,11,safety,2026-05-23,closed_met,2026-06-10
1312,1724,1834,1,food,2026-04-15,closed_met,2026-04-28
1313,1727,1839,2,housing,2025-03-20,closed_met,2025-04-22
1314,1727,1839,1,food,2025-03-22,closed_met,2025-03-28
1315,1728,1840,1,food,2026-06-10,open,
1316,1729,1841,1,food,2025-11-20,closed_met,2025-11-27
1317,1730,1842,3,transportation,2025-12-04,closed_met,
1318,1731,1842,2,housing,2025-09-20,closed_met,2025-11-01
1319,1735,1852,1,food,2025-05-24,closed_met,2025-06-01
1320,1736,1853,1,food,2025-01-19,closed_met,2025-01-29
1321,1736,1853,10,utilities,2025-01-17,open,
1322,1737,1854,4,food,2026-05-31,closed_met,2026-06-11
1323,1738,1856,4,food,2025-08-23,closed_unmet,2025-10-10
1324,1740,1861,1,food,2025-06-20,open,
1325,1740,1861,10,utilities,2025-06-14,closed_unmet,2025-07-16
1326,1741,1864,11,safety,2025-06-22,closed_met,2025-07-17
1327,1743,1865,8,transportation,2025-04-08,open,
1328,1744,1866,4,food,2025-01-13,closed_met,2025-01-22
1329,1746,1868,2,housing,2026-03-13,open,
1330,1746,1868,3,transportation,2026-03-15,closed_met,2026-03-19
1331,1747,1870,4,food,2025-11-27,closed_met,2025-12-10
1332,1749,1874,1,food,2025-06-29,closed_met,2025-07-03
1333,1751,1875,3,transportation,2026-04-30,closed_met,2026-05-05
1334,1752,1875,12,housing,2026-03-24,open,
1335,1754,1878,2,housing,2025-09-18,open,
1336,1754,1878,7,food,2025-09-19,closed_unmet,2025-11-15
1337,1755,1878,8,transportation,2025-09-17,closed_met,2025-09-28
1338,1756,1879,8,transportation,2025-05-17,open,
1339,1757,1880,1,food,2025-06-11,closed_unmet,2025-07-10
1340,1757,1880,3,transportation,2025-06-14,closed_met,2025-06-22
1341,1759,1882,1,food,2025-04-23,closed_unmet,2025-05-11
1342,1759,1882,3,transportation,2025-04-23,closed_met,2025-04-25
1343,1761,1888,3,transportation,2025-05-21,closed_unmet,2025-07-03
1344,1764,1891,3,transportation,2026-03-08,closed_met,2026-03-14
1345,1766,1893,1,food,2025-08-14,closed_met,2025-08-25
1346,1767,1893,2,housing,2025-07-25,closed_met,2025-08-03
1347,1767,1893,3,transportation,2025-07-23,closed_met,2025-07-30
1348,1768,1894,8,transportation,2025-04-02,closed_met,2025-04-12
1349,1769,1894,8,transportation,2025-06-02,open,
1350,1771,1895,1,food,2025-05-17,closed_met,2025-05-25
1351,1774,1898,12,housing,2025-01-29,closed_met,2025-04-01
1352,1775,1899,12,housing,2025-12-13,closed_met,2026-01-21
1353,1776,1900,5,housing,2025-12-20,closed_unmet,2026-01-01
1354,1776,1900,11,safety,2025-12-17,closed_met,2025-12-28
1355,1777,1903,5,housing,2025-10-24,closed_met,2025-11-22
1356,1779,1907,10,utilities,2026-04-18,closed_met,2026-05-01
1357,1780,1907,5,housing,2025-02-25,open,
1358,1781,1908,4,food,2026-03-30,closed_unmet,2026-05-16
1359,1782,1909,3,transportation,2025-08-17,closed_unmet,2025-09-07
1360,1784,1912,10,utilities,2025-11-15,closed_met,2025-12-07
1361,1785,1913,2,housing,2025-07-31,closed_unmet,2025-08-30
1362,1787,1914,10,utilities,2025-02-04,closed_met,2025-02-21
1363,1790,1922,1,food,2026-06-01,closed_met,2026-06-09
1364,1791,1923,1,food,2026-06-01,closed_met,2026-06-05
1365,1792,1927,2,housing,2025-01-29,closed_met,2025-02-23
1366,1792,1927,3,transportation,2025-01-28,closed_unmet,2025-03-09
1367,1793,1928,12,housing,2025-10-06,closed_met,2025-11-22
1368,1793,1928,11,safety,2025-10-02,closed_met,2025-10-22
1369,1795,1931,10,utilities,2026-05-10,closed_met,2026-05-24
1370,1796,1931,4,food,2026-05-19,closed_met,2026-06-01
1371,1797,1932,12,housing,2025-06-26,open,
1372,1797,1932,4,food,2025-06-26,closed_met,2025-07-11
1373,1797,1932,11,safety,2025-06-23,closed_unmet,2025-07-30
1374,1799,1934,12,housing,2025-03-24,closed_unmet,2025-04-23
1375,1799,1934,7,food,2025-03-24,closed_met,2025-04-08
1376,1799,1934,9,safety,2025-03-24,closed_met,2025-04-18
1377,1807,1941,5,housing,2025-01-11,closed_unmet,2025-03-05
1378,1808,1941,4,food,2025-05-16,closed_met,2025-06-01
1379,1814,1947,7,food,2025-08-06,closed_met,2025-08-19
1380,1814,1947,3,transportation,2025-08-06,closed_unmet,2025-08-16
1381,1814,1947,6,utilities,2025-08-11,closed_met,2025-09-04
1382,1815,1948,4,food,2025-09-07,closed_met,2025-09-20
1383,1816,1949,3,transportation,2025-12-14,closed_unmet,2026-01-08
1384,1818,1949,10,utilities,2025-05-26,closed_met,2025-06-12
1385,1820,1950,10,utilities,2025-03-14,open,
1386,1821,1951,3,transportation,2026-01-08,closed_met,2026-01-16
1387,1822,1953,2,housing,2025-02-17,open,
1388,1822,1953,1,food,2025-02-20,closed_met,2025-02-27
1389,1823,1954,3,transportation,2025-01-10,closed_met,2025-01-11
1390,1824,1955,10,utilities,2026-04-03,closed_met,2026-04-18
1391,1827,1956,1,food,2025-06-20,closed_met,2025-06-30
1392,1827,1956,10,utilities,2025-06-25,closed_unmet,2025-07-23
1393,1830,1960,10,utilities,2026-01-10,closed_met,2026-01-20
1394,1831,1960,3,transportation,2025-07-07,closed_met,2025-07-12
1395,1832,1961,4,food,2026-01-14,open,
1396,1833,1962,2,housing,2026-05-01,closed_unmet,2026-05-20
1397,1833,1962,1,food,2026-05-03,closed_met,2026-05-08
1398,1836,1965,10,utilities,2025-10-31,closed_met,2025-11-22
1399,1837,1965,7,food,2025-11-17,closed_met,2025-11-30
1400,1838,1966,4,food,2026-01-06,closed_met,2026-01-11
1401,1840,1967,4,food,2025-06-22,closed_met,2025-07-08
1402,1841,1968,8,transportation,2025-11-08,closed_unmet,2025-12-21
1403,1841,1968,10,utilities,2025-11-06,open,
1404,1844,1973,3,transportation,2025-04-20,closed_met,2025-04-28
1405,1845,1974,10,utilities,2025-09-11,closed_met,
1406,1846,1975,10,utilities,2025-07-09,closed_met,2025-07-25
1407,1847,1975,4,food,2025-01-08,closed_met,2025-01-20
1408,1847,1975,10,utilities,2025-01-09,closed_met,2025-01-27
1409,1848,1977,3,transportation,2026-02-16,closed_met,2026-02-20
1410,1849,1978,7,food,2025-08-12,closed_met,2025-08-24
1411,1849,1978,8,transportation,2025-08-08,closed_met,2025-08-19
1412,1850,1978,2,housing,2025-05-03,open,
1413,1852,1979,8,transportation,2025-05-02,closed_met,2025-05-12
1414,1852,1979,9,safety,2025-05-02,closed_met,2025-06-04
1415,1853,1980,7,food,2025-02-14,closed_met,2025-02-21
1416,1853,1980,8,transportation,2025-02-16,closed_met,2025-03-01
1417,1854,1981,10,utilities,2026-04-26,closed_met,2026-05-19
1418,1855,1981,8,transportation,2026-03-20,closed_met,2026-03-25
1419,1855,1981,6,utilities,2026-03-21,closed_unmet,2026-04-04
1420,1856,1982,2,housing,2025-03-22,closed_met,2025-05-08
1421,1856,1982,11,safety,2025-03-22,closed_met,2025-04-06
1422,1858,1985,8,transportation,2025-11-27,open,
1423,1859,1986,5,housing,2025-02-02,closed_met,2025-03-27
1424,1860,1987,1,food,2025-02-16,open,
1425,1860,1987,3,transportation,2025-02-13,closed_met,2025-02-19
1426,1862,1989,6,utilities,2025-09-22,open,
1427,1863,1989,4,food,2026-06-21,open,
1428,1863,1989,8,transportation,2026-06-18,closed_met,2026-06-26
1429,1864,1989,1,food,2026-02-16,closed_unmet,2026-03-27
1430,1864,1989,3,transportation,2026-02-14,closed_unmet,2026-04-07
1431,1865,1990,1,food,2025-12-30,closed_met,2026-01-10
1432,1868,1992,2,housing,2025-01-18,open,
1433,1868,1992,3,transportation,2025-01-23,closed_met,2025-01-27
1434,1872,1996,7,food,2025-10-06,closed_met,2025-10-19
1435,1873,1997,7,food,2026-07-01,open,
1436,1873,1997,11,safety,2026-06-26,closed_met,2026-06-29
1437,1875,1999,2,housing,2025-11-03,open,
1438,1876,2000,8,transportation,2025-07-02,closed_met,2025-07-13
1439,1881,2005,3,transportation,2025-03-17,closed_met,2025-03-28
1440,1882,2005,10,utilities,2026-03-04,open,
1441,1883,2006,10,utilities,2025-01-12,closed_met,2025-01-27
1442,1884,2007,7,food,2025-09-19,closed_met,2025-09-29
1443,1886,2009,4,food,2026-04-10,closed_met,2026-04-25
1444,1886,2009,10,utilities,2026-04-09,closed_met,2026-04-25
1445,1887,2009,4,food,2026-01-03,closed_met,2026-01-05
1446,1889,2013,3,transportation,2025-01-19,closed_met,2025-01-26
1447,1893,2017,2,housing,2025-10-31,closed_met,2025-11-29
1448,1893,2017,1,food,2025-10-27,closed_met,2025-11-04
1449,1893,2017,3,transportation,2025-10-31,closed_met,2025-11-06
1450,1899,2024,6,utilities,2025-03-05,closed_met,2025-04-04
1451,1899,2024,9,safety,2025-03-05,closed_met,2025-03-19
1452,1900,2026,2,housing,2025-12-18,closed_met,2026-01-16
1453,1901,2027,5,housing,2025-06-21,closed_met,2025-07-08
1454,1901,2027,1,food,2025-06-25,closed_met,2025-07-01
1455,1901,2027,10,utilities,2025-06-25,open,
1456,1902,2028,2,housing,2026-06-05,open,
1457,1902,2028,7,food,2026-06-04,closed_met,2026-06-14
1458,1902,2028,10,utilities,2026-06-05,closed_met,2026-06-24
1459,1903,2030,8,transportation,2025-01-17,closed_met,2025-01-31
1460,1905,2034,2,housing,2025-03-01,open,
1461,1906,2035,1,food,2025-11-24,open,
1462,1906,2035,3,transportation,2025-11-24,closed_met,2025-11-28
1463,1907,2036,8,transportation,2026-06-17,closed_met,2026-06-26
1464,1907,2036,6,utilities,2026-06-22,open,
1465,1909,2036,1,food,2025-09-09,closed_met,2025-09-19
1466,1909,2036,8,transportation,2025-09-14,closed_met,2025-09-25
1467,1910,2037,4,food,2026-01-09,closed_met,2026-01-22
1468,1913,2038,2,housing,2025-12-02,open,
1469,1913,2038,8,transportation,2025-11-28,closed_met,2025-12-13
1470,1917,2042,2,housing,2026-03-16,open,
1471,1917,2042,4,food,2026-03-12,closed_met,2026-03-18
1472,1920,2046,2,housing,2026-06-11,closed_met,2026-06-28
1473,1922,2048,1,food,2025-04-30,closed_met,2025-05-07
1474,1925,2050,1,food,2026-02-28,closed_met,2026-03-02
1475,1926,2051,4,food,2025-03-22,closed_met,2025-03-29
1476,1926,2051,3,transportation,2025-03-28,closed_met,2025-03-31
1477,1926,2051,10,utilities,2025-03-27,closed_met,2025-04-08
1478,1927,2051,10,utilities,2026-06-22,closed_met,2026-06-28
1479,1928,2052,1,food,2026-02-11,open,
1480,1929,2053,7,food,2025-06-14,closed_unmet,2025-07-14
1481,1930,2053,7,food,2025-05-11,open,
1482,1933,2058,7,food,2026-05-17,open,
1483,1934,2059,1,food,2025-03-22,closed_met,2025-03-31
1484,1935,2060,1,food,2025-10-17,closed_met,2025-10-24
1485,1935,2060,8,transportation,2025-10-17,closed_met,2025-10-20
1486,1936,2061,2,housing,2025-12-20,open,
1487,1937,2062,1,food,2026-02-18,closed_met,2026-03-01
1488,1938,2062,10,utilities,2026-06-02,closed_met,2026-06-16
1489,1942,2067,4,food,2026-02-24,closed_met,2026-03-16
1490,1944,2070,11,safety,2026-01-09,closed_met,2026-01-23
1491,1945,2071,10,utilities,2025-04-20,closed_met,2025-05-14
1492,1946,2074,1,food,2025-04-16,closed_met,2025-04-30
1493,1947,2075,7,food,2025-08-17,closed_met,2025-08-29
1494,1947,2075,8,transportation,2025-08-20,open,
1495,1951,2080,2,housing,2025-12-08,open,
1496,1952,2082,2,housing,2025-11-10,closed_met,2025-12-02
1497,1952,2082,3,transportation,2025-11-13,closed_met,2025-11-16
1498,1952,2082,6,utilities,2025-11-15,closed_met,2025-11-13
1499,1953,2083,1,food,2026-02-20,closed_met,2026-03-04
1500,1954,2084,2,housing,2025-04-24,closed_unmet,2025-05-10
1501,1954,2084,1,food,2025-04-23,closed_met,2025-04-30
1502,1955,2085,1,food,2025-01-20,closed_met,2025-01-29
1503,1955,2085,10,utilities,2025-01-20,closed_met,2025-02-01
1504,1958,2087,10,utilities,2026-04-23,closed_met,2026-05-04
1505,1959,2090,1,food,2026-01-27,closed_met,2026-01-31
1506,1959,2090,10,utilities,2026-01-31,closed_met,2026-02-09
1507,1961,2092,12,housing,2025-08-26,open,
1508,1965,2094,3,transportation,2025-11-26,closed_met,2025-12-05
1509,1966,2096,10,utilities,2025-02-22,open,
1510,1971,2099,8,transportation,2025-08-03,closed_met,2025-08-20
1511,1975,2102,8,transportation,2025-09-19,open,
1512,1980,2106,3,transportation,2026-06-27,open,
1513,1982,2109,8,transportation,2026-06-01,open,
1514,1984,2113,3,transportation,2025-06-27,closed_met,2025-07-01
1515,1985,2115,2,housing,2026-04-28,closed_unmet,2026-06-09
1516,1986,2116,3,transportation,2026-05-27,closed_met,2026-06-03
1517,1987,2116,7,food,2025-04-17,closed_met,2025-05-09
1518,1988,2117,2,housing,2026-01-23,closed_met,2026-03-07
1519,1989,2118,11,safety,2025-02-17,closed_met,2025-03-05
1520,1992,2120,1,food,2025-07-07,closed_unmet,2025-08-15
1521,1994,2126,1,food,2025-12-16,closed_met,2025-12-22
1522,1996,2127,8,transportation,2025-03-21,closed_met,2025-04-10
1523,1997,2128,4,food,2025-06-21,closed_unmet,2025-07-19
1524,1997,2128,6,utilities,2025-06-26,open,
1525,1999,2130,4,food,2026-06-04,closed_met,2026-06-15
1526,2001,2132,6,utilities,2025-04-11,open,
1527,2002,2134,3,transportation,2026-05-23,closed_met,2026-05-30
1528,2006,2137,2,housing,2026-03-30,closed_unmet,2026-05-13
1529,2007,2137,2,housing,2025-01-02,closed_met,2025-02-08
1530,2008,2137,1,food,2025-09-12,closed_met,2025-09-24
1531,2008,2137,3,transportation,2025-09-11,closed_met,2025-09-15
1532,2009,2138,8,transportation,2026-04-30,open,
1533,2010,2139,3,transportation,2026-06-13,closed_met,2026-06-20
1534,2012,2141,12,housing,2025-04-07,open,
1535,2013,2141,1,food,2026-04-10,closed_met,2026-04-16
1536,2014,2142,4,food,2026-05-06,closed_met,2026-05-19
1537,1000537,2142,9,safety,2026-05-06,closed_met,2026-06-13
1538,2015,2142,4,food,2025-01-21,closed_met,2025-01-31
1539,2016,2143,3,transportation,2026-06-05,closed_met,2026-06-09
1540,2017,2144,3,transportation,2025-11-13,closed_met,2025-11-20
1541,2018,2145,3,transportation,2025-06-02,closed_met,2025-06-04
1542,2020,2148,2,housing,2026-01-14,closed_unmet,2026-02-24
1543,2020,2148,3,transportation,2026-01-15,closed_met,2026-01-21
1544,2021,2149,4,food,2025-10-06,closed_met,2025-10-14
1545,2021,2149,11,safety,2025-10-07,open,
1546,2023,2150,1,food,2025-12-11,closed_met,2025-12-21
1547,2025,2152,10,utilities,2025-09-09,closed_met,2025-09-16
1548,2026,2152,10,utilities,2025-03-01,closed_met,2025-03-17
1549,2027,2153,3,transportation,2025-12-28,closed_met,2026-01-03
1550,2027,2153,10,utilities,2025-12-28,closed_met,2026-01-16
1551,2028,2153,2,housing,2026-04-26,closed_unmet,2026-06-13
1552,2029,2155,10,utilities,2025-04-16,closed_met,2025-05-07
1553,2033,2159,8,transportation,2026-05-01,open,
1554,2034,2160,3,transportation,2025-08-29,closed_met,2025-09-06
1555,2035,2161,11,safety,2025-01-13,closed_met,2025-01-28
1556,2037,2164,8,transportation,2025-12-27,closed_met,2026-01-06
1557,2040,2165,10,utilities,2025-02-05,closed_unmet,2025-02-27
1558,2041,2166,2,housing,2025-12-13,closed_unmet,2026-02-03
1559,2041,2166,3,transportation,2025-12-12,closed_met,2025-12-16
1560,2042,2167,6,utilities,2026-03-04,closed_unmet,2026-03-22
1561,2043,2167,3,transportation,2025-09-26,closed_met,2025-09-28
1562,2045,2171,5,housing,2025-09-15,open,
1563,2046,2172,7,food,2025-10-02,closed_met,2025-10-18
1564,2049,2175,3,transportation,2026-04-07,closed_met,2026-04-17
1565,2049,2175,10,utilities,2026-04-08,open,
1566,2050,2177,5,housing,2026-02-06,open,
1567,2050,2177,3,transportation,2026-02-09,closed_met,2026-02-16
1568,2051,2177,6,utilities,2025-12-31,closed_met,2026-01-07
1569,2051,2177,9,safety,2026-01-01,closed_met,2026-01-21
1570,2053,2180,8,transportation,2025-09-20,closed_met,2025-10-04
1571,2055,2184,12,housing,2026-06-11,open,
1572,2055,2184,7,food,2026-06-10,closed_met,2026-06-27
1573,2058,2186,2,housing,2026-05-30,open,
1574,2059,2186,1,food,2025-10-21,closed_met,2025-11-01
1575,2062,2188,2,housing,2025-04-13,closed_met,2025-05-31
1576,2063,2189,7,food,2025-12-25,closed_met,2026-01-11
1577,2065,2191,8,transportation,2026-06-19,open,
1578,2069,2196,3,transportation,2025-12-20,closed_met,2025-12-24
1579,2071,2197,12,housing,2026-03-27,open,
1580,2073,2199,12,housing,2025-02-28,closed_unmet,2025-04-01
1581,2073,2199,7,food,2025-02-26,open,
1582,2073,2199,8,transportation,2025-02-27,closed_met,2025-03-04
1583,2074,2200,2,housing,2025-05-24,closed_met,2025-07-05
1584,2074,2200,10,utilities,2025-05-21,closed_met,2025-06-07
1585,2074,2200,11,safety,2025-05-23,closed_met,2025-05-31
1586,2078,2205,5,housing,2025-12-09,closed_met,2026-01-12
1587,2079,2206,2,housing,2026-04-02,closed_met,2026-05-05
1588,2079,2206,10,utilities,2026-04-04,closed_met,2026-04-19
1589,2083,2208,2,housing,2026-04-22,open,
1590,2083,2208,8,transportation,2026-04-18,closed_unmet,2026-05-22
1591,2088,2215,3,transportation,2025-09-20,closed_unmet,2025-10-03
1592,2089,2217,7,food,2025-05-07,closed_met,2025-05-23
1593,2091,2219,8,transportation,2025-06-16,closed_unmet,2025-07-17
1594,2093,2222,3,transportation,2025-07-08,closed_unmet,2025-08-12
1595,2094,2222,10,utilities,2026-06-06,closed_met,2026-06-20
1596,2095,2223,7,food,2025-03-14,closed_met,2025-04-02
1597,2101,2228,10,utilities,2025-05-11,closed_met,2025-05-26
1598,2102,2228,10,utilities,2025-12-30,open,
1599,2102,2228,11,safety,2025-12-29,closed_met,2026-01-18
1600,2106,2233,1,food,2025-03-18,closed_met,2025-03-24
1601,2107,2234,8,transportation,2025-01-10,closed_met,2025-01-18
1602,2107,2234,6,utilities,2025-01-12,closed_met,2025-02-16
1603,2108,2235,3,transportation,2025-11-22,closed_met,2025-11-26
1604,2109,2235,1,food,2026-06-21,closed_met,2026-06-26
1605,2112,2239,3,transportation,2026-04-03,closed_met,2026-04-06
1606,2113,2241,4,food,2025-02-12,closed_met,2025-02-19
1607,2113,2241,8,transportation,2025-02-11,closed_met,2025-02-16
1608,2114,2241,4,food,2025-10-12,closed_met,2025-10-20
1609,2117,2243,8,transportation,2025-06-15,closed_met,2025-06-22
1610,2117,2243,11,safety,2025-06-11,closed_met,2025-06-22
1611,2121,2245,4,food,2025-05-27,closed_met,2025-06-05
1612,2122,2246,10,utilities,2026-04-08,closed_met,2026-04-14
1613,2123,2247,5,housing,2026-04-02,closed_unmet,2026-05-01
1614,2123,2247,10,utilities,2026-04-03,closed_met,2026-04-21
1615,2124,2248,3,transportation,2026-02-11,closed_met,2026-02-19
1616,2127,2252,2,housing,2025-06-09,open,
1617,2128,2253,10,utilities,2025-02-12,open,
1618,2129,2254,2,housing,2026-04-01,closed_unmet,2026-05-09
1619,2129,2254,11,safety,2026-04-01,closed_met,2026-05-08
1620,2130,2257,1,food,2025-05-14,closed_met,2025-05-23
1621,2131,2257,1,food,2025-12-04,closed_met,2025-12-12
1622,2133,2260,12,housing,2025-05-01,open,
1623,2134,2261,4,food,2025-11-21,closed_met,2025-12-04
1624,2137,2268,1,food,2025-08-18,closed_met,2025-08-26
1625,2138,2269,10,utilities,2026-01-04,closed_met,2026-01-18
1626,2139,2271,2,housing,2026-01-25,closed_met,2026-03-10
1627,2140,2272,7,food,2025-04-18,closed_met,2025-05-05
1628,2141,2273,1,food,2026-02-26,closed_met,2026-03-03
1629,2141,2273,10,utilities,2026-03-01,closed_met,2026-03-16
1630,2143,2277,2,housing,2025-08-16,open,
1631,2143,2277,11,safety,2025-08-14,open,
1632,2144,2277,7,food,2025-12-12,closed_met,2025-12-17
1633,2145,2279,5,housing,2025-09-25,closed_met,2025-10-11
1634,2146,2279,5,housing,2026-03-20,closed_met,2026-05-05
1635,2148,2280,2,housing,2025-05-12,closed_met,2025-05-31
1636,2148,2280,1,food,2025-05-07,closed_unmet,2025-06-09
1637,2148,2280,3,transportation,2025-05-11,closed_met,2025-05-16
1638,2150,2284,3,transportation,2025-01-17,closed_met,2025-01-24
1639,2151,2285,4,food,2025-06-08,closed_met,2025-06-21
1640,2153,2287,1,food,2025-10-31,closed_met,2025-11-06
1641,2154,2288,1,food,2026-02-20,closed_met,2026-03-01
1642,2154,2288,11,safety,2026-02-17,open,
1643,2156,2288,2,housing,2025-08-18,closed_met,2025-09-29
1644,2156,2288,1,food,2025-08-16,closed_met,2025-08-25
1645,2159,2291,4,food,2026-01-22,open,
1646,2161,2292,10,utilities,2025-12-13,closed_met,2025-12-30
1647,2162,2292,1,food,2026-03-05,closed_met,2026-03-10
1648,2162,2292,10,utilities,2026-03-07,closed_met,2026-03-17
1649,2163,2294,2,housing,2026-01-22,open,
1650,2163,2294,10,utilities,2026-01-19,closed_met,2026-02-06
1651,2164,2295,7,food,2025-01-20,closed_met,2025-02-02
1652,2166,2297,3,transportation,2026-06-28,closed_met,2026-06-30
1653,2167,2297,4,food,2025-12-04,closed_met,2025-12-16
1654,2168,2298,4,food,2025-11-21,closed_met,2025-11-22
1655,2170,2299,3,transportation,2025-09-12,closed_met,2025-09-22
1656,2171,2300,9,safety,2025-03-27,closed_unmet,2025-05-19
1657,2172,2301,10,utilities,2025-01-25,open,
1658,2173,2302,12,housing,2026-01-29,closed_met,2026-03-15
1659,2173,2302,3,transportation,2026-01-29,closed_met,2026-02-04
1660,2174,2303,2,housing,2026-04-09,closed_unmet,2026-05-25
1661,2174,2303,3,transportation,2026-04-09,closed_unmet,2026-04-19
1662,2177,2305,4,food,2025-01-31,closed_met,2025-02-14
1663,2178,2306,1,food,2026-04-03,closed_met,2026-04-12
1664,2181,2308,6,utilities,2026-05-09,closed_unmet,2026-06-07
1665,2185,2314,2,housing,2026-04-24,closed_met,2026-06-15
1666,2185,2314,1,food,2026-04-19,closed_met,2026-04-26
1667,2185,2314,10,utilities,2026-04-21,closed_met,2026-04-29
1668,2186,2314,2,housing,2025-09-29,closed_met,2025-11-22
1669,2186,2314,1,food,2025-09-27,closed_met,2025-10-07
1670,2186,2314,3,transportation,2025-09-24,closed_met,2025-10-01
1671,2188,2316,12,housing,2026-07-01,open,
1672,2188,2316,7,food,2026-07-01,open,
1673,2189,2316,12,housing,2025-12-23,open,
1674,2190,2317,2,housing,2025-12-02,closed_met,2025-12-30
1675,2190,2317,3,transportation,2025-11-29,closed_met,2025-12-07
1676,2192,2319,3,transportation,2026-05-24,closed_met,2026-05-28
1677,2193,2321,5,housing,2025-10-09,closed_met,2025-11-03
1678,2194,2321,10,utilities,2026-05-02,closed_met,2026-05-12
1679,2195,2321,8,transportation,2026-05-15,closed_met,2026-05-20
1680,2195,2321,6,utilities,2026-05-16,closed_met,2026-06-08
1681,2196,2322,2,housing,2026-01-01,closed_met,2026-03-07
1682,2197,2324,10,utilities,2025-06-27,closed_met,2025-07-17
1683,2199,2325,1,food,2025-04-08,closed_unmet,2025-04-28
1684,2199,2325,10,utilities,2025-04-03,closed_met,2025-04-15
1685,2201,2327,2,housing,2025-09-26,open,
1686,2201,2327,3,transportation,2025-09-30,closed_unmet,2025-11-25
1687,2202,2327,2,housing,2025-06-04,closed_unmet,2025-07-23
1688,2202,2327,1,food,2025-06-04,open,
1689,2202,2327,3,transportation,2025-06-09,closed_unmet,2025-08-08
1690,2205,2329,1,food,2025-12-23,closed_met,2026-01-01
1691,2205,2329,10,utilities,2025-12-24,closed_met,2026-01-10
1692,2206,2330,2,housing,2025-02-16,closed_met,2025-03-23
1693,2208,2332,5,housing,2025-11-12,closed_met,2025-12-06
1694,2209,2332,6,utilities,2025-04-28,closed_met,2025-05-13
1695,2210,2333,1,food,2026-04-08,closed_met,2026-04-20
1696,2212,2337,4,food,2026-05-17,closed_met,2026-05-27
1697,2213,2338,2,housing,2026-06-13,open,
1698,2213,2338,3,transportation,2026-06-12,open,
1699,2214,2339,4,food,2026-05-14,closed_met,2026-05-24
1700,2214,2339,8,transportation,2026-05-13,closed_met,2026-05-23
1701,2216,2341,2,housing,2025-08-18,closed_met,2025-08-29
1702,2216,2341,1,food,2025-08-14,closed_met,2025-08-24
1703,2217,2342,10,utilities,2025-01-18,open,
1704,2218,2342,5,housing,2025-11-04,open,
1705,2219,2343,1,food,2025-12-11,closed_unmet,2026-02-06
1706,2223,2345,8,transportation,2025-03-23,open,
1707,2224,2349,12,housing,2025-10-15,open,
1708,2224,2349,3,transportation,2025-10-17,closed_met,2025-10-27
1709,2226,2351,1,food,2025-11-15,closed_unmet,2025-12-11
1710,2226,2351,3,transportation,2025-11-17,closed_met,2025-11-25
1711,2226,2351,10,utilities,2025-11-15,closed_met,2025-11-26
1712,2227,2353,1,food,2025-10-20,closed_met,2025-10-30
1713,2227,2353,10,utilities,2025-10-17,closed_met,2025-11-11
1714,2228,2354,2,housing,2026-01-20,open,
1715,2230,2359,7,food,2025-08-26,closed_met,2025-09-15
1716,2230,2359,8,transportation,2025-08-25,closed_met,2025-08-31
1717,2235,2363,7,food,2025-09-22,closed_met,2025-10-08
1718,2237,2365,5,housing,2026-06-29,open,
1719,2237,2365,4,food,2026-07-01,open,
1720,2238,2369,7,food,2025-07-17,open,
1721,2238,2369,6,utilities,2025-07-18,closed_unmet,2025-08-23
1722,2245,2375,12,housing,2026-02-25,open,
1723,2245,2375,9,safety,2026-02-27,open,
1724,2246,2375,12,housing,2026-04-27,open,
1725,2246,2375,6,utilities,2026-05-03,open,
1726,2247,2376,4,food,2026-03-19,closed_met,2026-03-31
1727,2248,2376,4,food,2025-11-10,closed_met,2025-11-12
1728,2251,2381,2,housing,2025-02-07,closed_met,2025-03-15
1729,2252,2382,5,housing,2025-03-08,closed_met,2025-04-12
1730,2253,2384,2,housing,2025-10-21,open,
1731,2253,2384,4,food,2025-10-19,closed_unmet,2025-10-31
1732,2254,2384,5,housing,2025-09-15,closed_met,2025-10-03
1733,2254,2384,3,transportation,2025-09-17,closed_met,2025-09-23
1734,2257,2389,7,food,2026-05-07,closed_met,2026-05-31
1735,2262,2396,1,food,2026-01-30,closed_met,2026-02-07
1736,2263,2396,1,food,2025-11-24,closed_met,2025-12-01
1737,2263,2396,10,utilities,2025-11-25,closed_unmet,2025-12-22
1738,2264,2397,2,housing,2026-04-19,closed_met,2026-06-09
1739,2265,2398,1,food,2025-03-26,closed_met,2025-04-04
1740,2267,2399,7,food,2026-01-10,open,
1741,2269,2399,2,housing,2025-01-12,closed_met,2025-02-10
1742,2269,2399,3,transportation,2025-01-09,closed_met,2025-01-10
1743,2270,2400,7,food,2026-03-18,closed_met,2026-03-30
1744,2271,2401,10,utilities,2025-02-05,open,
1745,2274,2405,3,transportation,2026-01-25,closed_met,2026-02-02
1746,2281,2414,12,housing,2026-04-03,open,
1747,2281,2414,1,food,2026-04-03,closed_met,2026-04-16
1748,2282,2415,12,housing,2026-04-29,closed_met,2026-06-14
1749,2283,2416,1,food,2025-04-01,closed_met,2025-04-10
1750,2283,2416,10,utilities,2025-03-31,closed_met,2025-04-15
1751,2284,2417,4,food,2026-01-08,closed_met,2026-01-16
1752,2285,2417,4,food,2025-07-03,closed_met,2025-07-12
1753,2287,2419,5,housing,2025-04-19,open,
1754,2288,2420,5,housing,2025-01-30,open,
1755,2289,2420,12,housing,2025-02-14,closed_met,2025-03-27
1756,2292,2424,1,food,2025-05-17,closed_met,2025-05-27
1757,2295,2425,1,food,2025-07-28,closed_met,2025-08-03
1758,2296,2428,1,food,2025-01-06,closed_met,2025-01-23
1759,2297,2429,8,transportation,2025-09-13,closed_met,2025-09-23
1760,2298,2429,2,housing,2025-01-16,open,
1761,2299,2431,4,food,2025-02-22,closed_unmet,2025-04-05
1762,2300,2433,2,housing,2025-11-12,closed_met,2025-12-26
1763,2300,2433,7,food,2025-11-11,closed_met,2025-11-23
1764,2300,2433,3,transportation,2025-11-13,closed_met,2025-11-19
1765,2300,2433,11,safety,2025-11-15,closed_met,2025-11-24
1766,2301,2434,2,housing,2025-05-08,open,
1767,2302,2434,10,utilities,2025-04-15,closed_met,2025-04-16
1768,2303,2435,5,housing,2025-08-09,closed_met,2025-08-22
1769,2305,2436,4,food,2025-02-20,closed_met,2025-03-04
1770,2306,2438,3,transportation,2025-08-16,closed_met,2025-08-27
1771,2308,2439,4,food,2025-10-31,closed_met,2025-11-04
1772,2309,2440,2,housing,2025-02-17,closed_unmet,2025-03-23
1773,2309,2440,1,food,2025-02-19,closed_met,2025-02-27
1774,2309,2440,3,transportation,2025-02-17,closed_met,2025-02-19
1775,2310,2441,6,utilities,2026-03-25,closed_met,2026-04-10
1776,2311,2441,12,housing,2026-03-14,closed_met,2026-04-01
1777,2318,2447,9,safety,2025-04-18,closed_met,2025-05-08
1778,2321,2450,2,housing,2025-08-15,closed_unmet,2025-09-30
1779,2322,2451,10,utilities,2025-08-21,open,
1780,2323,2452,10,utilities,2026-03-08,closed_met,2026-03-23
1781,2324,2454,1,food,2025-07-27,closed_met,2025-07-28
1782,2324,2454,3,transportation,2025-07-31,closed_met,2025-08-02
1783,2325,2454,3,transportation,2025-06-16,closed_met,2025-06-27
1784,2326,2455,4,food,2026-02-19,closed_met,2026-03-02
1785,2328,2456,5,housing,2026-04-11,closed_met,2026-05-19
1786,2328,2456,1,food,2026-04-12,closed_met,2026-04-21
1787,2330,2457,1,food,2026-06-25,open,
1788,2331,2458,3,transportation,2026-01-20,closed_met,2026-01-26
1789,2333,2460,5,housing,2026-03-24,closed_met,2026-05-02
1790,2333,2460,8,transportation,2026-03-23,closed_met,2026-03-30
1791,2335,2462,10,utilities,2025-01-10,open,
1792,2339,2465,4,food,2026-03-12,closed_met,2026-03-29
1793,2341,2466,2,housing,2025-01-18,closed_met,2025-02-09
1794,2342,2468,4,food,2025-03-08,closed_met,2025-03-14
1795,2343,2468,10,utilities,2025-04-15,closed_met,2025-04-27
1796,2344,2469,7,food,2025-05-31,open,
1797,2346,2470,2,housing,2026-05-11,open,
1798,2347,2470,2,housing,2025-03-18,closed_met,2025-04-20
1799,2348,2471,10,utilities,2026-06-03,closed_met,2026-06-22
1800,2350,2474,1,food,2025-06-03,closed_unmet,2025-06-26
1801,2352,2475,1,food,2025-01-28,closed_met,2025-02-01
1802,2353,2476,4,food,2025-03-22,closed_met,2025-04-05
1803,2356,2480,1,food,2026-05-26,closed_met,2026-06-08
1804,2356,2480,10,utilities,2026-05-29,open,
1805,2357,2480,1,food,2025-04-26,closed_unmet,2025-06-03
1806,2358,2480,3,transportation,2025-06-08,closed_met,2025-06-19
1807,2360,2481,3,transportation,2026-04-02,closed_met,2026-04-07
1808,2361,2482,2,housing,2025-02-27,open,
1809,2363,2487,7,food,2025-01-06,closed_met,2025-01-21
1810,2365,2490,1,food,2026-05-09,closed_met,2026-05-14
1811,2367,2492,5,housing,2026-02-03,closed_met,2026-03-08
1812,2367,2492,7,food,2026-02-03,closed_met,2026-02-16
1813,2367,2492,8,transportation,2026-02-03,closed_met,2026-02-12
1814,2368,2493,3,transportation,2025-05-04,closed_met,2025-05-09
1815,2370,2497,2,housing,2025-03-31,closed_unmet,2025-05-29
1816,2372,2497,11,safety,2025-03-31,closed_unmet,2025-05-07
1817,2374,2500,2,housing,2026-04-22,open,
1818,2374,2500,3,transportation,2026-04-20,closed_met,2026-04-23
1819,2376,2502,1,food,2026-02-14,closed_met,2026-02-16
1820,2377,2503,2,housing,2025-07-31,closed_met,2025-08-22
1821,2378,2504,12,housing,2025-06-07,closed_met,2025-07-29
1822,2379,2504,4,food,2025-06-07,closed_met,2025-06-13
1823,2380,2505,2,housing,2025-09-01,open,
1824,2380,2505,3,transportation,2025-09-03,closed_met,2025-09-11
1825,2381,2507,11,safety,2025-12-08,closed_unmet,2026-01-06
1826,2383,2514,6,utilities,2025-09-03,closed_unmet,2025-10-28
1827,2384,2515,2,housing,2025-01-30,closed_met,2025-02-28
1828,2389,2521,7,food,2025-02-21,closed_met,2025-03-03
1829,2390,2521,7,food,2025-12-03,closed_met,2025-12-11
1830,2390,2521,10,utilities,2025-11-29,closed_met,2025-12-11
1831,2392,2523,2,housing,2025-08-09,open,
1832,2392,2523,11,safety,2025-08-10,closed_unmet,2025-08-23
1833,2393,2524,1,food,2025-06-21,closed_met,2025-06-28
1834,2394,2525,5,housing,2025-01-11,open,
1835,2397,2527,1,food,2025-06-02,open,
1836,2397,2527,3,transportation,2025-06-03,closed_met,2025-06-09
1837,2398,2528,3,transportation,2025-11-30,closed_met,2025-12-06
1838,2399,2529,2,housing,2026-01-30,closed_met,2026-02-15
1839,2400,2531,8,transportation,2026-06-24,closed_met,2026-06-27
1840,2401,2532,10,utilities,2025-07-25,closed_met,2025-08-06
1841,2402,2534,4,food,2025-08-11,closed_unmet,2025-09-11
1842,2404,2536,8,transportation,2026-04-11,closed_met,2026-04-24
1843,2405,2536,4,food,2025-12-08,closed_met,2025-12-17
1844,2405,2536,8,transportation,2025-12-02,closed_met,2025-12-23
1845,2405,2536,6,utilities,2025-12-06,closed_met,2025-12-26
1846,2406,2538,4,food,2025-07-31,closed_met,2025-08-10
1847,2406,2538,8,transportation,2025-07-27,closed_met,2025-08-07
1848,2407,2538,4,food,2026-05-28,open,
1849,2407,2538,3,transportation,2026-05-25,closed_met,2026-06-02
1850,2408,2539,2,housing,2025-11-10,closed_met,2026-01-08
1851,2408,2539,1,food,2025-11-06,closed_met,2025-11-18
1852,2408,2539,3,transportation,2025-11-09,closed_met,2025-11-15
1853,2410,2541,12,housing,2025-07-29,open,
1854,2411,2543,1,food,2026-06-03,open,
1855,2413,2544,1,food,2026-05-01,closed_met,2026-05-19
1856,2413,2544,3,transportation,2026-04-29,closed_met,2026-05-06
1857,2415,2547,8,transportation,2025-03-24,open,
1858,2415,2547,11,safety,2025-03-23,closed_met,
1859,2416,2548,3,transportation,2025-12-25,closed_met,2025-12-31
1860,2418,2550,8,transportation,2025-01-09,closed_met,2025-01-26
1861,2420,2554,4,food,2025-08-03,open,
1862,2421,2555,10,utilities,2026-01-10,closed_met,2026-02-04
1863,2424,2558,1,food,2026-01-12,closed_met,2026-01-14
1864,2425,2559,1,food,2026-01-22,open,
1865,2427,2563,10,utilities,2025-04-11,closed_met,2025-04-18
1866,2429,2565,10,utilities,2026-05-01,closed_met,2026-05-14
1867,2433,2569,3,transportation,2026-03-25,closed_met,2026-03-30
1868,2435,2570,1,food,2025-05-25,closed_met,2025-06-02
1869,2435,2570,6,utilities,2025-05-25,closed_unmet,2025-07-16
1870,2436,2571,8,transportation,2025-07-24,closed_met,2025-08-08
1871,2436,2571,10,utilities,2025-07-27,closed_met,2025-08-07
1872,2438,2572,6,utilities,2025-04-12,closed_met,2025-05-03
1873,2439,2572,8,transportation,2026-02-25,closed_unmet,2026-03-29
1874,2441,2574,3,transportation,2026-01-01,closed_met,2026-01-10
1875,2442,2576,7,food,2026-01-02,closed_met,2026-01-16
1876,2443,2577,3,transportation,2025-06-12,closed_met,2025-06-16
1877,2445,2578,2,housing,2025-12-14,closed_unmet,2026-01-26
1878,2446,2578,2,housing,2025-10-28,open,
1879,2447,2579,10,utilities,2025-01-16,open,
1880,2448,2580,7,food,2025-05-05,closed_unmet,2025-06-10
1881,2450,2581,5,housing,2026-05-05,closed_met,2026-06-04
1882,2451,2583,2,housing,2025-11-15,open,
1883,2452,2584,5,housing,2026-03-19,open,
1884,2452,2584,6,utilities,2026-03-21,closed_met,2026-03-28
1885,2453,2586,1,food,2025-03-16,closed_met,2025-03-21
1886,2454,2587,8,transportation,2025-10-26,closed_met,2025-11-03
1887,2456,2588,5,housing,2025-07-23,closed_unmet,2025-08-02
1888,2456,2588,4,food,2025-07-19,closed_met,2025-08-02
1889,2459,2589,8,transportation,2025-10-24,closed_met,2025-11-03
1890,2460,2589,2,housing,2026-04-17,open,
1891,2460,2589,6,utilities,2026-04-18,closed_unmet,2026-04-28
1892,2461,2590,2,housing,2025-08-25,closed_met,2025-09-27
1893,2464,2593,5,housing,2025-07-05,closed_met,2025-08-10
1894,2464,2593,3,transportation,2025-07-03,closed_met,2025-07-08
1895,2464,2593,10,utilities,2025-07-03,closed_met,2025-07-18
1896,2468,2600,5,housing,2025-06-29,open,
1897,2470,2602,1,food,2025-09-20,closed_met,2025-09-24
1898,2470,2602,11,safety,2025-09-25,closed_met,2025-10-16
1899,2472,2602,2,housing,2026-02-25,closed_unmet,2026-04-13
1900,2477,2607,5,housing,2025-06-22,open,
1901,2477,2607,6,utilities,2025-06-21,closed_met,2025-06-30
1902,2479,2608,8,transportation,2025-08-04,closed_met,2025-08-14
1903,2480,2609,10,utilities,2025-01-10,closed_unmet,2025-03-07
1904,2481,2611,3,transportation,2025-03-23,closed_met,2025-03-31
1905,2484,2614,3,transportation,2025-10-23,closed_met,2025-10-28
1906,2489,2618,6,utilities,2025-05-01,closed_met,2025-05-18
1907,2492,2622,10,utilities,2025-12-04,closed_unmet,2026-01-31
1908,2492,2622,9,safety,2025-11-29,closed_met,2025-12-23
1909,2494,2623,3,transportation,2025-04-27,closed_met,2025-05-04
1910,2496,2624,2,housing,2025-05-18,closed_met,2025-06-17
1911,2497,2626,1,food,2026-04-09,closed_met,2026-04-21
1912,2501,2630,1,food,2025-06-19,closed_met,2025-06-27
1913,2501,2630,3,transportation,2025-06-21,closed_met,2025-06-22
1914,2503,2631,1,food,2026-05-28,closed_met,2026-06-03
1915,2505,2632,4,food,2026-02-13,closed_met,2026-02-24
1916,2506,2632,4,food,2025-03-14,closed_met,2025-03-19
1917,2507,2634,4,food,2026-06-13,closed_met,2026-06-24
1918,2508,2639,2,housing,2025-05-18,open,
1919,2508,2639,3,transportation,2025-05-16,closed_met,2025-05-23
1920,2509,2640,3,transportation,2025-12-30,closed_unmet,2026-02-16
1921,2515,2648,7,food,2025-03-10,closed_unmet,2025-04-02
1922,2518,2649,1,food,2025-09-26,closed_met,2025-10-09
1923,2521,2653,1,food,2025-12-08,closed_met,2025-12-09
1924,2522,2653,1,food,2025-05-23,closed_met,2025-05-28
1925,2524,2655,4,food,2025-10-09,closed_met,2025-10-15
1926,2525,2656,2,housing,2025-08-09,closed_met,2025-09-15
1927,2529,2659,5,housing,2025-10-28,closed_met,2025-11-26
1928,2529,2659,6,utilities,2025-10-29,open,
1929,2533,2663,10,utilities,2026-06-07,open,
1930,2534,2663,10,utilities,2025-02-21,closed_met,2025-03-07
1931,2535,2664,3,transportation,2026-05-12,closed_met,2026-05-15
1932,2535,2664,10,utilities,2026-05-07,closed_met,2026-05-16
1933,2536,2665,1,food,2026-02-13,closed_unmet,2026-02-28
1934,2538,2669,1,food,2025-01-31,closed_met,2025-02-06
1935,2539,2670,5,housing,2025-02-18,open,
1936,2540,2671,8,transportation,2025-11-02,closed_met,2025-11-08
1937,2542,2673,12,housing,2025-05-06,closed_met,2025-06-21
1938,2542,2673,10,utilities,2025-05-07,closed_met,2025-05-24
1939,2544,2674,4,food,2025-08-25,closed_met,2025-09-03
1940,2546,2679,11,safety,2025-01-11,closed_met,2025-01-28
1941,2548,2681,3,transportation,2025-04-03,closed_met,2025-04-08
1942,2548,2681,10,utilities,2025-04-05,open,
1943,2550,2682,3,transportation,2026-06-12,closed_met,2026-06-19
1944,2551,2683,4,food,2026-04-27,closed_met,2026-05-03
1945,2551,2683,3,transportation,2026-04-23,closed_met,2026-04-29
1946,2552,2683,5,housing,2025-12-11,closed_met,2025-12-27
1947,2553,2684,12,housing,2025-11-12,open,
1948,2553,2684,3,transportation,2025-11-13,closed_met,2025-11-18
1949,2555,2686,2,housing,2026-01-18,closed_met,2026-02-16
1950,2557,2692,2,housing,2025-08-19,closed_unmet,2025-10-09
1951,2557,2692,1,food,2025-08-22,closed_met,2025-08-23
1952,2558,2694,5,housing,2025-10-28,closed_unmet,2025-12-23
1953,2558,2694,4,food,2025-10-31,closed_unmet,2025-11-22
1954,2559,2694,3,transportation,2025-01-30,closed_met,2025-02-05
1955,2561,2696,2,housing,2025-09-26,closed_met,2025-11-08
1956,2561,2696,10,utilities,2025-09-25,closed_met,2025-10-11
1957,2562,2696,2,housing,2026-05-14,closed_met,2026-06-28
1958,2563,2697,12,housing,2026-01-27,open,
1959,2564,2697,4,food,2026-02-10,closed_met,2026-02-24
1960,2564,2697,8,transportation,2026-02-11,open,
1961,2565,2699,1,food,2025-03-15,closed_met,2025-03-29
1962,2565,2699,3,transportation,2025-03-10,closed_met,2025-03-12
1963,2567,2701,2,housing,2025-05-07,open,
1964,2568,2704,1,food,2025-05-04,closed_met,2025-05-18
1965,2569,2706,12,housing,2025-04-26,open,
1966,2569,2706,4,food,2025-04-26,closed_met,2025-04-28
1967,2570,2707,7,food,2026-04-17,closed_met,2026-04-26
1968,2572,2710,2,housing,2025-06-17,open,
1969,2573,2711,3,transportation,2025-09-09,closed_met,2025-09-13
1970,2574,2713,6,utilities,2025-01-14,closed_met,2025-02-05
1971,2576,2714,2,housing,2025-06-12,open,
1972,2578,2716,10,utilities,2025-03-08,closed_unmet,2025-03-27
1973,2580,2718,7,food,2026-05-16,open,
1974,2582,2719,3,transportation,2025-08-11,closed_met,2025-08-16
1975,2584,2721,4,food,2025-06-14,closed_met,2025-06-22
1976,2585,2722,7,food,2025-05-04,closed_unmet,2025-06-19
1977,2588,2723,7,food,2026-05-27,closed_met,2026-06-13
1978,2589,2724,2,housing,2026-05-29,open,
1979,2591,2726,1,food,2025-05-03,closed_unmet,2025-06-12
1980,2593,2730,10,utilities,2025-05-17,closed_met,2025-05-24
1981,2594,2731,10,utilities,2025-03-30,closed_unmet,2025-05-09
1982,2597,2735,7,food,2026-03-13,closed_met,2026-03-30
1983,2600,2738,7,food,2026-02-04,closed_met,2026-02-19
1984,2600,2738,8,transportation,2026-02-05,open,
1985,2601,2740,12,housing,2025-06-22,open,
1986,2604,2743,1,food,2026-03-07,open,
1987,2606,2746,1,food,2025-11-25,closed_met,2025-12-03
1988,2606,2746,10,utilities,2025-11-21,closed_met,2025-12-06
1989,2608,2746,1,food,2026-07-01,open,
1990,2609,2747,4,food,2025-02-05,closed_met,2025-02-10
1991,2609,2747,10,utilities,2025-02-07,closed_met,2025-02-24
1992,2611,2750,2,housing,2025-12-08,closed_met,2026-01-18
1993,2612,2750,8,transportation,2026-04-24,closed_met,2026-05-03
1994,2614,2752,11,safety,2026-02-20,closed_met,2026-03-15
1995,2615,2754,10,utilities,2025-08-27,closed_met,2025-09-07
1996,2618,2756,2,housing,2025-01-22,closed_met,2025-02-10
1997,2619,2758,2,housing,2025-08-23,closed_met,2025-09-30
1998,2620,2758,10,utilities,2026-04-01,closed_unmet,2026-04-23
1999,2622,2762,2,housing,2025-11-24,closed_met,2026-01-13
2000,2626,2765,3,transportation,2025-06-05,closed_met,2025-06-12
2001,2627,2766,1,food,2025-10-23,closed_met,2025-10-31
2002,2627,2766,3,transportation,2025-10-22,closed_met,2025-10-28
2003,2630,2767,2,housing,2026-02-25,open,
2004,2630,2767,1,food,2026-02-28,closed_met,2026-03-12
2005,2631,2768,1,food,2025-10-10,closed_met,2025-10-19
2006,2634,2770,1,food,2025-07-07,open,
2007,2635,2770,3,transportation,2025-07-24,closed_met,2025-07-31
2008,2637,2774,2,housing,2025-06-18,open,
2009,2638,2774,2,housing,2025-12-25,closed_met,2026-02-20
2010,2638,2774,3,transportation,2025-12-24,closed_met,2025-12-27
2011,2639,2775,7,food,2026-01-11,closed_met,2026-01-21
2012,2639,2775,9,safety,2026-01-11,closed_unmet,2026-02-20
2013,2640,2776,2,housing,2025-07-19,open,
2014,2641,2777,3,transportation,2026-04-29,closed_met,2026-05-06
2015,2642,2778,1,food,2025-05-25,closed_met,2025-06-04
2016,2643,2778,1,food,2025-09-29,closed_met,2025-10-03
2017,2646,2784,3,transportation,2025-10-10,closed_met,2025-10-19
2018,2647,2786,12,housing,2025-09-30,open,
2019,2648,2787,7,food,2025-03-23,closed_met,2025-03-31
2020,2649,2787,2,housing,2026-04-20,closed_met,2026-05-22
2021,2650,2788,1,food,2025-03-13,closed_met,2025-03-21
2022,2653,2789,1,food,2025-06-27,closed_met,2025-07-06
2023,2654,2791,4,food,2025-12-26,closed_met,2026-01-06
2024,2654,2791,8,transportation,2025-12-28,closed_met,2026-01-10
2025,2655,2792,2,housing,2026-02-19,open,
2026,2655,2792,10,utilities,2026-02-17,open,
2027,2656,2793,2,housing,2026-03-21,closed_met,2026-05-05
2028,2657,2794,2,housing,2025-12-03,closed_met,2026-01-12
2029,2657,2794,1,food,2025-12-02,closed_met,2025-12-09
2030,2658,2795,10,utilities,2025-11-30,closed_met,2025-12-09
2031,2659,2795,7,food,2025-09-04,open,
2032,2660,2795,7,food,2025-10-09,closed_met,2025-11-04
2033,2661,2798,1,food,2026-04-06,closed_met,2026-04-14
2034,2661,2798,3,transportation,2026-04-07,closed_met,2026-04-15
2035,2665,2802,1,food,2025-05-20,closed_met,2025-05-31
2036,2666,2803,2,housing,2026-02-04,closed_met,2026-03-25
2037,2666,2803,10,utilities,2026-01-30,closed_unmet,2026-03-16
2038,2667,2803,3,transportation,2026-03-09,closed_met,2026-03-11
2039,2667,2803,10,utilities,2026-03-08,open,
2040,2668,2804,8,transportation,2026-07-01,open,
2041,2669,2806,3,transportation,2025-12-19,closed_met,2025-12-22
2042,2669,2806,6,utilities,2025-12-17,open,
2043,2670,2806,6,utilities,2026-01-17,closed_met,2026-02-09
2044,2672,2808,12,housing,2026-06-01,open,
2045,2673,2809,11,safety,2025-04-08,closed_met,2025-04-24
2046,2675,2810,5,housing,2025-11-29,closed_met,2025-12-07
2047,2676,2812,3,transportation,2025-07-31,closed_met,2025-08-08
2048,2677,2813,8,transportation,2025-02-21,open,
2049,2680,2815,7,food,2026-05-31,open,
2050,2680,2815,3,transportation,2026-05-29,closed_unmet,2026-06-17
2051,2681,2816,3,transportation,2026-04-23,closed_met,2026-04-30
2052,2684,2819,1,food,2025-03-11,closed_met,2025-03-24
2053,2687,2824,5,housing,2025-01-19,closed_met,2025-02-21
2054,2687,2824,4,food,2025-01-17,closed_met,2025-01-27
2055,2689,2826,3,transportation,2026-06-03,closed_met,2026-06-08
2056,2690,2827,8,transportation,2025-11-01,open,
2057,2691,2829,1,food,2025-05-04,closed_met,2025-05-18
2058,2692,2831,12,housing,2025-07-30,open,
2059,2692,2831,7,food,2025-07-26,closed_met,2025-07-30
2060,2693,2834,12,housing,2025-11-27,closed_met,2026-01-04
2061,2693,2834,3,transportation,2025-11-25,closed_met,2025-12-01
2062,2694,2834,1,food,2025-06-02,closed_met,2025-06-05
2063,2696,2835,2,housing,2025-11-28,open,
2064,2698,2836,6,utilities,2025-08-21,closed_met,2025-09-03
2065,2700,2837,10,utilities,2026-02-07,closed_met,2026-02-28
2066,2702,2839,8,transportation,2026-05-03,closed_met,2026-05-14
2067,2705,2842,7,food,2025-01-17,closed_met,2025-02-04
2068,2708,2844,2,housing,2025-01-12,closed_met,2025-02-16
2069,2709,2844,3,transportation,2025-06-01,closed_met,2025-06-09
2070,2710,2844,1,food,2026-04-29,closed_unmet,2026-06-26
2071,2712,2846,5,housing,2026-02-15,closed_met,2026-03-03
2072,2714,2847,3,transportation,2025-08-10,closed_met,2025-08-16
2073,2717,2849,5,housing,2026-06-02,closed_met,2026-06-28
2074,2718,2849,5,housing,2026-04-04,closed_met,2026-04-28
2075,2719,2851,1,food,2025-01-29,closed_met,2025-02-11
2076,2721,2854,4,food,2025-01-03,closed_met,2025-01-08
2077,2722,2857,3,transportation,2025-07-27,closed_met,2025-08-03
2078,2724,2859,2,housing,2026-05-13,open,
2079,2724,2859,10,utilities,2026-05-10,closed_unmet,2026-06-01
2080,2728,2864,1,food,2025-05-24,closed_met,2025-06-02
2081,2729,2866,4,food,2025-08-05,closed_met,2025-08-24
2082,2729,2866,6,utilities,2025-08-07,closed_met,2025-08-22
2083,2729,2866,11,safety,2025-08-05,closed_met,2025-08-17
2084,2730,2867,11,safety,2025-03-09,open,
2085,2731,2868,8,transportation,2025-01-21,closed_met,2025-02-11
2086,2732,2869,12,housing,2025-04-27,open,
2087,2732,2869,3,transportation,2025-04-25,closed_met,2025-05-05
2088,2733,2869,6,utilities,2025-02-24,open,
2089,2734,2871,2,housing,2026-02-14,open,
2090,2735,2872,7,food,2025-01-22,closed_met,2025-02-04
2091,2736,2872,12,housing,2025-03-04,closed_met,2025-04-18
2092,2736,2872,3,transportation,2025-03-04,closed_met,2025-03-07
2093,2737,2873,10,utilities,2025-01-18,closed_met,2025-01-30
2094,2738,2873,2,housing,2025-10-19,closed_met,2025-11-18
2095,2740,2875,2,housing,2026-01-06,open,
2096,2741,2876,12,housing,2025-01-21,open,
2097,2742,2877,2,housing,2025-02-20,closed_unmet,2025-03-21
2098,2742,2877,1,food,2025-02-21,closed_met,2025-03-01
2099,2743,2877,3,transportation,2025-03-26,closed_met,2025-04-03
2100,2744,2878,12,housing,2026-01-31,open,
2101,2744,2878,3,transportation,2026-02-05,closed_met,2026-02-10
2102,2746,2880,1,food,2026-01-05,closed_unmet,2026-01-18
2103,2746,2880,3,transportation,2026-01-05,closed_met,2026-01-16
2104,2747,2881,2,housing,2026-03-22,closed_met,2026-04-12
2105,2749,2883,8,transportation,2025-08-06,closed_met,2025-08-21
2106,2750,2884,1,food,2025-07-21,closed_met,2025-07-27
2107,2751,2885,3,transportation,2025-01-17,closed_met,2025-01-20
2108,2755,2890,4,food,2025-04-14,closed_met,2025-04-29
2109,2757,2892,1,food,2026-05-19,closed_met,2026-05-24
2110,2757,2892,10,utilities,2026-05-20,closed_unmet,2026-06-13
2111,2758,2893,2,housing,2025-08-10,closed_met,2025-09-03
2112,2759,2894,5,housing,2026-05-05,closed_met,2026-05-20
2113,2763,2898,10,utilities,2026-01-01,open,
2114,2764,2899,3,transportation,2025-08-20,closed_unmet,2025-09-03
2115,2765,2900,7,food,2026-04-28,closed_unmet,2026-05-15
2116,2765,2900,11,safety,2026-04-29,closed_met,2026-05-22
2117,2766,2901,7,food,2026-06-18,open,
2118,2767,2902,9,safety,2025-03-17,closed_met,2025-04-18
2119,2768,2903,1,food,2025-11-13,closed_unmet,2025-12-21
2120,2769,2904,4,food,2026-02-07,closed_met,2026-02-12
2121,2770,2905,4,food,2026-04-02,closed_met,2026-04-18
2122,2774,2910,5,housing,2026-05-17,closed_met,2026-06-04
2123,2777,2915,8,transportation,2026-06-02,closed_met,2026-06-10
2124,2777,2915,6,utilities,2026-06-07,closed_met,2026-06-27
2125,2778,2916,8,transportation,2026-03-01,closed_unmet,2026-04-19
2126,2778,2916,6,utilities,2026-02-26,closed_met,2026-03-27
2127,2779,2917,7,food,2026-02-04,closed_met,2026-02-18
2128,2780,2917,8,transportation,2026-02-11,closed_met,2026-02-18
2129,2780,2917,9,safety,2026-02-17,closed_met,2026-03-16
2130,2781,2918,12,housing,2026-01-10,closed_met,2026-02-04
2131,2781,2918,10,utilities,2026-01-12,closed_unmet,2026-02-08
2132,2782,2920,7,food,2025-02-20,closed_met,2025-03-05
2133,2785,2925,4,food,2025-03-08,closed_met,2025-03-15
2134,2786,2926,4,food,2025-01-31,closed_met,2025-02-11
2135,2786,2926,8,transportation,2025-02-03,closed_met,2025-02-12
2136,2787,2926,5,housing,2025-11-20,closed_met,2025-12-08
2137,2787,2926,8,transportation,2025-11-17,closed_met,2025-11-26
2138,2789,2930,10,utilities,2025-06-21,open,
2139,2790,2930,1,food,2025-10-14,closed_met,2025-10-23
2140,2792,2932,3,transportation,2025-03-23,closed_met,2025-04-01
2141,2796,2934,3,transportation,2025-08-13,closed_met,2025-08-17
2142,2797,2935,11,safety,2025-07-09,closed_met,2025-07-30
2143,2799,2936,1,food,2025-06-11,closed_met,2025-06-20
2144,2802,2937,10,utilities,2026-02-15,open,
2145,2803,2939,3,transportation,2026-03-05,closed_met,2026-03-11
2146,2804,2940,3,transportation,2025-10-09,closed_met,2025-10-17
2147,2805,2941,2,housing,2025-07-06,closed_unmet,2025-08-22
2148,2805,2941,1,food,2025-07-07,closed_unmet,2025-08-14
2149,2806,2941,1,food,2025-09-18,closed_met,2025-09-25
2150,2808,2943,4,food,2026-02-25,closed_met,2026-03-13
2151,2808,2943,6,utilities,2026-02-24,closed_unmet,2026-04-09
2152,2813,2948,2,housing,2025-10-03,closed_met,2025-10-26
2153,2814,2950,4,food,2025-07-15,closed_met,2025-07-26
2154,2815,2952,7,food,2025-09-21,closed_met,2025-10-05
2155,2815,2952,10,utilities,2025-09-23,closed_met,2025-10-12
2156,2816,2952,7,food,2025-11-27,closed_met,2025-12-25
2157,2817,2954,7,food,2025-07-25,closed_met,2025-08-04
2158,2818,2954,7,food,2025-06-21,closed_met,2025-06-27
2159,2819,2955,12,housing,2025-02-12,open,
2160,2820,2955,8,transportation,2026-06-13,closed_met,2026-06-16
2161,2822,2957,1,food,2025-01-13,closed_met,2025-01-21
2162,2822,2957,10,utilities,2025-01-13,closed_unmet,2025-02-03
2163,2824,2958,1,food,2026-03-18,closed_met,2026-03-27
2164,2824,2958,3,transportation,2026-03-15,closed_met,2026-03-23
2165,2824,2958,10,utilities,2026-03-13,closed_unmet,2026-03-30
2166,2826,2960,4,food,2025-04-26,closed_unmet,2025-06-05
2167,2827,2961,10,utilities,2026-03-06,closed_met,2026-03-19
2168,2828,2962,1,food,2025-12-08,closed_met,2025-12-22
2169,2829,2963,4,food,2026-01-14,closed_unmet,2026-03-01
2170,2831,2965,7,food,2026-03-30,closed_met,2026-04-06
2171,2834,2968,4,food,2025-11-08,closed_unmet,2025-11-20
2172,2835,2968,6,utilities,2026-02-18,closed_met,2026-03-08
2173,2837,2972,11,safety,2026-04-04,closed_unmet,2026-04-20
2174,2838,2972,12,housing,2025-10-17,closed_met,2025-11-17
2175,2838,2972,7,food,2025-10-20,closed_met,2025-11-04
2176,2839,2972,8,transportation,2025-02-23,closed_met,2025-03-06
2177,2841,2975,2,housing,2026-06-03,closed_met,2026-06-26
2178,2843,2978,2,housing,2025-02-16,open,
2179,2843,2978,1,food,2025-02-18,closed_unmet,2025-03-16
2180,2843,2978,10,utilities,2025-02-14,closed_met,2025-02-28
2181,2845,2980,3,transportation,2025-09-03,closed_unmet,2025-10-23
2182,2846,2980,2,housing,2026-06-29,open,
2183,2847,2982,8,transportation,2025-02-01,closed_unmet,2025-02-11
2184,2850,2985,2,housing,2026-02-06,closed_met,2026-04-10
2185,2851,2986,2,housing,2025-11-29,open,
2186,2851,2986,7,food,2025-11-26,closed_met,2025-12-01
2187,2853,2988,7,food,2025-10-31,open,
2188,2853,2988,8,transportation,2025-11-04,closed_met,2025-11-06
2189,2855,2990,6,utilities,2025-11-19,closed_met,2025-12-15
2190,2856,2991,2,housing,2025-02-25,open,
2191,2859,2994,9,safety,2026-03-16,closed_met,2026-04-13
2192,2860,2995,2,housing,2025-07-02,closed_met,2025-07-26
2193,2860,2995,1,food,2025-07-01,closed_met,2025-07-07
2194,2861,2996,7,food,2025-12-02,open,
2195,2864,3001,10,utilities,2025-05-07,closed_met,2025-05-29
2196,2866,3003,1,food,2025-02-22,closed_met,2025-03-05
2197,2868,3005,2,housing,2025-04-29,closed_met,2025-05-22
2198,2869,3006,10,utilities,2026-06-10,closed_met,2026-06-26
2199,2870,3006,8,transportation,2025-09-08,closed_met,2025-09-21
2200,2872,3009,12,housing,2025-11-29,closed_met,2025-12-18
2201,2872,3009,6,utilities,2025-11-28,open,
2202,2873,3010,8,transportation,2025-01-31,closed_unmet,2025-03-22
2203,2874,3012,2,housing,2025-10-05,closed_unmet,2025-11-01
2204,2875,3013,2,housing,2025-11-05,closed_met,2025-12-23
2205,2878,3018,12,housing,2026-02-18,open,
2206,2878,3018,10,utilities,2026-02-22,closed_met,2026-03-11
2207,2880,3019,3,transportation,2025-05-20,closed_met,2025-05-24
2208,2881,3019,1,food,2025-05-10,open,
2209,2883,3021,2,housing,2026-03-15,closed_met,2026-04-05
2210,2884,3021,10,utilities,2026-05-01,closed_unmet,2026-06-19
2211,2885,3022,12,housing,2025-06-19,open,
2212,2885,3022,7,food,2025-06-16,closed_unmet,2025-07-22
2213,2885,3022,8,transportation,2025-06-19,open,
2214,2886,3023,2,housing,2025-03-14,closed_met,2025-04-10
2215,2886,3023,3,transportation,2025-03-12,closed_met,2025-03-22
2216,2886,3023,10,utilities,2025-03-15,closed_unmet,2025-05-01
2217,2888,3024,1,food,2025-07-16,closed_met,2025-07-28
2218,2888,3024,10,utilities,2025-07-12,closed_met,2025-08-01
2219,2889,3027,3,transportation,2025-06-27,closed_met,2025-07-03
2220,2891,3029,8,transportation,2026-02-05,closed_unmet,2026-03-11
2221,2892,3030,3,transportation,2025-12-12,closed_met,2025-12-17
2222,2896,3032,10,utilities,2025-10-27,closed_met,2025-11-11
2223,2899,3035,1,food,2025-08-24,closed_met,2025-09-05
2224,2901,3038,4,food,2025-09-17,closed_met,2025-09-29
2225,2901,3038,8,transportation,2025-09-16,closed_met,2025-09-30
2226,2904,3039,2,housing,2025-06-16,open,
2227,2904,3039,1,food,2025-06-17,closed_met,2025-06-27
2228,2908,3041,8,transportation,2025-11-24,closed_met,2025-11-27
2229,2909,3042,1,food,2025-08-14,closed_met,2025-08-23
2230,2910,3042,12,housing,2026-01-23,closed_met,2026-02-21
2231,2910,3042,7,food,2026-01-26,closed_met,2026-01-28
2232,2910,3042,6,utilities,2026-01-23,closed_met,2026-02-11
2233,2911,3045,12,housing,2025-03-23,closed_met,2025-04-25
2234,2911,3045,4,food,2025-03-25,closed_met,2025-04-03
2235,2912,3046,2,housing,2025-08-10,open,
2236,2913,3046,1,food,2025-04-20,closed_met,2025-04-30
2237,2913,3046,11,safety,2025-04-26,closed_met,2025-05-10
2238,2914,3047,5,housing,2025-01-25,closed_met,2025-02-20
2239,2916,3047,3,transportation,2025-08-27,closed_met,2025-09-06
2240,2917,3048,5,housing,2025-04-07,closed_met,2025-05-09
2241,2921,3054,2,housing,2026-03-31,closed_met,2026-05-04
2242,2924,3056,10,utilities,2026-04-08,closed_unmet,2026-05-20
2243,2925,3057,5,housing,2025-08-16,closed_met,2025-09-13
2244,2925,3057,8,transportation,2025-08-22,closed_met,2025-08-25
2245,2926,3057,4,food,2025-01-11,closed_met,2025-01-16
2246,2929,3059,6,utilities,2025-11-02,closed_met,2025-11-18
2247,2932,3064,1,food,2025-09-28,closed_met,2025-10-05
2248,2933,3064,1,food,2025-06-14,closed_met,2025-06-18
2249,2933,3064,10,utilities,2025-06-08,closed_unmet,2025-07-23
2250,2934,3066,4,food,2025-08-03,closed_met,2025-08-14
2251,2935,3068,2,housing,2025-10-24,open,
2252,2935,3068,1,food,2025-10-23,closed_met,2025-10-30
2253,2939,3075,2,housing,2026-04-23,closed_met,2026-06-09
2254,2939,3075,3,transportation,2026-04-25,closed_met,2026-05-02
2255,2940,3076,5,housing,2025-01-28,open,
2256,2940,3076,10,utilities,2025-01-22,closed_unmet,2025-02-03
2257,2942,3077,2,housing,2025-04-27,closed_unmet,2025-05-12
2258,2945,3080,3,transportation,2025-04-24,closed_met,2025-05-03
2259,2948,3083,1,food,2025-05-25,open,
2260,2949,3083,2,housing,2025-07-24,closed_met,2025-08-23
2261,2949,3083,1,food,2025-07-20,closed_met,2025-07-30
2262,2950,3083,10,utilities,2026-05-16,closed_met,2026-05-29
2263,2954,3088,6,utilities,2025-05-06,open,
2264,2955,3089,12,housing,2025-08-13,open,
2265,2955,3089,8,transportation,2025-08-15,closed_met,2025-08-28
2266,2956,3089,1,food,2025-11-15,closed_met,2025-11-16
2267,2956,3089,8,transportation,2025-11-15,open,
2268,2958,3090,7,food,2025-12-11,open,
2269,2961,3096,2,housing,2025-01-15,closed_met,2025-02-27
2270,2961,3096,3,transportation,2025-01-09,closed_met,2025-01-15
2271,2962,3097,8,transportation,2026-02-25,closed_unmet,2026-04-24
2272,2963,3097,12,housing,2025-05-23,closed_met,2025-07-20
2273,2963,3097,3,transportation,2025-05-26,closed_met,2025-06-01
2274,2965,3103,5,housing,2025-04-13,closed_met,2025-05-08
2275,2965,3103,7,food,2025-04-15,closed_met,2025-05-14
2276,2970,3108,1,food,2025-07-11,closed_met,2025-07-16
2277,2971,3109,8,transportation,2026-05-05,closed_met,2026-05-10
2278,2972,3109,7,food,2026-01-31,closed_met,2026-02-23
2279,2974,3112,10,utilities,2026-04-17,closed_met,2026-04-27
2280,2975,3113,2,housing,2025-05-06,closed_unmet,2025-05-27
2281,2982,3119,10,utilities,2026-01-02,closed_met,2026-01-21
2282,2983,3119,8,transportation,2026-03-09,open,
2283,2984,3119,8,transportation,2025-06-25,closed_met,2025-07-02
2284,2984,3119,6,utilities,2025-06-28,closed_met,2025-07-20
2285,2985,3120,12,housing,2026-02-13,open,
2286,2985,3120,8,transportation,2026-02-18,closed_met,2026-03-04
2287,2988,3125,8,transportation,2025-07-28,closed_unmet,2025-09-05
2288,2989,3126,8,transportation,2026-02-21,closed_met,2026-03-07
2289,2990,3126,5,housing,2026-01-03,closed_met,2026-01-26
2290,2992,3129,12,housing,2025-09-24,closed_unmet,2025-11-16
2291,2992,3129,8,transportation,2025-09-24,closed_met,2025-10-05
2292,2998,3133,4,food,2025-12-14,closed_met,2026-01-02
2293,3002,3138,1,food,2025-07-23,closed_met,2025-07-29
2294,3004,3140,1,food,2025-07-07,closed_met,2025-07-12
2295,3010,3146,2,housing,2025-08-28,closed_unmet,2025-09-14
2296,3011,3146,3,transportation,2025-04-27,closed_met,2025-04-30
2297,3011,3146,10,utilities,2025-04-26,closed_met,2025-05-11
2298,3017,3157,1,food,2026-06-22,open,
2299,3018,3157,3,transportation,2025-09-26,closed_met,2025-10-01
2300,3019,3158,1,food,2026-03-04,closed_met,2026-03-16
2301,3019,3158,3,transportation,2026-03-08,closed_met,2026-03-17
2302,3020,3159,5,housing,2026-01-23,closed_unmet,2026-02-09
2303,3022,3162,12,housing,2025-03-15,closed_met,2025-05-05
2304,3022,3162,8,transportation,2025-03-09,closed_met,2025-03-18
2305,3023,3162,8,transportation,2025-09-12,closed_met,2025-09-19
2306,3025,3164,11,safety,2025-10-31,closed_met,2025-11-26
2307,3027,3165,1,food,2025-06-02,closed_met,2025-06-15
2308,3029,3168,8,transportation,2025-06-16,closed_met,2025-06-21
2309,3032,3171,4,food,2025-10-28,open,
2310,3033,3173,1,food,2025-11-16,closed_met,2025-11-22
2311,3034,3173,1,food,2025-07-23,closed_met,2025-07-28
2312,3036,3175,8,transportation,2025-09-27,closed_met,2025-10-07
2313,3038,3177,10,utilities,2026-01-17,closed_met,2026-02-03
2314,3039,3177,1,food,2026-03-25,closed_met,2026-03-31
2315,3040,3178,3,transportation,2026-06-29,open,
2316,3041,3182,2,housing,2026-06-06,open,
2317,3041,3182,1,food,2026-06-05,closed_met,2026-06-21
2318,3044,3186,5,housing,2026-02-22,closed_met,2026-04-02
2319,3044,3186,4,food,2026-02-19,closed_met,2026-03-07
2320,3048,3190,4,food,2025-05-26,closed_met,2025-05-29
2321,3048,3190,8,transportation,2025-05-30,closed_met,2025-06-07
2322,3051,3195,3,transportation,2026-01-05,closed_met,2026-01-10
2323,3052,3195,3,transportation,2025-11-19,closed_met,2025-11-29
2324,3052,3195,9,safety,2025-11-18,closed_unmet,2025-11-14
2325,3054,3196,4,food,2026-04-07,open,
2326,3055,3196,10,utilities,2025-09-06,closed_unmet,2025-10-25
2327,3056,3197,4,food,2026-03-29,closed_met,2026-04-19
2328,3056,3197,6,utilities,2026-03-25,closed_unmet,2026-04-06
2329,3057,3197,4,food,2026-05-27,closed_met,2026-06-07
2330,3058,3199,8,transportation,2025-06-10,closed_met,2025-07-01
2331,3060,3200,4,food,2025-07-28,closed_met,2025-08-05
2332,3062,3202,3,transportation,2025-05-24,closed_met,2025-05-27
2333,3064,3205,5,housing,2025-09-01,open,
2334,3064,3205,6,utilities,2025-09-03,closed_met,2025-09-16
2335,3066,3207,1,food,2025-03-14,closed_met,2025-03-24
2336,3068,3208,8,transportation,2025-01-31,closed_met,2025-02-01
2337,3073,3213,3,transportation,2025-02-18,closed_met,2025-02-23
2338,3075,3214,2,housing,2025-06-23,closed_met,2025-07-25
2339,3075,3214,1,food,2025-06-28,closed_met,2025-07-08
2340,3075,3214,10,utilities,2025-06-22,open,
2341,3076,3215,3,transportation,2026-05-22,closed_met,2026-05-26
2342,3078,3216,3,transportation,2025-12-12,closed_met,2025-12-15
2343,3079,3220,1,food,2025-12-14,closed_met,2025-12-23
2344,3081,3222,3,transportation,2025-12-19,closed_met,2025-12-22
2345,3082,3224,2,housing,2026-02-14,closed_unmet,2026-03-13
2346,3085,3226,3,transportation,2025-08-17,closed_met,2025-08-22
2347,3086,3227,2,housing,2026-03-20,closed_met,2026-05-04
2348,3086,3227,1,food,2026-03-19,closed_met,2026-03-22
2349,3089,3233,4,food,2025-02-01,closed_met,2025-02-04
2350,3090,3234,1,food,2025-09-06,closed_met,2025-09-11
2351,3090,3234,11,safety,2025-09-08,open,
2352,3091,3235,7,food,2025-11-20,closed_met,2025-12-01
2353,3092,3236,10,utilities,2025-09-12,open,
2354,3094,3238,5,housing,2025-04-04,closed_unmet,2025-05-26
2355,3095,3238,8,transportation,2025-04-19,closed_met,2025-04-27
2356,3096,3239,5,housing,2026-04-27,open,
2357,3097,3240,6,utilities,2026-05-01,closed_met,2026-05-24
2358,3098,3241,1,food,2025-01-14,closed_met,2025-01-21
2359,3101,3244,1,food,2025-02-19,open,
2360,3102,3245,10,utilities,2026-04-27,closed_met,2026-05-18
2361,3103,3246,2,housing,2026-04-17,closed_met,2026-05-25
2362,3103,3246,1,food,2026-04-20,closed_met,2026-04-26
2363,3103,3246,3,transportation,2026-04-20,closed_met,2026-04-27
2364,3104,3247,2,housing,2026-03-16,closed_met,2026-03-20
2365,3106,3248,1,food,2025-03-09,closed_met,2025-03-19
2366,3110,3251,2,housing,2025-10-02,open,
2367,3110,3251,1,food,2025-09-30,closed_met,2025-10-06
2368,3111,3253,2,housing,2025-10-23,closed_met,2025-11-24
2369,3113,3254,3,transportation,2025-06-10,closed_unmet,2025-06-22
2370,3115,3255,1,food,2026-03-05,closed_met,2026-03-14
2371,3115,3255,3,transportation,2026-03-04,closed_met,2026-03-11
2372,3118,3258,12,housing,2025-11-03,closed_met,2025-11-23
2373,3120,3260,1,food,2025-11-02,closed_met,2025-11-14
2374,3121,3263,5,housing,2025-08-27,closed_met,2025-09-12
2375,3123,3265,4,food,2026-04-17,closed_met,2026-04-26
2376,3125,3265,4,food,2025-08-07,closed_met,2025-08-21
2377,3125,3265,10,utilities,2025-08-05,closed_met,2025-08-07
2378,3127,3266,7,food,2025-09-17,closed_met,2025-09-29
2379,3130,3270,2,housing,2025-12-13,open,
2380,3130,3270,1,food,2025-12-12,closed_met,2025-12-21
2381,3131,3271,6,utilities,2025-05-04,closed_met,2025-05-22
2382,3131,3271,9,safety,2025-05-03,closed_met,2025-05-30
2383,3132,3274,1,food,2025-06-27,closed_met,2025-07-01
2384,3132,3274,8,transportation,2025-06-26,closed_met,2025-07-02
2385,3133,3274,8,transportation,2025-03-31,closed_met,2025-04-10
2386,3135,3277,12,housing,2026-02-08,open,
2387,3135,3277,7,food,2026-02-04,closed_met,2026-02-14
2388,3135,3277,8,transportation,2026-02-10,open,
2389,3136,3280,8,transportation,2025-08-07,closed_met,2025-08-25
2390,3137,3281,4,food,2025-12-21,closed_met,2026-01-03
2391,3138,3281,5,housing,2025-01-26,closed_met,2025-02-27
2392,3138,3281,3,transportation,2025-01-30,closed_met,2025-02-04
2393,3139,3282,2,housing,2025-11-06,closed_unmet,2025-12-27
2394,3140,3284,4,food,2026-01-31,closed_met,2026-02-19
2395,3141,3285,12,housing,2025-05-23,closed_met,2025-07-21
2396,3143,3287,5,housing,2026-05-26,closed_met,2026-06-29
2397,3144,3288,1,food,2026-04-11,closed_met,2026-04-22
2398,3144,3288,10,utilities,2026-04-10,closed_met,2026-04-20
2399,3145,3290,8,transportation,2026-04-22,closed_met,2026-04-29
2400,3147,3292,5,housing,2025-07-25,closed_met,2025-08-16
2401,3148,3294,2,housing,2026-02-01,closed_met,2026-03-09
2402,3148,3294,10,utilities,2026-02-04,closed_met,2026-02-21
2403,3149,3297,1,food,2026-03-11,closed_met,2026-03-22
2404,3151,3299,10,utilities,2026-06-06,open,
2405,3152,3301,5,housing,2025-02-25,closed_met,2025-03-14
2406,3152,3301,4,food,2025-02-24,closed_met,2025-03-14
2407,3153,3303,2,housing,2025-07-21,closed_met,2025-08-31
2408,3153,3303,1,food,2025-07-27,closed_met,2025-08-06
2409,3155,3305,4,food,2025-06-12,closed_met,2025-06-22
2410,3156,3306,5,housing,2025-10-11,closed_met,2025-11-18
2411,3156,3306,8,transportation,2025-10-06,closed_met,2025-10-18
2412,3156,3306,6,utilities,2025-10-11,closed_met,2025-10-21
2413,3158,3307,4,food,2026-03-29,open,
2414,3158,3307,8,transportation,2026-03-27,closed_met,2026-04-09
2415,3159,3309,2,housing,2025-01-07,open,
2416,3160,3310,3,transportation,2026-02-24,closed_met,2026-02-28
2417,3161,3310,2,housing,2026-06-06,open,
2418,3162,3310,1,food,2025-12-09,closed_met,2025-12-21
2419,3164,3312,8,transportation,2025-07-18,closed_unmet,2025-09-09
2420,3165,3316,4,food,2025-05-09,closed_met,2025-05-25
2421,3165,3316,8,transportation,2025-05-04,open,
2422,3166,3317,1,food,2025-09-09,closed_met,2025-09-17
2423,3166,3317,3,transportation,2025-09-12,closed_met,2025-09-18
2424,3168,3318,1,food,2025-02-21,closed_met,2025-02-23
2425,3170,3320,1,food,2025-10-09,closed_met,2025-10-23
2426,3171,3323,3,transportation,2025-08-21,closed_met,2025-08-25
2427,3171,3323,10,utilities,2025-08-20,closed_met,2025-08-24
2428,3174,3325,4,food,2026-02-10,closed_met,2026-02-27
2429,3174,3325,8,transportation,2026-02-13,closed_met,2026-02-26
2430,3176,3327,3,transportation,2025-07-19,closed_met,2025-07-22
2431,3176,3327,10,utilities,2025-07-24,closed_met,2025-08-10
2432,3180,3333,2,housing,2025-01-23,closed_met,2025-03-10
2433,3180,3333,3,transportation,2025-01-25,closed_unmet,2025-03-02
2434,3181,3333,3,transportation,2025-07-07,closed_met,2025-07-14
2435,3183,3336,2,housing,2025-09-17,open,
2436,3183,3336,3,transportation,2025-09-16,closed_met,2025-09-18
2437,3184,3337,5,housing,2025-08-17,open,
2438,3184,3337,3,transportation,2025-08-11,closed_unmet,2025-08-23
2439,3186,3339,8,transportation,2025-02-18,closed_met,2025-03-04
2440,3190,3346,1,food,2025-04-01,closed_met,2025-04-05
2441,3191,3349,4,food,2025-02-14,closed_met,2025-02-21
2442,3191,3349,3,transportation,2025-02-15,closed_met,2025-02-19
2443,3192,3349,1,food,2025-07-27,closed_unmet,2025-09-17
2444,3193,3352,3,transportation,2025-07-02,closed_met,2025-07-07
2445,3194,3352,2,housing,2025-07-11,open,
2446,3194,3352,11,safety,2025-07-15,open,
2447,3195,3352,10,utilities,2025-07-06,closed_met,2025-07-10
2448,3196,3353,2,housing,2025-07-15,closed_met,2025-08-20
2449,3196,3353,10,utilities,2025-07-12,closed_met,2025-07-28
2450,3198,3354,2,housing,2025-02-10,closed_met,2025-03-15
2451,3198,3354,1,food,2025-02-09,closed_met,2025-02-20
2452,3200,3357,10,utilities,2025-07-08,closed_met,2025-07-15
2453,3201,3359,2,housing,2025-08-13,open,
2454,3203,3362,9,safety,2026-03-11,closed_met,2026-04-09
2455,3205,3363,8,transportation,2025-07-03,closed_met,2025-07-16
2456,3206,3364,12,housing,2025-12-04,open,
2457,3210,3374,10,utilities,2025-12-01,closed_met,2025-12-24
2458,3211,3374,6,utilities,2026-02-24,closed_met,2026-03-08
2459,3213,3379,10,utilities,2025-12-26,closed_met,2026-01-05
2460,3214,3380,3,transportation,2026-02-06,closed_unmet,2026-02-28
2461,3215,3382,2,housing,2025-05-27,closed_met,2025-07-14
2462,3215,3382,3,transportation,2025-05-23,closed_met,2025-06-01
2463,3217,3384,4,food,2025-06-06,closed_met,2025-06-22
2464,3223,3390,5,housing,2026-06-02,closed_met,2026-06-03
2465,3225,3392,4,food,2025-03-17,closed_met,2025-03-31
2466,3225,3392,3,transportation,2025-03-18,closed_met,2025-03-20
2467,3228,3397,5,housing,2025-08-19,closed_met,2025-09-05
2468,3230,3398,4,food,2026-03-10,closed_met,2026-03-22
2469,3231,3399,7,food,2025-06-25,closed_met,2025-07-15
2470,3232,3399,7,food,2025-07-13,closed_met,2025-07-29
2471,3235,3402,1,food,2025-01-18,closed_met,2025-01-28
2472,3238,3406,5,housing,2026-05-26,closed_unmet,2026-06-22
2473,3240,3410,2,housing,2025-01-09,closed_unmet,2025-02-24
2474,3240,3410,3,transportation,2025-01-11,closed_met,2025-01-14
2475,3241,3411,3,transportation,2026-03-13,closed_met,2026-03-21
2476,3242,3412,7,food,2025-05-08,closed_met,2025-05-11
2477,3242,3412,3,transportation,2025-05-08,closed_unmet,2025-05-30
2478,3243,3413,5,housing,2025-12-29,open,
2479,3247,3418,4,food,2025-01-19,closed_met,2025-01-30
2480,3248,3418,12,housing,2025-07-05,closed_met,2025-08-02
2481,3248,3418,1,food,2025-07-07,closed_met,2025-07-17
2482,3250,3420,2,housing,2025-02-24,closed_unmet,2025-03-21
2483,3251,3423,1,food,2025-04-03,closed_met,2025-04-10
2484,3257,3428,1,food,2026-05-14,closed_met,2026-05-21
2485,3257,3428,11,safety,2026-05-17,closed_met,2026-06-03
2486,3260,3432,4,food,2025-07-13,closed_met,2025-07-24
2487,3260,3432,3,transportation,2025-07-16,closed_met,2025-07-25
2488,3260,3432,10,utilities,2025-07-15,closed_unmet,2025-08-02
2489,3262,3433,2,housing,2026-03-20,closed_met,2026-05-01
2490,3263,3435,1,food,2025-12-20,closed_met,2025-12-23
2491,3266,3440,5,housing,2025-10-26,closed_unmet,2025-11-10
2492,3267,3440,8,transportation,2026-05-20,closed_met,2026-05-30
2493,3268,3441,3,transportation,2026-06-05,closed_met,2026-06-09
2494,3268,3441,6,utilities,2026-06-01,open,
2495,3269,3442,2,housing,2025-01-14,closed_unmet,2025-03-11
2496,3270,3444,1,food,2026-05-23,closed_met,2026-05-31
2497,3273,3449,3,transportation,2025-01-20,closed_met,2025-01-21
2498,3276,3454,8,transportation,2026-01-03,open,
2499,3278,3455,3,transportation,2025-02-08,closed_met,2025-02-12
2500,3283,3464,5,housing,2025-08-18,closed_unmet,2025-10-05
2501,3283,3464,9,safety,2025-08-15,closed_met,2025-09-06
2502,3284,3465,4,food,2025-12-21,closed_met,2026-01-04
2503,3285,3467,4,food,2026-03-30,closed_met,2026-04-09
2504,3286,3469,2,housing,2025-09-18,closed_unmet,2025-10-08
2505,3287,3470,1,food,2025-04-01,closed_unmet,2025-04-15
2506,3288,3471,2,housing,2025-04-28,open,
2507,3289,3472,12,housing,2025-01-25,closed_met,2025-03-22
2508,3289,3472,4,food,2025-01-23,open,
2509,3289,3472,8,transportation,2025-01-23,closed_met,2025-01-28
2510,3290,3474,1,food,2025-04-04,open,
2511,3291,3475,3,transportation,2025-12-28,closed_met,2026-01-05
2512,3292,3476,10,utilities,2025-07-05,closed_met,2025-07-21
2513,3294,3479,6,utilities,2025-10-14,closed_met,2025-10-30
2514,3295,3479,4,food,2025-03-24,closed_met,2025-04-15
2515,3296,3479,5,housing,2026-01-14,closed_met,2026-02-15
2516,3296,3479,3,transportation,2026-01-12,closed_met,2026-01-13
2517,3296,3479,9,safety,2026-01-13,closed_met,2026-02-15
2518,3298,3481,2,housing,2026-02-05,open,
2519,3299,3482,2,housing,2025-04-27,closed_met,2025-06-14
2520,3300,3482,2,housing,2026-06-12,open,
2521,3301,3483,2,housing,2025-04-03,closed_met,2025-05-21
2522,3301,3483,4,food,2025-03-30,closed_met,2025-04-13
2523,3303,3486,3,transportation,2025-09-30,closed_met,2025-09-27
2524,3304,3486,3,transportation,2025-05-12,closed_met,2025-05-14
2525,3305,3487,1,food,2026-03-27,closed_met,2026-04-07
2526,3306,3489,1,food,2025-03-24,closed_met,2025-04-01
2527,3307,3491,1,food,2025-10-13,closed_met,2025-10-25
2528,3311,3493,10,utilities,2026-03-16,closed_met,2026-03-17
2529,3315,3496,1,food,2025-07-04,closed_met,2025-07-16
2530,3316,3497,9,safety,2026-05-23,closed_met,2026-06-17
2531,3318,3498,1,food,2025-09-20,closed_met,2025-10-02
2532,3319,3498,4,food,2026-05-04,closed_met,2026-05-14
2533,3320,3499,1,food,2026-01-15,closed_met,2026-01-24
2534,3323,3500,7,food,2026-05-30,closed_met,2026-06-08
2535,3323,3500,8,transportation,2026-06-03,closed_met,2026-06-14
2536,3324,3501,10,utilities,2026-04-03,closed_met,2026-04-27
2537,3326,3504,4,food,2025-08-27,closed_met,2025-09-02
2538,3327,3504,8,transportation,2025-01-15,closed_met,2025-02-04
2539,3328,3505,2,housing,2026-04-27,closed_met,2026-05-14
2540,3328,3505,1,food,2026-04-27,closed_met,2026-05-05
2541,3328,3505,10,utilities,2026-04-26,closed_met,2026-05-06
2542,3329,3506,3,transportation,2025-11-13,closed_met,2025-11-22
2543,3330,3507,8,transportation,2025-06-23,closed_met,2025-06-28
2544,3331,3508,2,housing,2025-12-05,open,
2545,3331,3508,3,transportation,2025-12-04,closed_unmet,2025-12-27
2546,3332,3509,2,housing,2025-10-11,closed_met,2025-11-20
2547,3332,3509,10,utilities,2025-10-10,closed_met,2025-11-09
2548,3332,3509,11,safety,2025-10-13,closed_met,2025-11-17
2549,3333,3509,3,transportation,2025-09-03,closed_met,2025-09-09
2550,3334,3509,2,housing,2025-05-03,closed_met,2025-06-14
2551,3334,3509,3,transportation,2025-05-01,closed_met,2025-05-04
2552,3334,3509,10,utilities,2025-05-04,closed_met,2025-05-17
2553,3338,3511,7,food,2025-02-12,closed_met,2025-02-24
2554,3339,3512,2,housing,2025-05-02,closed_met,2025-05-24
2555,3342,3516,3,transportation,2025-09-20,closed_met,2025-09-27
2556,3343,3517,2,housing,2026-03-15,open,
2557,3346,3521,4,food,2025-04-15,closed_met,2025-04-20
2558,3348,3524,5,housing,2025-01-03,open,
2559,3349,3524,5,housing,2026-03-23,closed_met,2026-04-07
2560,3350,3526,5,housing,2025-02-28,open,
2561,3351,3527,1,food,2026-01-18,open,
2562,3353,3528,1,food,2025-06-07,closed_met,2025-06-14
2563,3354,3529,2,housing,2025-06-20,open,
2564,3355,3529,1,food,2025-12-13,closed_met,2025-12-20
2565,3356,3529,3,transportation,2025-07-24,closed_met,2025-07-27
2566,3357,3530,2,housing,2026-01-23,open,
2567,3357,3530,1,food,2026-01-21,closed_met,2026-01-30
2568,3358,3531,2,housing,2025-06-26,closed_met,2025-07-22
2569,3358,3531,1,food,2025-07-01,closed_met,2025-07-11
2570,3359,3533,4,food,2026-04-14,closed_unmet,2026-06-02
2571,3359,3533,6,utilities,2026-04-11,closed_unmet,2026-05-18
2572,3360,3534,1,food,2025-04-30,closed_met,2025-05-15
2573,3361,3536,5,housing,2025-12-11,closed_met,2026-01-28
2574,3362,3537,12,housing,2026-01-03,open,
2575,3362,3537,8,transportation,2026-01-08,closed_met,2026-01-16
2576,3364,3538,1,food,2026-02-14,closed_met,2026-02-27
2577,3366,3540,10,utilities,2025-10-04,closed_met,2025-10-15
2578,3368,3544,12,housing,2025-09-29,closed_met,2025-11-02
2579,3371,3547,10,utilities,2025-04-25,open,
2580,3372,3549,3,transportation,2025-08-13,closed_met,2025-08-15
2581,3373,3550,11,safety,2025-03-31,closed_met,2025-04-04
2582,3374,3551,8,transportation,2025-02-08,closed_met,2025-02-23
2583,3374,3551,6,utilities,2025-02-12,closed_met,2025-02-25
2584,3376,3553,3,transportation,2025-10-06,closed_met,2025-10-11
2585,3376,3553,6,utilities,2025-10-07,closed_met,2025-10-30
2586,3378,3554,3,transportation,2025-03-01,closed_unmet,2025-03-20
2587,3380,3556,1,food,2026-02-23,closed_unmet,2026-04-16
2588,3383,3558,12,housing,2025-02-24,closed_met,2025-03-16
2589,3384,3558,4,food,2025-11-08,closed_met,2025-11-21
2590,3386,3561,10,utilities,2026-02-04,closed_met,2026-02-27
2591,3388,3563,3,transportation,2026-02-04,closed_met,2026-02-09
2592,3393,3565,5,housing,2025-04-02,closed_met,2025-05-08
2593,3393,3565,7,food,2025-04-01,closed_met,2025-04-11
2594,3393,3565,10,utilities,2025-03-30,open,
2595,3395,3567,8,transportation,2025-05-23,closed_met,2025-05-30
2596,3398,3569,8,transportation,2026-01-30,closed_met,2026-02-01
2597,3399,3569,3,transportation,2026-03-28,closed_unmet,2026-05-10
2598,3402,3571,12,housing,2025-03-30,open,
2599,3403,3572,1,food,2025-04-04,closed_met,2025-04-11
2600,3403,3572,3,transportation,2025-04-03,closed_met,2025-04-08
2601,3404,3573,12,housing,2025-03-16,closed_unmet,2025-05-02
2602,3407,3577,1,food,2025-05-20,closed_met,2025-06-02
2603,3410,3582,3,transportation,2025-11-11,closed_unmet,2025-11-27
2604,3411,3582,3,transportation,2025-11-02,closed_met,2025-11-06
2605,3412,3582,1,food,2026-02-15,open,
2606,3412,3582,10,utilities,2026-02-19,closed_met,2026-03-16
2607,3413,3584,3,transportation,2026-03-12,closed_met,2026-03-18
2608,3413,3584,10,utilities,2026-03-15,closed_met,2026-04-03
2609,3414,3585,7,food,2025-08-26,open,
2610,3414,3585,6,utilities,2025-08-28,closed_met,2025-10-03
2611,3417,3587,10,utilities,2026-06-06,open,
2612,3420,3594,3,transportation,2026-03-31,closed_met,2026-04-05
2613,3426,3598,10,utilities,2026-04-20,closed_met,2026-05-05
2614,3427,3600,10,utilities,2026-04-08,closed_met,2026-04-20
2615,3428,3601,7,food,2025-09-17,closed_met,2025-10-05
2616,3430,3605,3,transportation,2025-10-23,closed_met,2025-10-24
2617,3431,3606,4,food,2025-11-18,closed_met,2025-11-27
2618,3432,3607,1,food,2025-09-17,closed_unmet,2025-11-06
2619,3435,3611,3,transportation,2025-08-04,closed_met,2025-08-05
2620,3437,3612,3,transportation,2026-02-21,closed_met,2026-02-25
2621,3439,3614,8,transportation,2026-06-01,closed_met,2026-06-05
2622,3441,3615,4,food,2026-01-31,closed_met,2026-02-20
2623,3441,3615,8,transportation,2026-01-31,closed_met,2026-02-13
2624,3444,3616,4,food,2025-04-10,closed_met,2025-04-30
2625,3446,3619,3,transportation,2026-05-01,closed_met,2026-05-09
2626,3447,3621,8,transportation,2025-07-15,closed_met,2025-07-27
2627,3451,3625,2,housing,2026-01-22,open,
2628,3453,3626,12,housing,2025-03-15,closed_met,2025-05-04
2629,3453,3626,6,utilities,2025-03-19,open,
2630,3456,3628,2,housing,2025-05-17,closed_met,2025-06-23
2631,3457,3629,7,food,2026-04-24,open,
2632,3459,3631,6,utilities,2026-01-25,closed_met,2026-03-06
2633,3460,3633,2,housing,2025-12-16,closed_met,2026-01-13
2634,3461,3633,2,housing,2025-04-13,open,
2635,3462,3635,2,housing,2025-11-28,closed_met,2025-12-30
2636,3463,3635,8,transportation,2026-01-16,closed_met,2026-01-29
2637,3466,3639,2,housing,2025-05-25,closed_unmet,2025-06-26
2638,3466,3639,3,transportation,2025-05-25,closed_met,2025-05-26
2639,3470,3642,7,food,2025-02-20,closed_met,2025-02-27
2640,3471,3643,4,food,2026-03-15,closed_unmet,2026-04-22
2641,3472,3644,3,transportation,2025-04-21,closed_met,2025-04-27
2642,3474,3644,1,food,2026-02-24,closed_met,2026-03-08
2643,3475,3646,1,food,2026-06-10,closed_met,2026-06-20
2644,3478,3651,3,transportation,2025-12-25,closed_met,2025-12-27
2645,3480,3652,3,transportation,2025-10-18,closed_met,2025-10-21
2646,3481,3652,7,food,2025-08-06,closed_unmet,2025-09-17
2647,3483,3654,10,utilities,2025-09-22,closed_met,2025-10-08
2648,3484,3655,10,utilities,2026-03-10,closed_met,2026-03-22
2649,3489,3658,10,utilities,2025-02-23,closed_met,2025-02-26
2650,3490,3661,5,housing,2025-12-04,closed_unmet,2025-12-31
2651,3491,3662,4,food,2025-04-18,closed_met,2025-04-27
2652,3492,3663,1,food,2025-07-11,closed_met,2025-07-25
2653,3493,3664,2,housing,2026-03-02,open,
2654,3495,3667,2,housing,2026-05-17,closed_met,2026-06-21
2655,3496,3668,10,utilities,2026-06-02,closed_met,2026-06-17
2656,3497,3668,1,food,2025-04-12,closed_met,2025-04-18
2657,3499,3670,7,food,2025-12-01,closed_met,2025-12-13
2658,3499,3670,8,transportation,2025-12-02,closed_met,2025-12-23
2659,3501,3672,5,housing,2025-12-13,closed_met,2026-01-18
2660,3502,3672,5,housing,2026-02-06,closed_met,2026-03-18
2661,3505,3677,3,transportation,2025-12-07,closed_met,2025-12-16
2662,3506,3680,8,transportation,2025-08-10,closed_unmet,2025-09-15
2663,3507,3680,5,housing,2025-01-25,closed_unmet,2025-02-13
2664,3509,3682,8,transportation,2025-07-01,closed_met,2025-07-12
2665,3510,3684,12,housing,2026-01-04,closed_met,2026-02-22
2666,3511,3685,4,food,2026-05-29,closed_met,2026-06-09
2667,3511,3685,8,transportation,2026-05-27,closed_met,2026-06-07
2668,3511,3685,10,utilities,2026-05-29,open,
2669,3513,3687,10,utilities,2026-02-07,closed_met,2026-02-23
2670,3515,3688,1,food,2026-06-24,open,
2671,3516,3690,4,food,2026-01-14,closed_met,2026-01-31
2672,3519,3691,1,food,2025-06-26,closed_met,2025-06-29
2673,3519,3691,3,transportation,2025-06-24,closed_met,2025-06-29
2674,3519,3691,10,utilities,2025-06-27,open,
2675,3520,3692,4,food,2025-11-01,open,
2676,3524,3694,10,utilities,2025-10-20,closed_met,2025-11-08
2677,3525,3694,11,safety,2025-03-12,closed_met,2025-04-02
2678,3526,3696,2,housing,2026-04-01,closed_met,2026-05-09
2679,3527,3697,8,transportation,2026-02-27,closed_met,2026-03-08
2680,3532,3706,1,food,2026-05-17,closed_met,2026-05-23
2681,3532,3706,10,utilities,2026-05-16,closed_met,2026-05-29
2682,3533,3707,1,food,2025-12-22,open,
2683,3535,3708,1,food,2025-08-16,closed_met,2025-08-22
2684,3538,3712,2,housing,2025-06-08,closed_met,2025-07-02
2685,3538,3712,11,safety,2025-06-09,closed_met,2025-07-14
2686,3539,3713,4,food,2026-03-02,closed_met,2026-03-10
2687,3540,3714,1,food,2025-11-30,closed_met,2025-12-06
2688,3540,3714,8,transportation,2025-11-26,closed_met,2025-12-04
2689,3541,3716,4,food,2026-06-26,open,
2690,3542,3717,7,food,2026-01-24,open,
2691,3545,3718,7,food,2026-04-16,closed_met,2026-04-27
2692,3546,3718,8,transportation,2025-04-25,closed_met,2025-05-01
2693,3548,3722,5,housing,2025-09-24,closed_unmet,2025-11-12
2694,3550,3723,1,food,2025-02-24,closed_met,2025-03-06
2695,3550,3723,10,utilities,2025-02-19,closed_met,2025-02-27
2696,3551,3724,1,food,2025-04-15,closed_met,2025-04-23
2697,3552,3725,9,safety,2025-08-26,closed_unmet,2025-10-23
2698,3553,3726,1,food,2025-11-26,closed_met,2025-12-01
2699,3553,3726,3,transportation,2025-11-24,closed_met,2025-11-27
2700,3554,3729,1,food,2025-08-16,closed_met,2025-08-24
2701,3554,3729,3,transportation,2025-08-14,closed_met,2025-08-18
2702,3555,3729,2,housing,2026-02-17,closed_met,2026-03-18
2703,3556,3731,5,housing,2026-06-15,open,
2704,3557,3732,10,utilities,2025-10-17,closed_unmet,2025-11-13
2705,3558,3734,8,transportation,2025-03-22,closed_met,2025-03-31
2706,3559,3735,7,food,2025-08-04,closed_met,2025-08-23
2707,3560,3735,5,housing,2025-04-02,open,
2708,3565,3743,1,food,2026-01-28,closed_met,2026-02-05
2709,3567,3747,11,safety,2025-01-25,closed_met,2025-02-16
2710,3569,3749,4,food,2025-05-28,closed_met,2025-06-13
2711,3569,3749,3,transportation,2025-05-26,closed_met,2025-05-31
2712,3571,3750,9,safety,2025-08-15,closed_met,2025-09-11
2713,3573,3751,3,transportation,2026-04-30,closed_met,2026-05-06
2714,3574,3752,3,transportation,2025-11-21,closed_met,2025-11-29
2715,1001715,3760,1,food,2025-08-04,closed_met,2025-08-11
2716,3579,3760,3,transportation,2025-08-09,closed_unmet,2025-10-01
2717,3580,3762,8,transportation,2026-03-29,closed_unmet,2026-04-25
2718,3581,3762,12,housing,2025-09-16,closed_unmet,2025-10-26
2719,3581,3762,1,food,2025-09-15,closed_met,2025-09-27
2720,3581,3762,8,transportation,2025-09-18,closed_met,2025-10-02
2721,3582,3762,8,transportation,2026-03-27,open,
2722,3583,3764,1,food,2025-06-12,closed_met,2025-06-22
2723,3587,3767,5,housing,2025-03-08,closed_met,2025-03-28
2724,3587,3767,4,food,2025-03-12,closed_unmet,2025-03-29
2725,3589,3768,1,food,2025-01-31,open,
2726,3589,3768,11,safety,2025-01-28,closed_met,2025-02-21
2727,3592,3770,5,housing,2025-03-18,closed_met,2025-04-18
2728,3594,3774,7,food,2026-02-09,closed_met,2026-03-02
2729,3596,3776,2,housing,2025-08-29,closed_met,2025-10-16
2730,3602,3780,2,housing,2025-03-12,closed_met,2025-03-28
2731,3602,3780,1,food,2025-03-08,closed_met,2025-03-19
2732,3603,3781,4,food,2025-08-25,closed_met,2025-09-03
2733,3604,3784,5,housing,2026-03-18,closed_met,2026-03-28
2734,3605,3785,2,housing,2026-01-24,closed_met,2026-03-05
2735,3605,3785,1,food,2026-01-22,closed_met,2026-01-28
2736,3605,3785,11,safety,2026-01-24,closed_met,2026-02-11
2737,3607,3785,11,safety,2025-05-21,closed_met,2025-06-07
2738,3610,3788,2,housing,2025-06-10,closed_met,2025-07-09
2739,3610,3788,3,transportation,2025-06-05,closed_met,2025-06-07
2740,3612,3789,6,utilities,2025-08-15,open,
2741,3613,3790,8,transportation,2025-01-09,closed_met,2025-01-16
2742,3615,3791,5,housing,2025-12-30,closed_met,2026-02-01
2743,3617,3794,1,food,2025-12-25,closed_met,2026-01-05
2744,3618,3795,8,transportation,2025-05-12,closed_met,2025-05-21
2745,3619,3795,7,food,2025-11-28,closed_met,2025-12-06
2746,3619,3795,10,utilities,2025-12-03,closed_met,2025-12-10
2747,3620,3796,1,food,2026-06-18,open,
2748,3621,3803,5,housing,2026-02-27,closed_unmet,2026-04-08
2749,3621,3803,4,food,2026-02-23,closed_met,2026-03-05
2750,3622,3803,5,housing,2026-02-10,closed_met,2026-02-21
2751,3625,3806,1,food,2025-06-05,closed_met,2025-06-11
2752,3626,3807,1,food,2025-04-13,closed_met,2025-04-22
2753,3627,3809,2,housing,2025-02-23,closed_met,2025-03-12
2754,3631,3812,1,food,2025-12-14,closed_unmet,2026-01-26
2755,3631,3812,3,transportation,2025-12-14,closed_met,2025-12-21
2756,3632,3813,8,transportation,2026-02-03,closed_met,2026-02-14
2757,3634,3816,2,housing,2026-03-22,closed_met,2026-04-08
2758,3637,3820,4,food,2025-12-05,closed_met,2025-12-17
2759,3637,3820,8,transportation,2025-12-09,open,
2760,3639,3824,11,safety,2026-03-02,closed_met,2026-03-28
2761,3641,3825,1,food,2026-05-02,closed_met,2026-05-10
2762,3644,3830,7,food,2026-01-19,closed_met,2026-02-10
2763,3644,3830,10,utilities,2026-01-21,closed_met,2026-02-03
2764,3646,3832,4,food,2025-02-23,closed_met,2025-03-05
2765,3647,3833,1,food,2026-04-18,closed_met,2026-04-24
2766,3648,3834,6,utilities,2025-02-26,closed_unmet,2025-03-16
2767,3650,3835,2,housing,2026-05-03,open,
2768,3653,3838,7,food,2025-01-31,closed_met,2025-02-14
2769,3654,3839,4,food,2025-02-01,closed_met,2025-02-11
2770,3656,3839,12,housing,2025-12-03,open,
2771,3657,3840,1,food,2025-07-20,closed_met,2025-07-26
2772,3659,3840,1,food,2025-04-27,closed_met,2025-05-09
2773,3661,3842,2,housing,2025-01-28,open,
2774,3661,3842,1,food,2025-01-29,closed_met,2025-02-05
2775,3663,3845,2,housing,2026-05-22,open,
2776,3663,3845,8,transportation,2026-05-26,closed_met,2026-05-30
2777,3663,3845,10,utilities,2026-05-27,closed_met,2026-06-12
2778,3664,3845,12,housing,2025-01-20,closed_met,2025-03-10
2779,3665,3846,5,housing,2026-06-24,open,
2780,3665,3846,7,food,2026-06-21,closed_met,2026-06-29
2781,3666,3847,12,housing,2026-03-10,open,
2782,3667,3848,8,transportation,2026-02-16,closed_met,2026-02-24
2783,3670,3850,5,housing,2025-05-15,closed_met,2025-07-05
2784,3670,3850,3,transportation,2025-05-16,closed_met,2025-05-17
2785,3671,3851,5,housing,2025-07-22,closed_met,2025-08-17
2786,3671,3851,4,food,2025-07-22,closed_met,2025-07-30
2787,3672,3853,1,food,2025-02-16,closed_met,2025-02-28
2788,3674,3858,12,housing,2025-04-21,open,
2789,3675,3859,5,housing,2025-04-18,closed_met,2025-05-25
2790,3675,3859,4,food,2025-04-20,closed_met,2025-04-26
2791,3677,3862,1,food,2025-02-18,closed_met,2025-02-19
2792,3678,3862,3,transportation,2025-10-18,closed_met,2025-10-22
2793,3679,3863,11,safety,2025-04-18,closed_met,2025-05-19
2794,3680,3864,12,housing,2025-08-16,closed_met,2025-09-05
2795,3681,3865,10,utilities,2025-05-29,closed_met,2025-06-05
2796,3683,3866,2,housing,2025-04-12,closed_unmet,2025-05-24
2797,3683,3866,3,transportation,2025-04-11,closed_met,2025-04-16
2798,3684,3869,7,food,2026-02-06,closed_met,2026-02-27
2799,3684,3869,3,transportation,2026-02-08,closed_met,2026-02-12
2800,3685,3870,5,housing,2026-05-21,open,
2801,3686,3873,2,housing,2025-11-14,open,
2802,3686,3873,1,food,2025-11-18,closed_unmet,2025-12-25
2803,3688,3875,12,housing,2025-06-08,open,
2804,3688,3875,7,food,2025-06-10,closed_met,2025-06-27
2805,3691,3876,5,housing,2025-10-18,closed_met,2025-10-26
2806,3693,3877,10,utilities,2025-06-23,closed_met,2025-07-03
2807,3695,3879,3,transportation,2026-02-22,closed_met,2026-02-28
2808,3695,3879,6,utilities,2026-02-22,closed_unmet,2026-04-08
2809,3696,3881,2,housing,2025-06-23,closed_met,2025-08-18
2810,3696,3881,10,utilities,2025-06-25,closed_met,2025-06-29
2811,3697,3881,1,food,2025-03-01,open,
2812,3697,3881,3,transportation,2025-03-04,closed_met,2025-03-12
2813,3698,3882,4,food,2026-05-11,closed_met,2026-05-24
2814,3698,3882,3,transportation,2026-05-10,closed_met,2026-05-15
2815,3699,3883,2,housing,2025-03-18,open,
2816,3702,3884,8,transportation,2025-12-28,closed_met,2025-12-30
2817,3703,3885,4,food,2025-06-15,closed_met,2025-07-03
2818,3704,3886,4,food,2025-04-24,closed_met,2025-05-09
2819,3704,3886,3,transportation,2025-04-29,closed_met,2025-05-04
2820,3708,3889,2,housing,2026-01-13,closed_met,2026-02-05
2821,3708,3889,3,transportation,2026-01-12,closed_met,2026-01-19
2822,3709,3889,1,food,2025-06-11,closed_met,2025-06-17
2823,3710,3890,3,transportation,2026-02-06,closed_met,2026-02-13
2824,3714,3894,1,food,2025-10-22,closed_met,2025-10-26
2825,3717,3898,3,transportation,2026-01-27,closed_met,2026-02-04
2826,3718,3899,8,transportation,2025-05-21,open,
2827,3718,3899,6,utilities,2025-05-18,closed_met,2025-06-12
2828,3720,3900,7,food,2025-08-22,open,
2829,3722,3901,10,utilities,2025-12-20,closed_met,2025-12-29
2830,3727,3904,2,housing,2026-03-03,open,
2831,3729,3905,2,housing,2026-05-25,open,
2832,3730,3906,7,food,2025-06-17,open,
2833,3734,3910,1,food,2025-12-15,closed_met,2025-12-25
2834,3736,3913,1,food,2026-04-29,closed_met,2026-05-14
2835,3737,3914,5,housing,2026-02-06,closed_met,2026-03-01
2836,3737,3914,6,utilities,2026-02-07,closed_unmet,2026-03-29
2837,3739,3916,3,transportation,2025-06-12,closed_met,2025-06-17
2838,3740,3917,4,food,2025-08-30,closed_met,2025-09-09
2839,3743,3921,4,food,2025-06-24,closed_met,2025-07-07
2840,3743,3921,9,safety,2025-06-28,closed_met,2025-08-02
2841,3744,3922,3,transportation,2025-02-08,closed_met,2025-02-12
2842,3744,3922,10,utilities,2025-02-10,closed_met,2025-03-04
2843,3745,3924,2,housing,2025-10-05,closed_met,2025-10-12
2844,3745,3924,3,transportation,2025-10-08,closed_unmet,2025-10-29
2845,3748,3926,1,food,2025-07-08,closed_met,2025-07-14
2846,3749,3927,5,housing,2025-05-23,open,
2847,3750,3928,4,food,2025-12-15,closed_met,2025-12-26
2848,3750,3928,3,transportation,2025-12-16,closed_met,2025-12-21
2849,3751,3928,4,food,2026-04-14,closed_met,2026-04-27
2850,3751,3928,10,utilities,2026-04-11,closed_met,2026-04-26
2851,3754,3934,4,food,2025-04-03,closed_met,2025-04-14
2852,3754,3934,8,transportation,2025-03-29,closed_met,2025-04-06
2853,3755,3935,7,food,2025-01-18,closed_met,2025-02-03
2854,3755,3935,8,transportation,2025-01-23,closed_met,2025-01-30
2855,3758,3937,8,transportation,2025-08-09,closed_met,2025-08-28
2856,3760,3940,5,housing,2025-03-11,closed_met,2025-04-11
2857,3761,3940,4,food,2025-12-10,closed_met,2025-12-19
2858,3762,3944,1,food,2025-06-06,closed_met,2025-06-09
2859,3762,3944,3,transportation,2025-06-07,closed_met,2025-06-12
2860,3762,3944,10,utilities,2025-06-11,closed_unmet,2025-07-07
2861,3764,3946,11,safety,2025-05-13,open,
2862,3768,3949,1,food,2025-07-10,closed_met,2025-07-19
2863,3769,3950,5,housing,2025-10-28,closed_met,2025-12-10
2864,3771,3950,5,housing,2025-12-28,closed_met,2026-01-17
2865,3772,3951,10,utilities,2026-02-25,closed_met,2026-03-06
2866,3777,3957,3,transportation,2026-06-15,closed_met,2026-06-18
2867,3778,3959,12,housing,2026-05-23,closed_met,2026-06-11
2868,3779,3960,10,utilities,2025-08-02,closed_met,2025-08-22
2869,3781,3962,1,food,2026-06-13,closed_met,2026-06-20
2870,3782,3962,1,food,2025-11-03,closed_unmet,2025-12-25
2871,3782,3962,3,transportation,2025-10-29,closed_met,2025-11-06
2872,3783,3965,1,food,2025-05-18,closed_met,2025-05-22
2873,3785,3967,7,food,2025-08-12,closed_met,2025-08-28
2874,3788,3973,3,transportation,2026-01-14,closed_met,2026-01-20
2875,3788,3973,6,utilities,2026-01-11,closed_met,2026-01-25
2876,3789,3974,1,food,2026-05-22,closed_met,2026-05-31
2877,3790,3976,2,housing,2026-01-13,closed_met,2026-02-06
2878,3790,3976,1,food,2026-01-15,closed_met,2026-01-23
2879,3791,3976,10,utilities,2026-05-14,closed_met,2026-05-30
2880,3793,3978,1,food,2026-02-19,closed_met,2026-03-05
2881,3794,3978,10,utilities,2026-04-25,closed_met,2026-05-04
2882,3795,3978,2,housing,2025-05-18,closed_met,2025-06-24
2883,3795,3978,1,food,2025-05-17,closed_met,2025-05-27
2884,3796,3979,1,food,2025-01-29,closed_met,2025-02-04
2885,3797,3981,5,housing,2025-08-04,closed_met,2025-09-03
2886,3798,3982,2,housing,2026-01-10,closed_met,2026-01-31
2887,3799,3982,2,housing,2025-12-16,open,
2888,3799,3982,1,food,2025-12-19,closed_met,2025-12-24
2889,3800,3984,7,food,2025-05-05,closed_met,2025-05-19
2890,3801,3986,10,utilities,2025-12-03,closed_met,2025-12-26
2891,3804,3988,5,housing,2026-01-04,closed_met,2026-02-08
2892,3805,3990,1,food,2025-07-28,closed_met,2025-08-04
2893,3806,3991,8,transportation,2025-10-28,closed_met,2025-11-10
2894,3808,3993,2,housing,2025-11-04,closed_met,2025-12-02
2895,3809,3994,2,housing,2025-02-14,open,
2896,3810,3996,2,housing,2026-06-19,open,
2897,3811,3996,11,safety,2025-11-07,closed_met,2025-11-30
2898,3812,3997,2,housing,2025-02-18,closed_unmet,2025-04-01
2899,3813,3998,1,food,2025-08-12,closed_met,2025-08-14
