screening_id,member_id,screening_date,screen_setting,housing_positive,food_positive,transportation_positive,utilities_positive,safety_positive
1,1,2025-09-24,CBO,0,0,0,1,0
2,2,2025-08-08,CBO,1,0,0,0,0
3,2,2026-05-14,phone,0,0,1,0,0
4,3,2025-10-17,primary_care,0,0,0,0,0
5,4,2025-03-31,care_manager,0,0,0,0,0
6,4,2025-10-11,ED,0,0,0,0,0
7,5,2026-06-25,CBO,0,0,0,0,0
8,6,2025-01-20,CBO,1,0,1,0,0
9,6,2025-06-06,primary_care,1,1,0,1,0
10,7,2026-01-20,care_manager,1,0,0,0,1
11,7,2025-04-06,ED,0,0,0,0,0
12,8,2026-01-02,CBO,0,0,1,0,0
13,10,2025-11-14,primary_care,0,0,0,0,0
14,11,2026-04-28,ED,1,0,0,0,1
15,11,2025-10-28,ED,0,0,1,0,0
16,12,2026-05-25,primary_care,1,0,0,0,0
17,13,2026-02-22,primary_care,1,0,0,0,0
18,13,2026-04-21,primary_care,0,0,0,1,0
19,14,2025-04-09,ED,0,0,0,0,0
20,16,2025-04-08,CBO,0,1,0,0,0
21,17,2025-12-02,care_manager,0,0,0,0,1
22,17,2025-02-04,CBO,0,1,0,1,0
23,20,2025-09-19,CBO,0,0,0,0,0
24,20,2026-06-16,primary_care,0,0,0,1,0
25,22,2025-03-26,phone,0,0,0,0,0
26,23,2025-08-16,phone,0,1,0,0,0
27,23,2026-06-22,ED,1,0,0,0,0
28,24,2025-06-05,care_manager,0,0,0,0,1
29,25,2025-11-16,ED,1,0,0,1,0
30,27,2026-03-06,CBO,0,1,0,1,0
31,28,2025-11-15,primary_care,0,0,0,0,0
32,29,2025-06-07,primary_care,1,0,0,0,0
33,30,2026-05-14,phone,0,1,1,0,0
34,30,2026-03-08,CBO,1,1,0,0,0
35,31,2026-05-13,care_manager,0,0,0,0,0
36,32,2026-01-20,primary_care,0,0,0,1,0
37,32,2026-03-08,care_manager,0,0,1,0,0
38,34,2025-01-25,care_manager,0,0,0,0,1
39,35,2025-12-19,CBO,0,0,1,0,0
40,35,2025-11-26,primary_care,0,0,0,0,0
41,36,2025-08-22,phone,0,1,0,1,0
42,38,2025-11-14,care_manager,0,0,0,0,0
43,39,2025-04-06,CBO,1,0,0,0,0
44,40,2025-10-28,ED,0,0,0,0,0
45,40,2025-06-08,ED,0,1,0,0,0
46,40,2026-03-27,phone,0,1,1,0,1
47,41,2026-01-08,CBO,0,1,0,0,0
48,42,2025-05-12,primary_care,1,0,0,0,0
49,46,2025-02-24,primary_care,0,0,0,1,0
50,47,2025-10-10,ED,0,0,0,0,0
51,47,2026-02-10,phone,1,0,0,0,0
52,47,2025-11-19,primary_care,0,0,1,0,0
53,48,2025-07-03,primary_care,0,1,0,0,0
54,48,2026-02-01,CBO,0,0,0,0,0
55,48,2025-12-30,ED,1,0,1,1,0
56,49,2026-01-29,ED,0,0,0,0,0
57,50,2025-07-06,CBO,0,0,1,0,0
58,52,2025-05-04,phone,0,0,1,0,0
59,53,2025-12-12,primary_care,0,0,0,0,0
60,54,2025-09-10,CBO,0,1,0,0,0
61,57,2025-11-25,ED,0,0,0,0,0
62,58,2025-07-22,care_manager,0,0,0,0,0
63,59,2026-02-03,phone,0,0,0,0,0
64,61,2025-06-27,ED,0,0,0,1,0
65,62,2025-07-02,ED,0,0,1,0,0
66,64,2025-07-31,primary_care,0,0,1,0,0
67,65,2025-12-05,primary_care,0,0,0,0,0
68,66,2025-09-22,ED,0,0,0,0,0
69,70,2026-02-28,primary_care,0,0,1,0,0
70,71,2025-03-14,CBO,0,1,0,0,0
71,72,2025-09-25,phone,1,1,0,0,0
72,72,2025-04-22,primary_care,1,1,0,1,0
73,74,2025-06-29,CBO,0,1,0,0,0
74,74,2025-01-26,ED,0,1,1,0,0
75,74,2025-02-09,care_manager,1,1,1,0,0
76,75,2026-02-01,care_manager,0,0,0,0,0
77,76,2026-04-11,care_manager,0,0,1,0,0
78,76,2025-06-14,phone,0,1,0,1,0
79,77,2025-08-02,care_manager,0,0,0,0,0
80,78,2026-02-13,phone,1,0,0,0,0
81,80,2026-02-07,phone,1,1,0,0,0
82,83,2025-01-25,phone,0,0,0,0,0
83,83,2025-06-09,ED,0,0,0,0,0
84,83,2025-05-14,primary_care,0,0,0,0,0
85,86,2025-02-24,ED,0,1,0,0,0
86,87,2025-06-29,care_manager,0,1,0,0,0
87,88,2025-10-15,care_manager,0,0,0,0,0
88,89,2026-01-26,CBO,0,0,0,0,0
89,91,2025-01-21,CBO,0,0,0,0,0
90,92,2025-11-04,ED,0,0,1,0,0
91,93,2025-03-27,ED,0,0,0,0,0
92,93,2026-01-09,care_manager,0,1,1,0,0
93,94,2026-04-15,primary_care,0,0,1,0,0
94,96,2025-10-04,care_manager,0,0,0,0,0
95,97,2025-12-21,primary_care,0,0,0,0,0
96,102,2025-04-20,primary_care,0,1,1,0,0
97,103,2026-04-17,ED,0,0,0,0,0
98,104,2025-03-25,ED,1,0,1,0,0
99,104,2025-07-10,phone,0,0,0,0,0
100,105,2025-07-22,primary_care,0,0,0,0,0
101,106,2025-08-22,CBO,1,0,0,0,0
102,106,2025-09-04,primary_care,0,0,0,0,0
103,107,2025-03-03,primary_care,0,0,1,0,0
104,109,2026-01-06,CBO,0,0,0,0,0
105,109,2026-04-07,phone,0,0,0,0,0
106,111,2025-02-13,care_manager,0,0,0,0,0
107,112,2026-04-09,CBO,1,0,0,0,0
108,112,2025-06-26,CBO,1,0,1,1,0
109,113,2025-03-10,care_manager,0,0,0,1,0
110,113,2025-11-12,phone,0,0,0,0,0
111,113,2025-05-13,phone,0,0,0,0,0
112,115,2026-03-04,care_manager,0,0,0,0,0
113,117,2025-12-06,ED,0,0,0,0,0
114,118,2025-09-13,ED,0,0,1,0,0
115,120,2025-07-17,ED,0,1,1,0,0
116,121,2025-07-12,ED,0,0,1,0,0
117,122,2025-01-12,care_manager,0,1,0,1,0
118,122,2025-10-08,CBO,0,1,0,0,0
119,123,2026-05-04,CBO,0,0,0,0,0
120,123,2026-02-10,phone,1,0,0,0,0
121,124,2025-03-11,CBO,1,1,1,0,0
122,125,2025-08-01,phone,0,1,0,0,0
123,126,2025-06-06,care_manager,0,1,0,0,0
124,127,2025-02-06,CBO,1,0,1,0,0
125,128,2025-12-09,care_manager,1,0,0,0,0
126,129,2025-07-30,phone,1,0,0,0,0
127,129,2026-01-05,ED,0,0,0,0,0
128,130,2025-08-10,CBO,0,0,1,0,0
129,131,2025-09-12,primary_care,1,1,1,1,0
130,132,2025-01-23,ED,0,1,1,1,0
131,133,2025-10-04,care_manager,1,0,1,0,0
132,134,2025-03-06,CBO,0,0,0,0,0
133,135,2025-07-12,care_manager,0,0,1,0,0
134,137,2026-01-12,phone,0,0,1,0,0
135,138,2025-10-27,care_manager,1,0,0,0,0
136,138,2026-01-03,CBO,0,0,0,0,0
137,138,2026-06-03,ED,0,0,1,0,0
138,139,2025-07-30,phone,0,0,0,0,0
139,139,2025-02-12,ED,0,0,1,0,0
140,139,2026-02-09,primary_care,0,0,1,0,0
141,141,2026-06-01,care_manager,0,0,0,0,0
142,142,2025-04-09,primary_care,0,1,1,0,0
143,143,2026-05-05,CBO,0,0,0,0,0
144,144,2026-01-28,care_manager,0,0,0,0,0
145,144,2025-01-28,primary_care,0,0,0,1,0
146,145,2026-04-26,care_manager,1,1,0,0,0
147,146,2025-02-19,ED,0,1,0,0,0
148,146,2025-06-08,ED,0,1,0,0,0
149,148,2025-04-29,care_manager,1,1,0,0,0
150,149,2025-03-10,ED,1,1,0,0,0
151,149,2025-05-04,phone,1,1,0,0,0
152,150,2026-02-05,phone,1,1,0,1,0
153,152,2026-05-06,primary_care,1,1,0,0,0
154,154,2025-09-26,ED,0,0,1,0,0
155,156,2026-05-06,ED,0,0,0,0,0
156,156,2025-09-05,primary_care,0,1,0,0,1
157,157,2026-04-27,phone,0,0,0,0,0
158,158,2025-05-21,primary_care,0,1,0,0,0
159,158,2026-06-10,CBO,0,0,0,0,0
160,159,2026-02-26,ED,0,0,0,0,0
161,161,2026-01-06,primary_care,0,0,0,0,0
162,162,2025-09-10,care_manager,1,0,0,0,0
163,162,2026-04-16,phone,0,1,0,0,0
164,163,2025-09-18,phone,0,0,0,0,0
165,164,2026-03-14,ED,0,0,1,0,0
166,165,2025-10-12,care_manager,1,0,1,1,0
167,165,2025-10-01,ED,0,0,0,1,0
168,166,2025-10-04,phone,0,1,1,0,0
169,167,2026-03-31,phone,0,0,0,0,0
170,169,2026-03-24,care_manager,0,0,0,0,0
171,170,2025-03-21,CBO,0,0,0,0,0
172,171,2025-10-25,phone,0,0,0,0,0
173,172,2026-04-09,care_manager,0,1,0,0,1
174,173,2025-08-13,care_manager,0,0,0,0,0
175,174,2025-04-03,phone,0,1,0,0,0
176,174,2026-04-09,care_manager,1,1,0,0,0
177,177,2025-07-20,phone,0,1,0,0,0
178,177,2025-07-11,primary_care,0,1,0,0,0
179,178,2025-05-16,care_manager,0,0,0,0,0
180,179,2025-09-12,CBO,1,0,1,0,0
181,181,2026-02-19,primary_care,0,0,0,0,0
182,181,2025-07-31,care_manager,1,0,0,1,0
183,186,2025-01-17,CBO,0,0,0,0,0
184,188,2025-02-22,CBO,0,1,0,1,0
185,189,2026-05-06,primary_care,1,0,0,0,1
186,189,2025-12-22,care_manager,0,1,1,0,0
187,190,2025-10-01,ED,1,0,0,0,0
188,190,2025-07-19,phone,0,1,0,0,0
189,191,2026-05-10,primary_care,0,1,0,0,0
190,192,2026-04-26,CBO,0,1,0,0,0
191,192,2026-06-17,care_manager,0,0,0,0,0
192,192,2026-05-10,primary_care,0,0,0,0,0
193,194,2025-04-20,care_manager,0,0,0,0,0
194,194,2025-06-06,phone,0,0,0,0,0
195,195,2025-06-16,primary_care,0,0,0,0,0
196,196,2025-06-07,care_manager,0,0,0,0,0
197,196,2026-05-19,ED,0,0,1,0,0
198,197,2025-03-26,primary_care,1,1,0,0,0
199,198,2026-01-11,ED,0,0,0,0,0
200,200,2025-03-26,care_manager,0,0,0,0,0
201,202,2025-10-26,phone,0,0,0,0,0
202,204,2026-06-12,ED,1,0,0,1,0
203,204,2025-11-13,primary_care,0,1,0,0,1
204,205,2026-03-22,CBO,0,0,0,0,0
205,205,2025-08-03,primary_care,0,0,0,0,0
206,206,2025-09-16,CBO,0,0,0,0,0
207,206,2026-04-06,phone,1,0,0,0,0
208,207,2025-06-18,ED,0,0,0,0,0
209,207,2025-09-03,primary_care,0,0,0,0,0
210,209,2026-01-17,ED,0,1,0,0,0
211,209,2026-06-26,primary_care,0,0,0,0,0
212,210,2025-10-25,primary_care,0,0,1,0,0
213,210,2025-08-25,primary_care,0,0,0,0,0
214,212,2026-02-09,care_manager,0,0,1,0,0
215,213,2026-05-29,primary_care,0,0,0,0,0
216,214,2025-10-22,ED,0,0,0,0,0
217,215,2026-03-16,CBO,1,0,0,1,0
218,216,2025-03-12,primary_care,1,1,1,0,0
219,216,2025-04-05,phone,0,0,1,0,0
220,216,2025-12-17,CBO,1,0,0,0,0
221,217,2026-02-17,primary_care,1,1,0,0,0
222,218,2025-02-12,CBO,1,1,0,1,0
223,219,2026-06-18,CBO,0,1,1,0,0
224,219,2025-04-20,care_manager,1,1,0,1,0
225,220,2025-04-06,primary_care,0,0,0,0,0
226,223,2025-08-06,phone,0,1,1,0,0
227,224,2025-02-11,ED,0,0,1,0,0
228,225,2025-04-20,ED,0,0,0,0,0
229,226,2025-04-17,phone,0,1,0,0,0
230,226,2025-07-12,phone,0,1,0,0,0
231,227,2025-10-03,care_manager,0,0,1,0,0
232,230,2025-05-03,primary_care,0,1,0,0,0
233,230,2025-10-11,primary_care,0,0,0,0,0
234,231,2026-04-03,care_manager,1,0,0,0,0
235,232,2025-07-12,care_manager,0,0,0,0,0
236,233,2026-04-20,ED,1,0,0,0,0
237,234,2025-03-08,CBO,0,0,0,0,0
238,234,2026-05-04,ED,0,1,0,0,0
239,235,2025-05-29,phone,1,0,0,0,0
240,237,2025-09-16,phone,0,0,0,0,0
241,237,2025-07-07,phone,0,0,1,0,0
242,239,2025-10-06,CBO,0,0,0,0,0
243,240,2025-07-20,phone,0,0,0,0,0
244,241,2025-01-17,ED,0,1,0,0,0
245,242,2026-03-28,primary_care,0,1,0,0,1
246,242,2025-12-15,ED,0,0,1,0,0
247,242,2025-01-07,primary_care,0,0,0,0,0
248,243,2025-10-12,ED,1,0,0,0,0
249,245,2025-07-03,ED,1,1,1,0,0
250,246,2025-02-05,ED,0,0,0,1,0
251,247,2026-06-28,care_manager,0,0,0,0,0
252,247,2025-06-11,ED,0,0,0,0,0
253,248,2025-10-13,ED,0,0,0,0,0
254,248,2026-02-20,ED,0,0,0,1,0
255,249,2025-04-26,primary_care,0,0,0,0,0
256,249,2026-06-15,phone,1,0,0,0,0
257,250,2025-09-23,ED,0,0,0,1,0
258,251,2025-03-15,CBO,0,0,1,0,0
259,252,2025-01-12,primary_care,0,0,0,0,0
260,253,2025-03-25,phone,1,1,0,1,0
261,253,2025-06-13,care_manager,1,0,0,0,0
262,255,2026-06-04,ED,0,1,0,1,0
263,256,2026-06-08,phone,0,0,0,0,0
264,256,2026-01-20,ED,0,0,1,0,0
265,262,2025-03-04,primary_care,0,1,1,0,0
266,263,2025-09-22,ED,0,0,0,0,0
267,264,2025-07-12,care_manager,0,1,0,0,0
268,266,2025-09-06,care_manager,0,0,1,0,0
269,267,2026-02-04,CBO,0,0,0,0,0
270,269,2025-08-23,primary_care,0,0,0,0,0
271,271,2025-10-14,primary_care,0,0,0,0,0
272,273,2026-05-28,phone,0,0,0,0,0
273,275,2025-02-08,ED,0,0,0,0,0
274,276,2025-12-30,ED,1,0,0,0,0
275,276,2025-05-07,ED,0,0,1,0,0
276,278,2025-02-05,CBO,0,0,0,0,0
277,280,2026-02-21,ED,0,0,0,1,0
278,280,2025-01-31,phone,0,0,0,0,0
279,280,2025-01-14,CBO,0,0,0,0,0
280,282,2026-03-02,CBO,0,0,0,0,0
281,282,2025-05-18,phone,0,1,0,0,0
282,282,2025-01-28,ED,0,0,0,0,0
283,283,2025-03-17,primary_care,0,1,0,1,0
284,284,2026-03-15,ED,0,0,1,0,0
285,284,2026-06-17,primary_care,0,0,0,0,0
286,285,2025-03-16,CBO,0,0,1,0,0
287,286,2026-05-12,CBO,0,0,0,0,0
288,287,2025-04-29,ED,0,0,1,0,0
289,287,2026-06-26,primary_care,1,1,1,0,0
290,287,2026-04-09,phone,0,0,1,0,0
291,288,2026-01-20,care_manager,0,0,0,0,0
292,289,2025-05-29,CBO,0,0,0,0,0
293,290,2026-05-28,ED,0,0,0,0,0
294,291,2025-08-17,primary_care,0,1,0,0,0
295,291,2026-04-30,care_manager,1,0,0,0,0
296,292,2025-11-30,ED,0,0,0,0,0
297,294,2025-10-19,ED,0,0,0,0,0
298,296,2025-01-31,ED,0,0,1,0,0
299,297,2026-02-21,primary_care,0,0,0,0,0
300,298,2025-05-30,primary_care,0,0,0,0,0
301,299,2025-10-01,CBO,0,1,0,0,0
302,301,2025-01-07,primary_care,0,0,0,0,0
303,302,2026-02-01,primary_care,0,1,0,0,0
304,302,2025-10-28,ED,0,1,0,1,0
305,302,2025-05-28,care_manager,1,0,0,0,0
306,303,2026-02-26,care_manager,0,0,0,0,0
307,304,2026-01-29,CBO,0,0,0,0,0
308,304,2025-01-24,ED,0,0,0,1,0
309,305,2025-06-25,care_manager,1,0,0,0,0
310,305,2025-06-17,CBO,1,1,0,0,0
311,306,2025-06-22,primary_care,0,0,1,0,0
312,307,2025-04-21,ED,0,0,0,0,0
313,308,2025-04-05,ED,0,0,0,0,0
314,308,2025-09-25,care_manager,0,0,1,0,0
315,310,2026-06-12,care_manager,1,0,0,1,0
316,310,2025-05-02,care_manager,0,0,0,0,0
317,311,2025-01-16,ED,0,1,0,1,0
318,311,2026-01-10,care_manager,1,0,0,0,0
319,312,2025-12-02,phone,0,0,0,0,0
320,314,2025-10-23,CBO,0,0,0,1,0
321,315,2025-09-14,phone,0,1,1,0,0
322,315,2025-04-04,ED,0,1,0,0,0
323,316,2025-03-07,phone,0,0,0,0,0
324,316,2025-06-03,ED,0,0,0,0,0
325,317,2026-05-21,care_manager,0,1,0,0,0
326,318,2025-01-31,CBO,0,0,0,0,0
327,320,2025-05-08,CBO,1,0,1,0,0
328,321,2026-06-30,ED,0,0,0,0,0
329,322,2025-04-16,phone,0,1,1,0,0
330,322,2025-08-16,phone,0,0,0,1,0
331,324,2026-01-31,CBO,0,0,1,0,0
332,325,2025-05-03,care_manager,0,0,0,1,0
333,326,2025-03-30,CBO,0,1,0,0,0
334,326,2025-07-27,care_manager,1,0,0,0,0
335,327,2025-01-17,primary_care,0,1,0,0,0
336,328,2026-06-26,ED,0,1,0,0,0
337,329,2026-02-16,care_manager,1,1,0,0,0
338,329,2025-11-02,CBO,0,1,0,0,0
339,330,2025-10-22,care_manager,1,1,0,0,0
340,330,2025-11-11,ED,0,1,0,0,0
341,331,2026-06-19,CBO,1,0,0,0,0
342,332,2025-08-16,care_manager,0,0,0,0,0
343,333,2026-01-11,primary_care,0,0,0,0,0
344,334,2025-06-27,ED,0,0,1,1,0
345,334,2025-09-08,phone,0,0,1,0,0
346,335,2025-07-05,CBO,0,0,0,0,0
347,336,2025-02-03,care_manager,0,0,0,0,0
348,337,2025-09-04,primary_care,0,0,0,0,0
349,338,2026-04-14,phone,0,1,0,0,0
350,341,2025-08-08,phone,0,0,0,0,0
351,342,2025-05-28,phone,0,1,0,0,0
352,343,2025-11-12,care_manager,0,1,0,0,0
353,345,2026-05-26,phone,0,0,1,0,0
354,345,2025-03-13,care_manager,1,0,0,0,0
355,345,2025-12-01,primary_care,1,0,0,0,0
356,347,2026-02-11,primary_care,0,0,1,0,1
357,347,2025-08-04,ED,0,0,0,0,0
358,349,2025-02-11,phone,1,1,0,0,0
359,351,2025-04-06,phone,1,1,0,0,0
360,352,2026-03-02,primary_care,0,1,0,0,0
361,353,2026-04-17,primary_care,0,0,1,1,0
362,354,2025-02-02,ED,0,0,0,0,0
363,355,2025-08-08,ED,1,0,0,0,0
364,357,2025-10-19,primary_care,1,0,0,0,0
365,359,2026-01-11,primary_care,0,0,0,0,0
366,359,2025-08-08,primary_care,0,0,0,0,0
367,361,2025-05-26,CBO,0,0,0,0,0
368,363,2025-09-23,primary_care,0,0,0,1,0
369,363,2025-08-25,primary_care,0,1,1,0,0
370,365,2025-01-08,phone,0,0,0,0,0
371,365,2026-01-07,CBO,0,0,0,0,0
372,366,2025-03-08,ED,0,0,0,0,0
373,366,2025-09-10,primary_care,0,0,1,0,0
374,367,2026-02-27,ED,0,1,0,0,0
375,367,2025-04-10,primary_care,0,0,0,1,1
376,368,2025-08-23,CBO,0,0,0,0,0
377,369,2026-02-15,phone,1,0,1,0,0
378,370,2025-07-29,ED,1,1,1,0,0
379,373,2025-12-28,primary_care,0,0,0,0,0
380,374,2026-03-01,primary_care,0,0,0,0,0
381,375,2026-04-24,phone,1,1,1,0,0
382,376,2025-11-01,phone,0,0,0,0,0
383,379,2026-03-26,care_manager,0,0,0,0,0
384,382,2025-02-20,care_manager,0,0,0,0,0
385,383,2026-06-12,care_manager,0,0,0,0,0
386,383,2025-01-16,ED,1,0,1,0,0
387,384,2025-01-29,phone,0,0,0,0,0
388,387,2026-06-10,primary_care,0,0,0,0,0
389,388,2025-01-23,phone,0,0,0,0,0
390,389,2025-03-14,primary_care,0,0,0,0,0
391,389,2026-04-08,care_manager,0,0,0,0,0
392,391,2025-06-26,primary_care,1,1,0,0,0
393,391,2025-03-28,ED,0,0,0,0,0
394,392,2026-06-01,care_manager,1,0,0,0,0
395,393,2025-09-22,care_manager,0,1,0,1,0
396,393,2025-08-18,care_manager,0,0,1,0,0
397,396,2025-09-29,care_manager,0,0,0,0,0
398,397,2025-04-15,care_manager,0,1,0,0,0
399,398,2025-08-16,care_manager,0,0,0,0,1
400,398,2026-04-01,primary_care,0,1,1,0,0
401,399,2025-08-07,CBO,0,0,1,0,0
402,400,2025-10-13,primary_care,0,0,0,0,0
403,400,2025-07-17,care_manager,0,1,0,0,0
404,401,2025-02-12,phone,0,0,0,0,0
405,401,2025-05-29,ED,1,1,0,0,0
406,403,2026-02-10,primary_care,0,0,0,0,0
407,403,2025-12-02,phone,0,1,0,0,0
408,404,2026-01-26,primary_care,0,1,1,0,0
409,405,2025-02-20,phone,1,0,0,0,0
410,407,2026-03-22,CBO,0,0,0,0,0
411,408,2026-05-17,CBO,0,0,0,0,0
412,408,2025-11-23,ED,0,1,0,0,0
413,409,2026-01-26,primary_care,0,0,1,0,0
414,409,2025-08-23,primary_care,0,1,0,0,0
415,411,2026-05-01,primary_care,0,1,0,1,1
416,411,2025-01-16,phone,1,0,0,0,0
417,412,2025-01-14,ED,0,1,1,0,0
418,412,2026-05-06,phone,0,0,0,0,0
419,413,2025-06-22,phone,0,1,0,0,0
420,415,2026-03-16,ED,0,0,0,0,0
421,417,2025-07-18,care_manager,1,0,0,0,0
422,420,2025-06-20,ED,0,1,0,0,0
423,422,2025-03-04,CBO,0,1,0,0,0
424,423,2025-05-29,primary_care,0,0,0,0,0
425,428,2026-02-10,ED,0,0,0,1,0
426,428,2025-09-25,primary_care,0,1,0,0,0
427,429,2025-11-25,CBO,0,0,1,0,0
428,432,2026-06-25,CBO,0,1,0,0,0
429,433,2025-02-07,CBO,0,0,0,0,0
430,434,2025-07-28,phone,0,0,0,0,0
431,436,2026-05-27,ED,1,0,1,0,0
432,437,2025-01-03,primary_care,1,0,0,0,0
433,438,2025-04-06,ED,0,0,0,0,0
434,440,2025-02-18,ED,0,1,0,0,0
435,441,2025-04-11,care_manager,1,1,0,1,0
436,441,2025-01-21,CBO,0,1,0,0,0
437,442,2025-08-19,phone,0,1,0,0,0
438,442,2025-01-16,phone,0,0,0,0,0
439,443,2026-02-19,phone,1,0,0,0,0
440,445,2026-03-16,phone,1,0,1,0,0
441,447,2026-06-19,phone,0,0,1,1,0
442,447,2026-04-18,CBO,0,0,0,1,0
443,448,2025-05-29,ED,0,0,0,0,0
444,449,2026-05-04,CBO,0,0,0,0,0
445,451,2025-04-18,CBO,0,0,0,0,0
446,451,2026-03-22,CBO,0,1,0,1,0
447,452,2025-08-13,ED,0,0,0,0,0
448,454,2025-07-01,CBO,0,0,0,0,0
449,454,2025-01-06,ED,1,0,0,0,0
450,456,2026-01-18,primary_care,1,1,0,0,0
451,456,2025-03-30,care_manager,0,0,0,1,0
452,457,2025-01-05,phone,0,1,0,0,0
453,459,2026-06-19,ED,0,0,0,0,0
454,460,2026-04-29,phone,0,0,0,0,0
455,463,2025-03-26,ED,1,0,0,1,0
456,466,2025-09-05,phone,0,0,0,1,0
457,470,2025-07-01,CBO,0,1,0,0,0
458,471,2026-03-31,primary_care,0,0,0,0,0
459,472,2025-07-30,CBO,0,0,1,1,0
460,474,2026-02-02,care_manager,1,0,1,0,0
461,475,2025-10-02,ED,0,1,1,1,0
462,476,2025-08-08,phone,0,0,0,0,0
463,477,2025-12-14,ED,1,1,0,0,0
464,478,2025-01-29,CBO,0,0,0,1,0
465,482,2025-05-02,phone,1,0,0,0,0
466,483,2025-12-11,ED,0,0,1,0,0
467,484,2025-02-16,phone,0,1,1,0,0
468,486,2026-02-01,care_manager,0,0,1,0,0
469,487,2025-10-23,care_manager,0,0,0,0,1
470,488,2025-06-14,CBO,0,0,1,0,0
471,489,2025-06-03,primary_care,1,1,0,1,1
472,490,2026-04-13,CBO,0,0,0,0,0
473,490,2025-07-10,primary_care,1,0,0,0,0
474,490,2025-01-09,care_manager,0,1,0,0,0
475,492,2026-04-01,primary_care,1,0,0,0,0
476,493,2025-06-25,care_manager,1,0,0,1,0
477,493,2025-03-25,ED,0,0,0,0,0
478,495,2025-02-15,phone,0,0,0,0,0
479,497,2025-06-08,CBO,0,0,0,0,0
480,497,2025-02-24,primary_care,0,0,1,0,0
481,497,2025-05-11,CBO,0,0,1,0,0
482,499,2026-06-22,ED,0,1,0,0,0
483,499,2025-08-01,ED,0,1,0,1,0
484,500,2025-05-14,primary_care,0,0,0,0,0
485,500,2025-02-28,CBO,0,0,1,0,0
486,501,2025-04-02,care_manager,0,0,0,0,0
487,503,2026-06-28,phone,1,0,1,0,0
488,503,2025-03-25,CBO,0,1,1,0,0
489,503,2025-02-11,care_manager,0,0,0,1,0
490,506,2026-03-18,phone,0,1,0,0,0
491,507,2025-05-18,care_manager,0,0,1,0,0
492,508,2025-04-14,care_manager,0,0,0,0,0
493,510,2025-04-11,primary_care,0,0,1,0,0
494,512,2025-10-16,phone,0,0,0,0,0
495,512,2025-08-30,ED,0,1,0,0,0
496,512,2026-05-27,care_manager,0,0,0,0,0
497,514,2025-12-05,CBO,0,0,0,0,0
498,516,2026-01-15,phone,0,0,0,0,0
499,517,2026-03-18,phone,1,1,1,0,0
500,517,2025-05-27,ED,0,0,0,0,0
501,518,2025-01-14,primary_care,0,0,1,0,0
502,518,2025-10-20,ED,1,0,1,0,0
503,519,2025-11-13,care_manager,1,0,0,0,0
504,520,2026-06-28,phone,0,0,1,1,0
505,522,2026-05-26,primary_care,1,0,0,0,0
506,522,2025-06-01,CBO,0,0,0,0,0
507,523,2025-01-04,CBO,1,0,0,1,0
508,525,2026-01-12,care_manager,0,0,0,1,0
509,525,2025-07-02,ED,0,1,0,0,0
510,526,2026-02-12,ED,0,0,1,0,0
511,526,2025-06-07,phone,0,0,0,1,0
512,527,2025-08-07,ED,0,1,1,0,0
513,527,2025-08-16,primary_care,0,1,0,0,0
514,528,2026-02-03,ED,0,0,1,0,0
515,529,2025-08-16,care_manager,0,0,0,0,0
516,529,2026-03-22,ED,0,0,0,0,0
517,529,2025-11-29,ED,0,1,1,0,0
518,530,2025-06-07,CBO,0,0,0,0,0
519,530,2026-02-19,CBO,1,1,0,0,0
520,530,2025-09-08,care_manager,1,0,0,0,0
521,534,2025-03-15,care_manager,1,0,0,1,0
522,535,2025-09-15,care_manager,0,0,0,0,0
523,537,2025-12-17,care_manager,0,1,0,0,0
524,538,2025-01-01,primary_care,0,1,1,0,0
525,539,2026-02-18,care_manager,0,0,0,1,0
526,539,2026-05-11,care_manager,0,0,0,0,0
527,540,2025-12-14,CBO,0,0,0,0,0
528,541,2025-08-01,primary_care,0,0,0,0,0
529,542,2026-01-27,CBO,0,1,0,0,0
530,545,2025-10-17,primary_care,0,0,0,0,0
531,546,2026-04-21,phone,0,1,0,0,0
532,546,2026-03-06,CBO,0,0,0,0,1
533,546,2025-08-14,phone,0,1,0,0,0
534,547,2026-01-25,ED,0,1,0,0,0
535,548,2026-03-13,phone,0,0,0,0,0
536,552,2025-10-16,CBO,0,0,0,0,0
537,554,2025-03-16,ED,0,1,1,0,0
538,555,2025-06-25,care_manager,1,1,0,0,0
539,556,2025-01-09,care_manager,0,0,0,1,0
540,558,2026-02-27,ED,0,0,0,0,0
541,559,2026-03-20,primary_care,0,0,1,0,0
542,560,2025-12-31,care_manager,1,0,0,0,0
543,560,2026-06-26,care_manager,0,0,0,0,0
544,562,2025-03-22,CBO,0,0,0,0,0
545,563,2026-02-11,ED,0,1,1,0,0
546,565,2025-11-14,ED,0,1,0,0,1
547,568,2025-05-25,primary_care,0,1,0,0,0
548,568,2026-04-22,ED,0,0,0,0,0
549,569,2026-01-11,care_manager,0,1,0,0,0
550,569,2025-06-13,ED,1,1,0,0,0
551,570,2026-03-28,primary_care,1,0,0,0,0
552,571,2025-11-19,primary_care,0,0,1,0,0
553,572,2025-09-22,ED,0,1,1,0,0
554,573,2025-05-16,CBO,0,0,1,0,0
555,574,2025-11-25,ED,0,0,0,0,0
556,576,2025-08-21,CBO,0,0,1,0,0
557,577,2025-12-18,ED,0,0,0,0,0
558,577,2025-09-11,ED,0,0,0,0,0
559,578,2025-02-18,phone,1,0,0,0,0
560,580,2026-05-12,primary_care,0,1,0,0,0
561,580,2025-04-23,CBO,0,1,1,0,0
562,581,2026-01-27,ED,0,1,1,0,0
563,581,2025-01-19,primary_care,0,0,0,0,0
564,582,2025-06-20,primary_care,1,0,0,0,0
565,583,2025-07-06,CBO,0,0,0,0,0
566,584,2026-04-09,ED,0,0,0,0,0
567,585,2026-02-13,phone,0,1,0,1,0
568,587,2025-11-22,ED,0,0,0,0,0
569,589,2025-10-31,CBO,0,0,1,0,0
570,590,2025-04-20,ED,0,0,0,1,0
571,591,2025-06-27,CBO,0,0,1,0,0
572,593,2026-06-28,ED,0,0,1,0,0
573,595,2026-05-30,phone,0,0,0,0,0
574,596,2026-02-02,primary_care,0,1,0,0,0
575,596,2025-07-04,ED,1,1,0,0,0
576,599,2025-04-25,phone,1,0,0,0,0
577,599,2025-06-14,care_manager,0,1,0,1,0
578,600,2025-07-13,ED,0,1,0,0,0
579,602,2025-12-30,phone,0,1,0,0,0
580,607,2025-07-31,ED,0,0,0,0,0
581,608,2025-03-27,care_manager,0,0,0,0,0
582,609,2025-09-11,ED,0,1,0,1,0
583,610,2025-12-24,CBO,0,0,0,0,0
584,610,2025-01-21,CBO,0,0,0,1,1
585,610,2025-05-11,primary_care,0,0,0,0,0
586,611,2025-09-10,ED,0,1,0,0,0
587,613,2025-12-29,phone,0,1,0,0,0
588,613,2025-01-10,care_manager,0,0,0,0,0
589,614,2026-02-26,care_manager,0,0,0,0,0
590,615,2026-04-14,phone,0,0,1,0,0
591,616,2026-06-01,CBO,0,1,0,0,0
592,617,2025-10-24,primary_care,0,0,1,0,0
593,618,2026-02-11,CBO,0,0,0,1,0
594,620,2025-07-14,phone,0,0,0,0,0
595,620,2025-08-31,phone,0,0,0,0,0
596,621,2025-08-31,primary_care,1,0,0,0,1
597,621,2025-07-28,phone,1,0,0,0,0
598,621,2026-03-19,primary_care,0,1,0,0,0
599,623,2025-07-28,CBO,0,0,1,0,0
600,624,2025-02-14,care_manager,0,1,0,0,0
601,625,2025-02-09,phone,0,0,1,0,0
602,626,2025-07-05,CBO,1,1,1,0,0
603,627,2026-05-16,ED,0,0,1,0,0
604,628,2025-04-04,ED,0,1,0,0,0
605,629,2025-12-21,CBO,0,0,0,0,0
606,630,2025-05-24,CBO,0,0,0,0,0
607,630,2025-03-28,CBO,0,1,0,0,0
608,631,2026-01-10,CBO,0,0,1,0,0
609,632,2025-10-24,primary_care,0,0,1,0,0
610,633,2025-07-25,primary_care,0,0,0,0,0
611,633,2026-06-10,ED,0,0,1,0,0
612,634,2025-07-05,CBO,1,0,0,0,0
613,635,2025-04-20,primary_care,0,0,1,0,0
614,636,2025-03-08,CBO,0,1,0,1,0
615,636,2025-12-16,primary_care,1,0,0,1,1
616,637,2026-06-11,care_manager,0,1,0,0,0
617,641,2025-12-23,ED,0,1,0,1,0
618,641,2025-03-17,care_manager,0,1,0,0,0
619,642,2026-06-26,ED,0,0,0,0,0
620,642,2026-03-12,primary_care,0,0,0,0,0
621,643,2025-01-31,primary_care,1,0,0,0,0
622,644,2025-01-12,phone,0,1,0,0,0
623,644,2025-11-20,CBO,1,0,0,0,0
624,647,2025-11-23,ED,1,0,1,0,0
625,647,2025-11-19,CBO,0,1,0,0,0
626,651,2025-05-19,phone,0,0,1,1,0
627,652,2025-03-03,care_manager,0,0,0,0,0
628,652,2025-04-03,care_manager,0,0,0,0,0
629,654,2025-07-10,phone,0,0,1,0,0
630,655,2026-03-08,ED,0,0,0,0,0
631,655,2026-06-18,primary_care,1,0,1,0,0
632,656,2025-11-03,phone,0,1,0,0,1
633,656,2026-03-09,CBO,1,0,0,0,0
634,657,2025-01-23,phone,0,0,1,0,0
635,658,2026-04-11,ED,0,0,0,0,0
636,661,2025-05-20,care_manager,0,1,1,0,0
637,661,2025-07-27,care_manager,0,1,0,0,0
638,663,2026-05-02,phone,0,0,1,0,0
639,665,2026-03-06,ED,0,1,1,1,0
640,667,2025-12-31,care_manager,0,1,0,0,1
641,667,2026-05-10,CBO,0,1,0,0,0
642,669,2025-09-19,care_manager,0,0,0,0,0
643,669,2025-11-02,ED,0,1,1,0,0
644,670,2025-06-02,primary_care,0,0,0,1,0
645,672,2026-01-05,phone,1,0,0,1,0
646,673,2025-02-05,phone,0,1,1,0,0
647,679,2025-03-12,ED,0,1,0,0,0
648,681,2025-05-15,ED,1,1,0,1,0
649,681,2025-01-18,ED,0,1,0,0,0
650,682,2025-11-20,CBO,1,0,0,1,0
651,683,2025-04-24,care_manager,0,0,0,0,0
652,684,2025-10-20,phone,0,0,0,0,0
653,685,2026-04-20,CBO,0,1,1,0,0
654,687,2025-10-26,phone,0,0,1,0,0
655,688,2025-08-24,phone,0,1,0,0,0
656,689,2025-07-11,care_manager,1,0,1,0,0
657,690,2025-08-12,care_manager,1,1,0,0,0
658,691,2025-04-05,care_manager,0,0,0,0,0
659,691,2025-07-26,care_manager,0,0,0,0,0
660,693,2025-12-11,phone,0,0,0,0,0
661,694,2026-02-02,phone,0,1,0,0,0
662,694,2025-04-10,primary_care,0,1,0,0,0
663,694,2026-05-29,CBO,1,0,0,0,1
664,696,2025-10-07,ED,0,0,1,1,0
665,697,2025-10-23,phone,0,1,0,1,0
666,699,2026-02-26,CBO,0,0,0,0,1
667,699,2025-04-20,CBO,0,0,0,0,0
668,699,2025-12-21,primary_care,0,1,0,0,0
669,700,2025-03-29,ED,1,1,1,1,0
670,701,2025-08-18,care_manager,0,0,0,0,0
671,701,2025-02-17,ED,0,1,1,1,0
672,703,2026-03-08,primary_care,1,0,0,0,0
673,705,2026-02-01,CBO,0,0,0,0,0
674,705,2025-03-20,care_manager,0,0,0,0,0
675,706,2025-10-28,CBO,0,0,0,0,0
676,706,2025-01-16,care_manager,1,0,1,0,0
677,707,2025-10-06,care_manager,0,1,0,0,0
678,709,2025-12-31,CBO,1,1,0,1,0
679,710,2026-05-30,phone,0,0,0,0,0
680,710,2025-01-24,primary_care,0,0,0,1,0
681,711,2026-01-15,primary_care,0,0,0,0,0
682,712,2025-11-15,ED,0,0,0,0,0
683,713,2026-06-02,primary_care,0,0,0,1,0
684,713,2025-10-10,ED,1,1,0,0,0
685,717,2025-12-30,primary_care,0,0,0,1,0
686,717,2026-04-23,ED,0,0,0,1,0
687,717,2025-12-15,phone,0,0,0,1,0
688,718,2025-08-21,primary_care,0,0,1,1,0
689,719,2026-01-29,ED,0,0,1,0,0
690,719,2025-10-21,phone,0,0,0,0,0
691,720,2025-09-21,ED,0,1,0,1,0
692,721,2026-04-29,primary_care,1,0,0,0,0
693,723,2025-04-29,primary_care,0,0,0,0,1
694,725,2025-06-10,ED,0,1,0,1,0
695,725,2025-04-20,ED,0,0,0,0,0
696,726,2025-03-14,CBO,0,0,0,0,0
697,727,2025-08-25,primary_care,0,0,0,0,0
698,727,2025-01-04,CBO,0,0,0,0,0
699,729,2026-03-11,primary_care,0,1,0,0,0
700,731,2026-05-25,primary_care,0,0,1,0,0
701,733,2026-01-14,care_manager,0,0,0,1,0
702,733,2026-05-28,ED,0,0,0,0,0
703,734,2025-08-10,care_manager,1,0,0,0,0
704,734,2025-07-05,phone,0,1,1,0,0
705,735,2025-07-31,ED,1,0,0,0,0
706,735,2025-05-22,care_manager,0,1,0,0,0
707,738,2025-02-28,primary_care,0,0,0,0,0
708,739,2025-05-29,care_manager,0,0,0,0,0
709,739,2026-03-16,care_manager,0,0,0,0,0
710,739,2026-04-07,CBO,1,0,0,0,0
711,741,2026-06-24,ED,0,0,0,0,0
712,741,2026-04-12,care_manager,0,1,0,0,0
713,742,2026-05-19,CBO,1,1,0,0,0
714,743,2025-01-09,care_manager,1,0,1,1,0
715,745,2026-05-23,primary_care,0,1,0,0,0
716,747,2026-04-02,phone,0,1,0,1,1
717,747,2025-09-05,CBO,0,1,1,0,0
718,748,2026-05-21,ED,1,0,1,0,0
719,748,2026-02-09,CBO,0,0,0,0,0
720,750,2026-01-18,primary_care,1,0,0,0,0
721,752,2025-01-11,primary_care,0,0,0,0,0
722,753,2026-01-16,CBO,0,0,0,0,1
723,753,2025-06-10,CBO,0,1,0,1,0
724,754,2025-08-20,care_manager,0,1,0,0,1
725,755,2026-02-08,phone,0,0,1,0,1
726,755,2025-10-03,phone,0,1,0,1,0
727,756,2025-01-16,care_manager,0,0,0,0,0
728,757,2025-04-11,CBO,0,1,0,0,0
729,757,2025-10-08,care_manager,0,1,0,0,0
730,757,2025-08-23,CBO,1,0,1,0,0
731,758,2025-08-03,primary_care,0,1,0,1,0
732,759,2025-09-15,CBO,0,1,1,0,0
733,760,2026-05-20,ED,1,0,0,0,0
734,761,2025-10-24,CBO,0,1,0,0,0
735,762,2026-03-24,CBO,0,0,0,0,0
736,762,2026-02-12,CBO,0,0,0,0,0
737,763,2026-02-06,phone,1,1,0,0,0
738,764,2025-07-13,ED,0,1,0,1,0
739,765,2026-03-31,primary_care,1,0,1,0,0
740,766,2025-03-18,phone,1,0,0,0,0
741,767,2025-08-16,ED,0,1,1,0,0
742,768,2025-05-13,phone,0,1,0,0,1
743,769,2025-07-22,primary_care,0,1,0,0,0
744,769,2025-11-03,CBO,1,1,1,0,0
745,769,2025-02-02,primary_care,0,0,0,0,0
746,773,2025-04-13,phone,0,0,0,0,0
747,773,2025-07-13,care_manager,1,0,1,0,0
748,774,2026-02-03,CBO,0,0,0,1,0
749,775,2026-04-24,primary_care,1,0,0,0,0
750,776,2025-10-02,primary_care,1,0,0,0,0
751,777,2026-05-04,care_manager,0,1,0,0,0
752,777,2026-06-20,care_manager,0,1,1,0,0
753,778,2026-03-01,primary_care,0,1,0,0,0
754,779,2025-03-03,phone,1,0,0,0,0
755,781,2025-08-30,ED,0,0,0,0,1
756,783,2026-02-19,ED,0,0,0,0,0
757,784,2026-05-02,care_manager,0,0,0,0,0
758,784,2026-06-05,primary_care,0,0,0,0,0
759,785,2026-03-01,phone,1,0,1,0,0
760,785,2025-11-06,phone,0,1,1,0,0
761,788,2025-01-16,phone,0,0,0,0,0
762,789,2025-06-13,ED,0,0,0,0,0
763,789,2025-08-27,CBO,0,0,0,1,0
764,789,2025-08-29,phone,0,1,0,0,0
765,790,2026-04-06,care_manager,1,0,1,0,0
766,790,2025-09-09,primary_care,0,0,0,0,0
767,790,2026-04-23,care_manager,0,1,0,0,1
768,792,2025-02-23,ED,1,0,1,0,0
769,792,2025-04-28,care_manager,0,0,0,0,0
770,794,2025-02-02,ED,0,0,0,1,0
771,796,2026-06-24,phone,0,0,0,1,0
772,797,2025-01-03,primary_care,0,0,1,0,0
773,798,2025-05-17,ED,0,1,1,1,0
774,800,2025-01-07,ED,1,1,0,0,0
775,800,2025-08-17,care_manager,0,1,0,0,0
776,802,2026-04-05,CBO,1,0,0,0,0
777,803,2025-03-23,primary_care,0,0,0,0,0
778,807,2026-06-07,ED,0,1,0,0,0
779,807,2025-06-05,care_manager,0,0,0,1,0
780,808,2025-06-28,ED,1,1,0,0,0
781,809,2026-02-22,phone,1,0,0,0,0
782,809,2025-09-11,phone,1,0,0,0,0
783,809,2026-03-21,CBO,1,1,0,0,0
784,810,2026-06-25,primary_care,0,0,0,0,0
785,811,2025-10-24,phone,0,0,0,0,0
786,811,2025-03-10,CBO,0,1,0,0,1
787,813,2026-03-22,ED,0,0,0,0,0
788,814,2025-06-04,care_manager,1,1,0,0,0
789,815,2025-05-09,primary_care,0,0,0,0,0
790,818,2025-01-05,care_manager,1,0,1,0,0
791,819,2025-11-11,ED,0,1,1,0,0
792,819,2025-12-25,primary_care,1,0,0,0,0
793,820,2025-07-23,CBO,0,1,0,0,0
794,821,2025-10-21,phone,0,1,0,0,0
795,821,2025-01-06,care_manager,0,0,0,0,0
796,827,2025-06-20,CBO,0,0,1,0,0
797,828,2025-03-22,phone,0,0,0,0,0
798,829,2025-04-30,primary_care,0,1,0,0,0
799,830,2025-09-12,primary_care,0,0,0,0,0
800,831,2026-02-08,phone,0,0,0,1,0
801,834,2026-02-06,care_manager,0,0,0,0,0
802,835,2025-07-28,phone,0,0,0,0,0
803,837,2026-05-31,phone,0,0,0,0,0
804,837,2026-05-10,phone,0,1,1,0,0
805,838,2025-05-29,phone,0,0,1,0,0
806,839,2025-10-30,ED,0,0,0,0,1
807,840,2025-10-13,ED,0,0,0,1,0
808,842,2025-10-24,CBO,0,1,0,0,0
809,842,2025-07-04,primary_care,0,0,0,0,0
810,843,2025-11-05,care_manager,1,0,0,0,1
811,844,2026-01-15,CBO,1,0,0,1,0
812,844,2025-02-14,ED,0,0,1,0,0
813,847,2026-01-11,primary_care,0,1,0,0,0
814,849,2026-05-20,ED,0,0,1,0,0
815,849,2025-12-04,phone,0,1,0,0,0
816,850,2025-10-17,CBO,0,0,0,0,0
817,850,2025-06-02,ED,1,0,1,0,0
818,851,2025-06-07,primary_care,0,0,0,1,0
819,853,2025-08-24,care_manager,0,0,1,0,0
820,854,2025-12-01,CBO,0,0,1,0,0
821,856,2026-04-17,phone,1,0,1,0,0
822,857,2025-12-05,care_manager,0,1,1,0,0
823,858,2026-05-05,primary_care,0,0,1,0,0
824,858,2026-03-19,care_manager,0,1,0,1,0
825,859,2026-04-17,ED,0,0,0,0,0
826,860,2025-08-18,ED,0,0,0,1,0
827,860,2025-07-13,CBO,0,0,0,0,0
828,861,2026-06-22,primary_care,1,0,0,0,0
829,863,2025-11-28,primary_care,0,0,0,0,0
830,863,2025-01-31,ED,1,0,0,0,0
831,865,2025-08-12,care_manager,1,1,0,0,0
832,867,2026-05-31,care_manager,0,1,1,0,1
833,868,2025-01-03,care_manager,0,0,1,0,0
834,870,2025-03-14,primary_care,0,0,0,0,0
835,871,2026-05-12,primary_care,0,0,0,0,0
836,872,2026-06-03,CBO,0,0,0,0,0
837,872,2025-08-01,ED,1,0,0,0,0
838,873,2025-05-14,primary_care,1,0,0,0,0
839,875,2025-03-16,ED,1,0,0,0,0
840,878,2026-05-25,care_manager,0,0,0,0,0
841,880,2026-06-10,phone,0,0,0,1,0
842,882,2025-02-20,CBO,0,1,0,0,0
843,883,2025-10-05,CBO,0,0,0,0,0
844,883,2026-02-01,care_manager,1,0,0,1,0
845,883,2026-03-04,CBO,1,0,1,0,0
846,884,2025-06-26,CBO,0,0,1,1,0
847,884,2025-04-20,phone,1,0,0,0,0
848,884,2025-07-26,ED,1,0,0,0,0
849,887,2025-09-09,ED,0,1,0,0,0
850,888,2025-08-17,phone,1,0,0,0,0
851,889,2026-05-14,CBO,1,1,0,0,0
852,890,2025-01-15,primary_care,0,0,0,0,0
853,892,2025-02-16,ED,1,0,1,0,0
854,893,2026-04-25,care_manager,1,0,1,1,0
855,893,2026-06-19,care_manager,0,1,0,0,0
856,894,2025-08-14,care_manager,1,0,1,0,0
857,895,2025-07-06,primary_care,0,1,0,0,0
858,896,2025-04-03,CBO,0,0,0,1,0
859,896,2025-11-16,ED,0,0,0,0,0
860,897,2025-08-14,ED,0,1,0,0,1
861,897,2026-03-15,primary_care,0,1,0,0,0
862,898,2026-04-01,phone,0,0,1,0,0
863,899,2025-12-28,phone,0,0,0,0,0
864,902,2025-08-04,ED,0,0,0,0,1
865,904,2026-02-13,CBO,0,1,0,0,0
866,906,2025-04-11,care_manager,0,1,0,0,0
867,907,2026-05-08,ED,0,0,1,0,0
868,908,2026-03-07,ED,0,0,0,0,0
869,910,2026-04-02,ED,1,0,0,1,0
870,911,2025-02-03,ED,0,0,0,0,0
871,912,2025-10-14,primary_care,0,0,0,0,0
872,912,2025-11-15,ED,1,0,0,0,0
873,916,2026-03-31,primary_care,1,0,0,0,0
874,917,2025-05-26,phone,0,0,0,0,0
875,918,2026-04-30,care_manager,0,1,0,0,0
876,919,2025-08-12,care_manager,0,0,0,1,0
877,920,2025-08-28,ED,1,0,0,0,0
878,921,2025-08-21,phone,0,1,0,0,0
879,922,2026-04-23,care_manager,0,1,0,0,0
880,923,2026-05-14,primary_care,0,0,0,1,0
881,923,2025-04-07,primary_care,0,0,0,0,0
882,924,2025-10-08,phone,0,0,0,0,0
883,924,2025-07-28,ED,0,0,1,0,0
884,927,2025-12-23,ED,0,0,0,0,0
885,927,2025-04-30,care_manager,0,1,0,0,0
886,928,2025-01-02,primary_care,1,0,0,0,0
887,928,2025-10-03,care_manager,0,0,1,0,0
888,928,2025-01-17,CBO,1,0,0,0,0
889,929,2025-06-18,CBO,1,0,0,0,0
890,930,2026-01-28,CBO,0,0,0,1,0
891,932,2025-09-27,phone,0,1,1,0,0
892,935,2026-05-08,ED,1,0,0,0,0
893,936,2025-10-10,ED,0,0,1,0,0
894,936,2026-04-14,primary_care,0,0,0,0,0
895,937,2025-10-20,phone,0,0,0,1,0
896,938,2025-03-28,ED,0,0,0,0,0
897,941,2025-03-21,care_manager,0,1,0,0,0
898,941,2025-02-24,phone,0,0,0,1,0
899,942,2026-02-18,CBO,1,1,1,0,0
900,943,2026-05-07,primary_care,1,0,1,0,0
901,944,2025-11-24,care_manager,0,0,1,0,1
902,945,2025-04-14,primary_care,1,0,0,0,0
903,946,2026-02-26,CBO,0,0,0,0,0
904,946,2026-03-30,CBO,0,1,0,0,0
905,948,2026-04-30,CBO,0,0,1,0,0
906,948,2025-12-09,phone,0,0,0,0,0
907,950,2026-02-04,care_manager,0,0,0,0,0
908,950,2026-03-03,phone,0,1,0,0,0
909,952,2026-03-21,care_manager,0,0,0,0,0
910,952,2025-05-11,ED,0,0,0,0,0
911,953,2026-02-02,care_manager,0,0,1,0,0
912,953,2026-03-05,CBO,0,0,0,0,0
913,954,2026-03-16,ED,0,0,0,1,0
914,955,2025-03-21,care_manager,0,0,0,0,0
915,955,2026-06-12,ED,0,0,1,0,0
916,956,2026-03-10,care_manager,0,0,0,1,0
917,957,2025-07-21,CBO,0,1,0,0,0
918,960,2025-10-31,ED,0,0,0,0,0
919,962,2025-11-04,primary_care,1,0,0,0,0
920,962,2025-10-27,phone,0,1,0,0,1
921,963,2025-09-10,ED,0,1,0,0,0
922,963,2026-03-06,primary_care,0,0,0,0,0
923,964,2025-09-29,primary_care,1,1,1,0,0
924,964,2025-02-09,care_manager,1,0,0,0,0
925,967,2025-02-10,CBO,0,1,0,0,0
926,968,2026-03-12,phone,1,0,0,1,0
927,969,2025-04-11,care_manager,0,1,0,1,0
928,970,2025-11-03,ED,0,0,0,1,0
929,971,2026-05-18,primary_care,0,0,1,1,0
930,972,2025-02-19,phone,1,1,0,0,0
931,973,2025-03-18,care_manager,1,0,0,0,0
932,973,2025-10-17,primary_care,0,0,0,0,1
933,976,2026-06-01,care_manager,0,1,0,0,0
934,977,2026-01-27,CBO,0,0,0,1,0
935,978,2026-03-08,primary_care,0,1,0,0,0
936,979,2026-02-26,primary_care,0,0,0,0,0
937,980,2025-01-08,ED,0,1,0,1,0
938,981,2025-11-01,phone,1,1,1,0,0
939,983,2025-05-15,CBO,0,1,0,0,0
940,984,2026-04-21,CBO,0,1,0,1,0
941,987,2025-10-22,phone,0,0,0,0,0
942,988,2026-06-07,care_manager,0,0,0,0,0
943,990,2025-01-26,primary_care,0,1,0,0,0
944,990,2025-09-03,CBO,0,0,0,0,0
945,994,2025-01-22,phone,0,1,0,0,0
946,995,2025-11-02,primary_care,0,1,0,0,1
947,996,2026-03-01,phone,1,1,0,1,0
948,998,2025-01-10,ED,0,0,0,1,0
949,998,2025-03-23,care_manager,0,1,1,0,0
950,999,2025-01-16,ED,1,1,0,0,0
951,999,2025-03-26,CBO,0,0,0,0,0
952,1000,2026-03-22,primary_care,0,0,0,0,0
953,1000,2026-05-13,care_manager,0,1,1,1,0
954,1001,2025-12-30,primary_care,0,0,1,0,0
955,1001,2025-02-16,ED,0,0,1,0,0
956,1001,2025-03-01,ED,0,1,0,0,0
957,1004,2025-12-29,ED,0,1,0,0,0
958,1004,2025-05-20,phone,0,1,0,0,0
959,1005,2025-09-08,ED,0,0,1,0,0
960,1006,2025-03-01,primary_care,0,0,0,0,0
961,1008,2025-11-25,ED,0,1,0,0,0
962,1009,2026-03-29,ED,1,0,0,0,0
963,1010,2026-06-14,primary_care,0,0,0,0,0
964,1010,2025-10-20,ED,0,0,0,1,0
965,1011,2025-06-02,phone,0,0,1,1,0
966,1013,2025-07-26,ED,0,0,0,1,0
967,1014,2025-10-09,care_manager,0,1,0,0,0
968,1016,2026-05-15,ED,1,1,0,0,0
969,1016,2026-06-08,CBO,0,0,1,0,0
970,1017,2025-05-22,care_manager,0,0,0,0,0
971,1018,2025-04-23,care_manager,1,0,0,0,0
972,1019,2026-03-28,ED,0,1,0,0,0
973,1019,2026-01-16,phone,0,1,0,0,0
974,1023,2025-12-20,phone,0,0,0,0,0
975,1024,2026-04-15,phone,1,1,0,1,0
976,1025,2026-04-01,phone,1,1,0,0,0
977,1025,2025-10-27,phone,0,1,0,0,0
978,1026,2026-06-06,primary_care,1,0,0,0,0
979,1028,2026-03-22,CBO,0,0,1,0,0
980,1028,2025-04-06,primary_care,0,0,0,0,0
981,1029,2025-10-26,primary_care,0,0,0,0,0
982,1029,2025-02-19,primary_care,1,0,0,0,0
983,1030,2025-12-23,ED,0,0,0,0,0
984,1031,2025-10-09,ED,0,1,0,0,0
985,1033,2026-05-14,primary_care,0,0,0,1,0
986,1034,2026-06-24,primary_care,0,0,0,0,0
987,1034,2026-01-10,primary_care,0,0,0,0,0
988,1035,2026-01-30,care_manager,0,0,0,0,0
989,1036,2025-11-25,CBO,0,0,0,0,0
990,1036,2025-03-10,CBO,0,0,0,1,0
991,1038,2026-06-06,care_manager,1,1,0,1,0
992,1039,2026-04-19,CBO,1,0,0,0,0
993,1040,2026-06-15,care_manager,0,1,1,0,0
994,1041,2026-04-29,phone,1,0,1,0,0
995,1041,2026-05-11,phone,0,0,0,0,0
996,1042,2026-05-08,care_manager,0,0,0,0,0
997,1044,2025-05-25,primary_care,0,1,0,0,0
998,1045,2026-03-14,phone,0,0,0,0,0
999,1046,2026-02-17,phone,0,0,1,0,0
1000,1046,2025-07-19,CBO,0,1,1,0,0
1001,1047,2025-07-20,phone,0,0,0,0,0
1002,1047,2025-03-19,CBO,0,1,0,1,1
1003,1048,2026-03-06,ED,1,0,1,0,0
1004,1048,2025-07-31,care_manager,0,0,0,1,0
1005,1049,2025-10-18,care_manager,0,1,1,0,0
1006,1050,2026-05-26,ED,0,1,1,1,0
1007,1052,2025-02-28,ED,0,0,0,0,0
1008,1053,2025-07-25,phone,0,1,1,0,0
1009,1053,2025-04-27,ED,0,0,0,0,0
1010,1054,2025-08-25,ED,0,0,1,0,0
1011,1054,2025-08-14,phone,0,0,1,0,0
1012,1054,2025-01-26,phone,0,0,1,1,0
1013,1055,2025-04-01,ED,1,0,0,0,0
1014,1056,2025-10-25,care_manager,0,1,0,1,0
1015,1058,2025-04-11,ED,0,0,0,1,0
1016,1059,2026-02-11,ED,0,0,1,0,0
1017,1059,2026-06-12,care_manager,1,0,0,0,0
1018,1060,2025-01-01,ED,0,0,0,0,0
1019,1061,2026-05-07,primary_care,0,0,0,0,0
1020,1062,2026-01-14,CBO,0,0,0,0,0
1021,1063,2026-02-01,phone,0,0,1,1,0
1022,1065,2026-06-30,primary_care,0,0,0,0,0
1023,1067,2025-07-08,care_manager,0,0,0,0,0
1024,1068,2025-02-20,primary_care,0,0,0,0,1
1025,1070,2025-01-24,ED,0,0,0,0,0
1026,1071,2025-05-02,care_manager,0,1,1,1,0
1027,1076,2025-04-05,CBO,0,0,0,0,0
1028,1076,2026-02-22,care_manager,0,0,0,0,0
1029,1078,2026-01-17,phone,1,0,1,0,0
1030,1079,2025-10-02,CBO,0,0,0,0,0
1031,1080,2025-06-13,phone,0,0,0,0,0
1032,1080,2025-11-17,care_manager,0,1,0,0,0
1033,1080,2025-08-12,phone,0,0,0,0,0
1034,1081,2025-02-02,primary_care,0,0,0,0,0
1035,1081,2025-06-29,ED,0,0,1,0,0
1036,1082,2026-05-17,CBO,0,0,0,0,0
1037,1085,2025-01-30,ED,1,1,0,0,0
1038,1086,2025-09-29,phone,0,0,0,0,0
1039,1086,2025-12-05,CBO,1,0,0,1,0
1040,1087,2025-12-19,CBO,1,1,0,0,0
1041,1088,2026-05-04,ED,0,0,0,0,0
1042,1089,2026-03-04,care_manager,1,1,0,0,0
1043,1093,2026-03-11,care_manager,1,1,1,0,0
1044,1095,2026-03-23,phone,0,0,0,1,0
1045,1095,2025-05-27,primary_care,0,1,0,0,0
1046,1095,2025-08-09,primary_care,0,1,0,0,0
1047,1096,2025-05-29,ED,0,0,0,0,0
1048,1097,2025-09-01,care_manager,1,1,0,0,0
1049,1097,2026-06-18,ED,0,1,0,0,0
1050,1098,2025-06-10,primary_care,0,0,0,0,0
1051,1099,2025-04-28,CBO,0,0,0,0,0
1052,1102,2025-04-25,care_manager,0,1,0,0,0
1053,1103,2025-03-19,primary_care,0,0,0,0,0
1054,1104,2026-04-08,primary_care,0,0,1,0,0
1055,1106,2026-01-22,ED,0,0,0,0,1
1056,1106,2025-02-26,primary_care,1,0,0,0,1
1057,1107,2026-06-02,ED,1,1,0,0,0
1058,1107,2025-08-29,phone,0,0,0,0,1
1059,1109,2025-09-01,ED,0,0,0,0,0
1060,1109,2026-01-25,care_manager,0,0,0,0,0
1061,1110,2025-01-24,care_manager,0,1,0,1,0
1062,1111,2026-06-30,primary_care,0,0,0,0,0
1063,1111,2025-04-23,CBO,0,0,1,0,0
1064,1112,2025-07-10,primary_care,0,0,0,0,0
1065,1112,2026-05-29,primary_care,0,0,0,0,0
1066,1113,2026-01-26,ED,0,0,1,1,0
1067,1114,2025-10-23,ED,0,0,0,0,0
1068,1115,2025-08-12,primary_care,1,0,1,0,0
1069,1116,2026-03-08,CBO,1,0,1,1,0
1070,1116,2025-08-22,ED,0,1,0,0,0
1071,1116,2025-04-27,CBO,0,1,0,0,0
1072,1118,2026-04-08,primary_care,1,0,1,1,0
1073,1120,2025-02-28,phone,0,0,1,0,0
1074,1123,2025-04-15,CBO,0,0,1,1,0
1075,1123,2025-06-22,care_manager,0,0,0,0,0
1076,1124,2026-02-25,ED,1,0,0,1,0
1077,1125,2025-06-20,care_manager,0,1,1,0,0
1078,1126,2025-09-05,primary_care,1,0,0,0,1
1079,1127,2025-08-29,CBO,0,0,0,0,0
1080,1129,2025-05-29,primary_care,0,0,0,1,0
1081,1130,2025-03-10,care_manager,0,0,0,0,0
1082,1133,2025-07-06,phone,0,0,1,0,0
1083,1133,2025-08-01,primary_care,0,0,0,1,0
1084,1134,2025-12-12,CBO,0,0,0,0,0
1085,1136,2025-10-12,primary_care,0,1,0,0,0
1086,1137,2025-07-31,ED,1,0,0,0,1
1087,1139,2026-06-22,ED,0,0,1,0,0
1088,1141,2025-11-14,ED,0,1,0,0,0
1089,1142,2025-11-12,phone,0,0,0,1,0
1090,1143,2025-10-19,ED,1,0,1,0,0
1091,1144,2025-07-03,ED,0,1,0,0,1
1092,1144,2026-01-26,phone,0,0,0,0,0
1093,1145,2026-01-28,ED,1,1,0,0,0
1094,1146,2025-07-01,phone,0,1,0,0,0
1095,1147,2026-06-24,CBO,0,0,0,1,0
1096,1148,2025-06-30,CBO,0,0,1,0,1
1097,1150,2025-01-09,CBO,0,0,0,0,0
1098,1151,2026-04-27,primary_care,0,1,0,0,0
1099,1154,2026-02-16,phone,0,0,0,0,0
1100,1155,2025-04-20,care_manager,0,0,0,0,0
1101,1156,2025-09-25,phone,0,0,1,0,0
1102,1157,2026-03-19,primary_care,0,1,0,0,0
1103,1158,2025-08-01,CBO,0,0,0,0,0
1104,1159,2025-10-12,phone,0,0,0,0,0
1105,1159,2025-08-23,ED,0,0,1,0,0
1106,1159,2025-06-21,CBO,0,0,1,0,0
1107,1163,2025-03-15,care_manager,0,0,0,0,0
1108,1163,2025-02-23,primary_care,0,1,0,0,0
1109,1163,2026-03-26,ED,0,0,0,0,0
1110,1164,2026-05-31,phone,0,1,0,0,0
1111,1165,2025-02-22,phone,0,0,1,0,0
1112,1166,2025-06-04,primary_care,1,0,0,1,0
1113,1167,2025-09-08,phone,0,0,0,1,0
1114,1168,2025-09-29,ED,0,0,0,0,0
1115,1168,2025-10-20,care_manager,0,0,1,0,0
1116,1169,2025-09-29,CBO,0,1,0,0,0
1117,1170,2025-08-01,primary_care,0,1,0,1,1
1118,1170,2026-03-09,care_manager,0,0,0,0,0
1119,1171,2025-01-14,primary_care,0,1,0,0,0
1120,1175,2026-05-29,primary_care,0,0,0,0,0
1121,1177,2026-04-04,care_manager,0,1,0,0,0
1122,1178,2025-01-01,care_manager,0,0,0,0,0
1123,1179,2025-01-17,CBO,0,0,0,0,0
1124,1180,2025-03-11,phone,0,1,0,0,0
1125,1181,2025-09-05,primary_care,0,0,0,1,0
1126,1181,2026-04-07,phone,0,1,0,1,0
1127,1182,2025-06-20,primary_care,0,1,0,0,0
1128,1182,2026-05-24,phone,0,1,1,0,0
1129,1183,2025-03-22,ED,0,0,0,0,0
1130,1185,2025-12-18,primary_care,0,0,1,0,0
1131,1187,2026-01-05,phone,0,0,0,1,0
1132,1188,2025-04-04,phone,0,0,1,1,0
1133,1189,2025-04-16,primary_care,0,0,0,0,0
1134,1189,2025-04-15,primary_care,1,0,1,0,0
1135,1190,2025-11-11,primary_care,0,0,0,0,0
1136,1191,2026-02-22,care_manager,0,0,0,0,0
1137,1191,2025-09-01,ED,0,1,0,0,0
1138,1192,2025-10-01,primary_care,0,1,0,1,0
1139,1192,2026-06-24,phone,0,1,0,0,0
1140,1194,2026-02-16,ED,1,0,0,0,0
1141,1194,2025-03-30,CBO,0,1,0,1,0
1142,1195,2025-12-14,primary_care,0,0,0,0,0
1143,1195,2025-05-29,CBO,0,1,0,0,0
1144,1198,2025-02-14,care_manager,0,1,0,0,0
1145,1198,2026-02-13,primary_care,0,0,0,0,1
1146,1199,2025-12-29,phone,0,1,0,0,0
1147,1202,2025-07-30,phone,0,0,0,1,0
1148,1203,2025-10-14,phone,0,0,0,0,0
1149,1204,2025-01-18,phone,1,1,0,0,0
1150,1205,2025-02-18,primary_care,0,1,0,0,0
1151,1206,2025-02-27,primary_care,0,0,0,0,0
1152,1208,2026-06-14,care_manager,0,0,0,0,0
1153,1210,2026-01-12,phone,0,0,0,0,0
1154,1210,2025-06-18,ED,0,0,0,1,0
1155,1211,2025-11-02,primary_care,0,0,0,0,0
1156,1212,2025-11-28,phone,0,1,0,0,0
1157,1213,2025-12-04,care_manager,0,1,0,0,0
1158,1213,2025-03-31,ED,0,1,0,0,0
1159,1215,2026-05-20,primary_care,0,0,0,0,0
1160,1218,2026-02-17,primary_care,0,0,0,0,0
1161,1218,2025-07-31,ED,0,0,0,0,0
1162,1220,2026-05-02,phone,0,1,0,1,0
1163,1220,2025-09-18,primary_care,0,0,0,0,0
1164,1221,2025-07-21,care_manager,0,0,1,0,0
1165,1221,2026-02-14,primary_care,0,0,0,0,0
1166,1222,2026-02-07,care_manager,1,0,0,0,0
1167,1223,2025-11-03,CBO,0,1,0,0,0
1168,1225,2026-01-01,phone,0,0,0,0,0
1169,1226,2026-05-25,ED,0,0,0,1,0
1170,1227,2026-04-02,phone,0,0,1,0,0
1171,1228,2025-03-12,ED,1,0,1,1,0
1172,1229,2026-05-08,ED,1,0,0,0,0
1173,1229,2026-03-19,ED,0,0,1,0,0
1174,1232,2025-02-25,ED,0,0,0,0,0
1175,1233,2025-05-08,care_manager,0,0,1,0,0
1176,1235,2025-09-26,phone,0,0,1,0,0
1177,1237,2025-12-03,ED,0,0,0,0,0
1178,1238,2025-12-24,CBO,0,0,0,0,0
1179,1238,2026-05-13,care_manager,0,1,0,0,0
1180,1238,2026-06-28,ED,0,1,0,0,0
1181,1239,2026-02-15,care_manager,0,0,0,0,0
1182,1240,2025-09-09,primary_care,0,1,0,0,0
1183,1241,2025-02-07,care_manager,1,1,0,0,1
1184,1241,2025-07-02,primary_care,0,0,0,0,0
1185,1243,2025-08-31,ED,0,0,0,0,0
1186,1243,2025-12-28,CBO,0,0,0,0,0
1187,1244,2025-02-16,primary_care,0,0,1,0,0
1188,1245,2025-04-20,CBO,0,0,1,0,0
1189,1246,2025-08-19,primary_care,0,0,0,0,0
1190,1248,2025-07-20,care_manager,0,0,0,1,0
1191,1248,2025-06-07,care_manager,0,1,1,0,0
1192,1248,2026-06-20,ED,0,0,1,0,0
1193,1249,2025-04-21,CBO,0,0,0,0,0
1194,1252,2025-11-23,ED,0,1,0,0,0
1195,1252,2025-10-21,CBO,0,1,1,0,0
1196,1253,2025-08-10,CBO,0,0,0,0,0
1197,1256,2025-06-19,CBO,1,1,0,0,0
1198,1257,2025-08-01,CBO,0,1,1,0,0
1199,1258,2025-05-28,primary_care,0,0,0,0,0
1200,1260,2025-05-31,CBO,1,0,0,0,1
1201,1261,2025-09-20,CBO,0,0,1,0,0
1202,1261,2025-02-03,ED,0,0,0,0,0
1203,1262,2025-04-28,CBO,0,0,0,1,0
1204,1263,2026-04-21,primary_care,0,0,1,0,0
1205,1264,2025-06-28,care_manager,1,0,0,1,0
1206,1266,2026-01-12,primary_care,0,0,0,0,0
1207,1266,2025-01-05,CBO,0,0,0,0,0
1208,1267,2025-08-11,CBO,0,0,1,0,0
1209,1268,2026-01-12,ED,0,0,0,0,1
1210,1269,2025-12-20,CBO,0,0,1,0,0
1211,1270,2025-04-06,phone,0,1,0,0,0
1212,1271,2026-04-10,primary_care,0,0,0,0,0
1213,1271,2026-02-02,phone,0,0,0,0,0
1214,1273,2025-08-27,ED,0,0,0,0,0
1215,1274,2026-04-08,CBO,0,0,0,0,0
1216,1274,2025-04-30,CBO,0,1,0,0,1
1217,1275,2025-10-24,CBO,1,1,0,0,0
1218,1275,2025-05-01,care_manager,1,1,0,0,0
1219,1276,2025-10-02,CBO,0,0,0,0,0
1220,1278,2026-03-03,care_manager,1,0,0,0,0
1221,1278,2026-05-03,phone,1,0,0,0,0
1222,1279,2025-05-28,care_manager,0,0,0,0,0
1223,1279,2025-03-13,primary_care,0,1,0,0,0
1224,1281,2025-07-26,ED,1,1,0,0,0
1225,1283,2025-08-21,care_manager,0,1,0,0,0
1226,1283,2025-11-09,care_manager,1,0,0,0,1
1227,1283,2025-04-20,CBO,1,0,0,0,0
1228,1284,2025-09-11,primary_care,0,0,0,0,0
1229,1285,2026-03-11,primary_care,0,0,0,0,0
1230,1285,2025-08-23,care_manager,0,0,1,0,0
1231,1286,2025-08-02,phone,0,0,0,0,0
1232,1286,2026-05-11,CBO,1,0,0,0,0
1233,1286,2026-02-23,CBO,1,0,0,0,0
1234,1287,2025-11-28,ED,1,1,0,0,0
1235,1289,2026-01-05,ED,0,0,1,0,0
1236,1289,2026-04-23,phone,0,0,0,0,0
1237,1290,2025-02-22,CBO,0,0,1,0,0
1238,1292,2025-09-01,primary_care,0,1,0,0,0
1239,1293,2025-06-07,phone,0,0,1,0,0
1240,1293,2026-03-19,ED,0,0,0,0,1
1241,1293,2025-06-08,phone,0,0,1,0,0
1242,1294,2025-06-15,CBO,0,1,0,0,0
1243,1295,2026-03-31,care_manager,1,0,0,0,0
1244,1295,2025-07-07,ED,0,0,0,0,0
1245,1296,2025-09-01,care_manager,0,1,0,0,0
1246,1298,2025-09-22,phone,0,0,0,0,0
1247,1300,2026-01-21,ED,0,1,0,0,0
1248,1304,2025-08-20,phone,0,0,1,0,0
1249,1306,2025-10-21,ED,1,1,0,0,0
1250,1306,2025-08-15,CBO,0,0,1,0,0
1251,1307,2025-04-13,care_manager,0,1,0,0,0
1252,1308,2025-12-03,CBO,0,0,1,1,0
1253,1309,2025-09-06,care_manager,0,0,0,0,0
1254,1311,2025-03-26,ED,0,1,0,0,0
1255,1313,2025-02-08,CBO,0,0,0,0,0
1256,1314,2026-05-16,CBO,0,0,0,0,0
1257,1315,2026-02-15,care_manager,0,0,0,0,0
1258,1318,2025-07-21,ED,0,1,0,0,0
1259,1319,2025-08-16,ED,0,1,0,0,0
1260,1320,2025-08-02,CBO,1,0,0,1,0
1261,1320,2025-03-16,care_manager,0,1,0,0,0
1262,1322,2025-10-01,CBO,0,0,1,0,0
1263,1323,2025-06-10,primary_care,0,0,1,0,0
1264,1325,2025-09-13,ED,0,0,0,0,0
1265,1326,2025-09-18,care_manager,0,0,0,0,0
1266,1328,2025-05-05,ED,0,0,0,0,0
1267,1330,2026-03-17,phone,1,0,0,1,0
1268,1331,2026-01-30,primary_care,0,0,0,0,0
1269,1332,2026-03-09,primary_care,1,0,1,0,1
1270,1333,2026-02-05,phone,0,0,0,0,0
1271,1333,2026-04-30,care_manager,0,0,1,0,0
1272,1334,2025-02-06,ED,0,0,0,0,0
1273,1335,2025-02-05,phone,1,0,0,0,1
1274,1336,2025-01-30,phone,0,1,0,0,0
1275,1336,2025-07-29,care_manager,0,0,0,0,0
1276,1337,2026-03-04,primary_care,0,1,0,0,0
1277,1341,2025-04-02,primary_care,0,0,0,0,0
1278,1342,2026-06-26,care_manager,0,0,0,0,0
1279,1344,2025-07-24,care_manager,1,0,0,1,0
1280,1346,2025-03-01,primary_care,0,1,0,0,0
1281,1348,2025-05-19,CBO,0,1,1,0,0
1282,1351,2025-10-12,CBO,1,0,0,0,0
1283,1351,2026-05-24,CBO,0,0,0,0,0
1284,1351,2025-06-08,primary_care,0,0,0,1,0
1285,1354,2026-01-13,ED,0,0,0,1,0
1286,1355,2025-04-28,CBO,0,1,1,0,0
1287,1359,2025-01-16,phone,1,0,1,0,0
1288,1360,2025-03-17,care_manager,0,0,0,1,0
1289,1362,2026-01-28,phone,1,1,0,0,0
1290,1364,2026-01-23,phone,0,0,1,0,0
1291,1365,2025-03-13,CBO,0,1,0,0,0
1292,1366,2025-04-29,CBO,0,0,1,0,1
1293,1367,2025-12-29,care_manager,0,0,0,1,0
1294,1368,2026-04-06,primary_care,0,0,0,0,0
1295,1369,2025-04-20,care_manager,0,0,0,0,0
1296,1371,2025-01-18,phone,0,0,0,0,0
1297,1371,2025-02-16,primary_care,0,0,0,1,0
1298,1372,2025-11-26,CBO,0,1,0,1,0
1299,1373,2025-09-16,primary_care,0,0,0,0,0
1300,1376,2025-03-15,phone,0,0,0,0,0
1301,1378,2025-02-07,care_manager,0,1,0,1,0
1302,1378,2025-10-12,CBO,0,1,1,0,0
1303,1379,2025-08-23,ED,0,1,0,1,0
1304,1379,2026-01-31,primary_care,0,0,0,0,0
1305,1379,2026-04-11,CBO,1,0,0,0,0
1306,1385,2025-09-07,primary_care,0,1,0,0,0
1307,1388,2026-03-17,CBO,1,0,0,0,0
1308,1388,2025-05-05,ED,0,0,0,0,0
1309,1390,2025-11-06,CBO,0,0,0,0,1
1310,1392,2025-09-14,care_manager,0,0,0,1,0
1311,1392,2025-02-26,primary_care,0,0,1,0,1
1312,1393,2025-09-16,ED,0,0,0,1,0
1313,1395,2025-02-22,care_manager,0,0,0,0,0
1314,1396,2025-08-12,care_manager,1,1,0,1,0
1315,1398,2025-03-15,primary_care,0,0,1,1,0
1316,1399,2025-09-26,CBO,0,0,0,0,0
1317,1401,2026-04-19,primary_care,0,1,0,0,0
1318,1402,2025-06-02,care_manager,0,0,0,0,0
1319,1402,2025-09-04,ED,0,1,0,0,0
1320,1403,2026-03-01,care_manager,0,1,0,0,0
1321,1403,2025-04-29,phone,1,0,1,1,0
1322,1404,2026-05-09,ED,0,0,1,0,0
1323,1404,2026-04-25,primary_care,1,0,0,0,0
1324,1405,2026-05-17,phone,0,1,0,0,0
1325,1408,2025-05-30,ED,0,0,0,1,0
1326,1410,2026-06-25,primary_care,0,0,0,0,0
1327,1411,2025-10-26,CBO,0,1,0,0,0
1328,1412,2025-06-20,ED,0,0,0,0,0
1329,1414,2026-06-19,CBO,0,1,0,0,0
1330,1415,2025-01-24,ED,0,1,0,0,0
1331,1416,2025-12-02,primary_care,0,1,0,1,0
1332,1417,2026-03-05,phone,1,0,1,0,0
1333,1419,2025-05-25,care_manager,0,0,0,1,0
1334,1419,2026-03-13,ED,0,0,0,0,1
1335,1419,2025-09-18,care_manager,0,0,1,1,0
1336,1421,2026-02-27,CBO,0,1,1,1,0
1337,1422,2025-06-13,primary_care,0,0,1,0,0
1338,1427,2025-06-28,primary_care,0,0,0,0,1
1339,1427,2025-11-29,phone,0,0,0,0,0
1340,1427,2025-07-01,ED,0,1,0,0,0
1341,1428,2026-04-28,ED,1,0,1,0,0
1342,1428,2025-11-30,phone,0,0,0,0,0
1343,1430,2026-04-05,care_manager,0,0,0,0,0
1344,1431,2025-09-14,phone,0,0,1,0,1
1345,1433,2025-02-09,primary_care,0,1,0,0,0
1346,1433,2026-01-20,primary_care,1,0,1,0,0
1347,1434,2025-04-30,phone,0,0,0,0,0
1348,1434,2025-05-10,ED,0,0,0,0,0
1349,1435,2026-06-16,phone,0,0,1,0,0
1350,1436,2025-04-18,ED,0,0,0,0,0
1351,1437,2025-01-09,phone,0,0,0,0,0
1352,1437,2025-11-01,CBO,0,0,0,0,0
1353,1438,2025-02-14,CBO,0,0,0,0,0
1354,1438,2025-10-19,care_manager,0,1,0,0,0
1355,1439,2025-12-04,phone,0,0,0,0,0
1356,1440,2026-03-16,care_manager,0,0,0,0,0
1357,1441,2025-03-15,primary_care,0,0,0,0,0
1358,1442,2025-08-04,care_manager,1,0,0,0,0
1359,1442,2025-04-07,primary_care,0,0,0,0,1
1360,1442,2025-06-02,ED,1,0,0,0,0
1361,1443,2025-07-11,care_manager,0,0,0,0,0
1362,1443,2025-11-19,primary_care,1,0,0,0,0
1363,1445,2025-03-18,CBO,0,0,0,1,0
1364,1448,2025-04-27,CBO,0,1,0,0,0
1365,1449,2025-04-06,care_manager,0,1,0,0,1
1366,1449,2025-06-22,primary_care,0,0,0,0,0
1367,1450,2026-03-06,CBO,0,0,0,0,0
1368,1452,2025-05-10,phone,0,1,0,1,0
1369,1453,2025-03-05,ED,0,0,1,0,0
1370,1453,2025-05-26,ED,0,0,0,1,0
1371,1455,2025-02-08,CBO,0,0,0,0,0
1372,1456,2025-02-27,phone,1,0,0,0,0
1373,1457,2025-08-25,care_manager,0,0,0,0,0
1374,1459,2025-12-12,primary_care,0,0,1,0,1
1375,1460,2025-07-06,phone,0,1,0,0,0
1376,1460,2026-02-14,primary_care,1,1,0,0,0
1377,1461,2025-02-24,ED,0,1,0,0,0
1378,1461,2026-03-03,care_manager,0,0,0,0,0
1379,1461,2025-06-09,ED,0,1,0,0,0
1380,1462,2025-10-07,primary_care,0,0,0,0,0
1381,1463,2026-05-28,primary_care,0,0,1,0,0
1382,1464,2025-03-14,ED,0,0,0,0,1
1383,1465,2026-03-11,ED,1,0,0,0,1
1384,1466,2026-06-21,phone,1,1,1,0,0
1385,1467,2025-05-02,primary_care,0,0,0,0,0
1386,1467,2026-01-11,CBO,1,0,0,0,0
1387,1468,2026-03-30,primary_care,0,0,1,0,0
1388,1469,2025-04-19,ED,0,0,1,0,0
1389,1470,2025-08-24,phone,0,0,1,1,0
1390,1470,2025-12-08,care_manager,0,0,0,0,0
1391,1472,2025-12-21,ED,1,0,0,0,0
1392,1472,2025-12-24,CBO,0,1,0,0,0
1393,1473,2026-03-10,care_manager,0,0,0,0,0
1394,1474,2026-01-21,care_manager,0,1,0,0,0
1395,1474,2025-11-02,primary_care,0,0,0,0,0
1396,1475,2025-12-12,CBO,0,1,0,0,0
1397,1476,2025-05-29,primary_care,0,0,1,0,0
1398,1477,2025-03-14,CBO,0,1,0,0,0
1399,1477,2026-05-28,CBO,0,1,0,0,0
1400,1478,2026-03-05,primary_care,0,0,0,0,0
1401,1479,2025-06-17,primary_care,0,0,0,0,0
1402,1481,2025-10-16,care_manager,0,0,0,0,0
1403,1482,2025-09-11,care_manager,0,0,0,0,0
1404,1485,2026-04-15,phone,1,0,1,0,0
1405,1486,2026-06-15,CBO,0,0,0,0,0
1406,1486,2025-10-28,ED,0,0,0,0,0
1407,1487,2025-05-20,primary_care,0,0,0,0,0
1408,1488,2026-03-22,ED,1,0,0,1,0
1409,1488,2025-10-21,care_manager,0,0,0,0,0
1410,1488,2025-05-02,ED,0,1,0,0,0
1411,1489,2025-09-16,ED,0,0,0,1,1
1412,1491,2025-12-27,ED,0,0,0,1,0
1413,1492,2026-02-09,CBO,0,0,0,0,0
1414,1492,2026-06-10,phone,0,1,0,0,0
1415,1493,2026-06-19,phone,1,1,0,0,0
1416,1493,2026-06-23,phone,0,1,0,0,0
1417,1494,2025-06-07,phone,1,1,0,0,0
1418,1496,2026-01-26,care_manager,0,0,1,0,0
1419,1497,2026-04-28,primary_care,1,0,0,1,0
1420,1499,2026-01-13,care_manager,0,0,0,0,0
1421,1500,2025-02-07,ED,1,0,0,0,0
1422,1500,2025-05-10,CBO,1,0,0,0,0
1423,1502,2026-02-25,care_manager,0,0,0,0,0
1424,1506,2026-05-04,CBO,0,0,0,0,0
1425,1507,2025-08-27,CBO,0,0,0,0,0
1426,1509,2025-09-28,phone,0,0,0,0,0
1427,1512,2025-12-05,care_manager,0,0,0,1,0
1428,1513,2025-11-17,primary_care,0,0,0,0,0
1429,1514,2025-11-27,ED,1,1,0,1,0
1430,1516,2025-01-18,ED,0,0,0,0,0
1431,1517,2025-05-13,CBO,0,0,1,0,0
1432,1518,2026-01-12,CBO,0,0,0,0,0
1433,1519,2026-01-15,care_manager,0,1,0,0,0
1434,1520,2025-10-21,ED,0,0,0,0,0
1435,1520,2026-01-11,phone,1,0,0,0,0
1436,1522,2025-04-05,primary_care,0,0,0,0,0
1437,1522,2025-07-29,CBO,1,0,1,0,0
1438,1523,2025-04-04,ED,0,0,1,0,1
1439,1523,2025-01-23,primary_care,0,1,0,1,0
1440,1525,2025-08-31,primary_care,0,0,0,1,0
1441,1525,2025-04-27,phone,1,1,0,0,0
1442,1526,2025-09-02,phone,0,1,0,0,0
1443,1527,2025-02-05,primary_care,1,0,0,0,0
1444,1528,2025-04-21,ED,0,0,1,0,0
1445,1529,2026-02-13,primary_care,0,0,0,0,0
1446,1529,2026-05-11,phone,1,0,0,0,0
1447,1530,2025-06-12,CBO,1,0,1,0,0
1448,1532,2026-04-16,primary_care,1,1,0,0,0
1449,1532,2025-04-06,care_manager,0,0,0,0,0
1450,1537,2025-07-30,CBO,1,0,0,1,0
1451,1538,2025-11-22,CBO,0,1,1,0,0
1452,1538,2026-05-18,ED,0,0,0,0,0
1453,1539,2025-01-06,phone,0,0,1,0,0
1454,1540,2025-12-12,primary_care,0,0,0,1,0
1455,1545,2025-08-29,care_manager,0,0,0,0,0
1456,1548,2026-06-29,CBO,1,1,0,0,0
1457,1548,2025-02-09,care_manager,0,1,0,0,0
1458,1548,2025-11-06,CBO,1,1,0,0,0
1459,1549,2025-02-01,primary_care,0,0,1,0,0
1460,1551,2025-09-10,ED,0,0,0,0,0
1461,1552,2025-10-01,CBO,0,1,0,0,0
1462,1555,2025-01-08,care_manager,0,1,0,0,0
1463,1557,2026-04-01,primary_care,0,0,0,0,0
1464,1559,2026-04-07,phone,1,0,1,1,0
1465,1560,2025-10-06,care_manager,1,0,0,0,1
1466,1562,2026-02-01,care_manager,0,0,1,1,0
1467,1563,2026-03-01,care_manager,0,0,0,0,0
1468,1564,2025-10-19,care_manager,0,0,1,0,0
1469,1565,2026-05-14,primary_care,0,0,0,1,0
1470,1565,2025-12-12,phone,0,0,0,0,0
1471,1566,2025-10-23,CBO,1,0,0,0,0
1472,1567,2026-04-29,ED,0,0,0,0,0
1473,1568,2025-11-30,CBO,0,0,0,0,0
1474,1569,2025-03-08,phone,0,0,0,0,0
1475,1571,2025-01-03,care_manager,0,0,1,0,0
1476,1571,2026-06-01,CBO,0,0,0,0,0
1477,1573,2026-06-13,care_manager,0,0,0,0,0
1478,1573,2026-05-10,primary_care,0,0,0,0,0
1479,1573,2026-04-26,primary_care,0,0,0,0,0
1480,1574,2025-02-01,primary_care,0,1,1,0,0
1481,1574,2025-08-09,phone,0,0,0,1,0
1482,1576,2025-01-22,phone,0,0,0,0,0
1483,1576,2026-03-03,ED,0,0,0,0,0
1484,1577,2025-02-05,ED,0,0,0,0,0
1485,1577,2026-03-22,phone,0,1,0,0,0
1486,1578,2025-12-15,primary_care,0,0,0,0,0
1487,1578,2026-06-07,CBO,1,1,0,0,0
1488,1580,2026-02-03,care_manager,0,0,0,0,0
1489,1581,2025-02-03,care_manager,0,0,0,0,0
1490,1582,2026-06-12,primary_care,0,0,0,0,0
1491,1583,2025-07-24,CBO,0,0,0,1,0
1492,1583,2025-08-03,care_manager,0,0,0,0,0
1493,1584,2025-09-22,phone,1,0,0,0,0
1494,1586,2025-12-12,primary_care,0,1,1,0,0
1495,1587,2025-07-21,CBO,0,0,0,0,0
1496,1587,2026-01-11,phone,0,0,1,0,0
1497,1589,2025-04-27,care_manager,0,0,0,0,0
1498,1590,2026-01-01,phone,0,0,0,1,0
1499,1590,2026-03-22,phone,0,0,0,0,0
1500,1591,2025-07-29,phone,0,0,0,0,0
1501,1592,2026-04-25,CBO,0,0,0,0,0
1502,1593,2026-06-07,primary_care,0,0,0,0,0
1503,1595,2025-01-12,primary_care,0,0,0,0,0
1504,1596,2025-11-01,phone,0,0,0,0,0
1505,1597,2026-01-02,CBO,0,1,0,0,0
1506,1599,2025-10-30,CBO,1,0,0,0,0
1507,1600,2025-12-23,CBO,0,0,0,0,0
1508,1601,2026-06-10,ED,0,1,1,0,1
1509,1602,2026-04-08,primary_care,0,1,0,0,0
1510,1602,2026-06-16,ED,0,0,0,0,0
1511,1603,2026-04-04,phone,0,0,0,0,0
1512,1604,2025-10-14,primary_care,1,0,0,0,0
1513,1605,2026-01-10,ED,0,0,1,0,0
1514,1605,2025-09-19,phone,0,0,0,0,0
1515,1610,2025-01-31,care_manager,0,0,0,0,0
1516,1611,2026-04-06,care_manager,0,0,0,0,0
1517,1611,2025-10-08,phone,0,1,1,0,0
1518,1612,2025-09-29,phone,0,1,0,0,0
1519,1613,2025-08-29,CBO,0,1,0,1,0
1520,1614,2025-05-06,CBO,0,0,0,0,0
1521,1615,2026-02-19,primary_care,0,0,0,0,0
1522,1615,2025-02-15,ED,1,0,1,0,0
1523,1616,2025-06-21,primary_care,0,0,0,0,1
1524,1616,2026-04-22,primary_care,1,0,0,0,0
1525,1618,2025-12-31,phone,0,0,0,0,0
1526,1619,2026-05-29,CBO,0,0,1,1,1
1527,1624,2025-04-14,primary_care,0,1,0,0,0
1528,1624,2025-05-19,primary_care,1,0,0,0,1
1529,1625,2026-04-28,phone,0,0,0,0,0
1530,1626,2025-03-11,ED,0,0,0,0,0
1531,1627,2025-03-02,care_manager,0,0,0,0,0
1532,1628,2025-05-01,ED,0,1,0,0,0
1533,1629,2025-08-15,care_manager,1,1,0,0,0
1534,1629,2026-06-02,care_manager,0,0,0,0,0
1535,1630,2026-02-19,primary_care,0,1,0,1,0
1536,1632,2025-09-19,phone,0,0,0,0,0
1537,1633,2025-02-09,CBO,0,0,1,0,0
1538,1634,2025-12-07,care_manager,0,0,1,0,0
1539,1635,2025-02-11,phone,0,1,0,1,0
1540,1635,2026-03-30,CBO,0,1,0,0,0
1541,1636,2025-10-20,care_manager,0,0,0,1,0
1542,1637,2025-05-18,care_manager,0,0,0,0,0
1543,1637,2025-03-28,primary_care,1,0,1,0,0
1544,1638,2025-05-08,CBO,0,0,0,0,0
1545,1639,2026-01-08,CBO,0,0,1,1,0
1546,1640,2026-02-04,ED,0,0,1,0,0
1547,1641,2025-05-02,phone,0,0,0,0,0
1548,1642,2025-09-06,ED,1,0,0,1,0
1549,1643,2025-03-18,ED,0,1,0,0,0
1550,1643,2026-05-09,primary_care,0,0,0,0,0
1551,1645,2025-08-22,phone,1,0,0,0,0
1552,1646,2025-06-16,care_manager,0,0,0,0,0
1553,1646,2025-08-11,CBO,0,0,0,0,0
1554,1648,2025-11-04,ED,0,0,1,0,0
1555,1648,2025-11-26,ED,1,1,0,0,0
1556,1649,2025-09-26,ED,0,0,0,0,1
1557,1651,2025-05-13,care_manager,1,0,1,0,0
1558,1652,2025-09-21,care_manager,0,1,1,0,1
1559,1652,2025-07-29,CBO,1,0,0,0,0
1560,1652,2026-04-07,primary_care,1,0,0,1,1
1561,1653,2025-05-14,care_manager,1,0,1,0,0
1562,1656,2025-06-21,care_manager,1,0,0,0,0
1563,1661,2026-04-20,ED,0,0,0,0,0
1564,1661,2026-02-17,care_manager,0,0,0,0,1
1565,1662,2025-07-05,phone,0,0,1,0,0
1566,1663,2026-03-13,CBO,0,0,0,0,1
1567,1664,2026-02-16,ED,0,0,1,0,0
1568,1665,2026-06-18,phone,0,1,0,0,0
1569,1665,2025-01-30,primary_care,0,0,0,0,0
1570,1665,2025-11-11,phone,0,0,1,0,0
1571,1666,2026-01-17,ED,0,1,1,0,0
1572,1667,2025-07-01,ED,0,0,0,0,0
1573,1668,2025-03-15,phone,1,0,1,0,0
1574,1669,2026-05-17,ED,0,1,0,1,0
1575,1670,2025-09-25,care_manager,0,0,1,0,0
1576,1670,2025-09-14,phone,0,0,1,0,0
1577,1671,2025-01-28,care_manager,0,0,0,0,0
1578,1672,2026-02-08,ED,1,0,0,0,0
1579,1673,2025-06-12,CBO,0,0,0,0,0
1580,1674,2025-07-20,CBO,1,0,0,1,0
1581,1676,2026-03-11,phone,0,0,0,0,0
1582,1676,2026-03-07,ED,0,1,0,0,0
1583,1677,2026-05-06,ED,0,0,0,0,0
1584,1677,2026-02-25,care_manager,0,0,1,0,0
1585,1677,2026-03-11,CBO,0,0,0,0,0
1586,1678,2026-02-01,primary_care,0,1,0,0,0
1587,1681,2025-01-25,CBO,0,1,0,0,1
1588,1682,2026-05-09,care_manager,0,0,0,0,0
1589,1682,2025-07-13,phone,1,0,0,0,0
1590,1682,2026-05-02,primary_care,0,1,0,0,0
1591,1684,2025-04-16,phone,1,0,1,0,0
1592,1686,2025-02-08,phone,0,0,0,0,0
1593,1687,2025-12-10,primary_care,0,0,0,0,0
1594,1688,2025-07-03,phone,0,0,0,0,0
1595,1689,2026-06-15,ED,0,0,0,0,0
1596,1692,2025-09-15,care_manager,1,0,0,0,0
1597,1697,2025-07-10,care_manager,0,1,0,0,0
1598,1698,2025-06-13,phone,0,1,0,0,0
1599,1698,2026-06-18,ED,0,0,1,0,0
1600,1698,2026-06-02,care_manager,0,1,0,0,0
1601,1699,2026-03-14,CBO,0,0,0,0,0
1602,1699,2026-03-28,phone,0,1,0,0,0
1603,1700,2025-12-03,ED,0,0,1,0,0
1604,1702,2026-02-04,phone,0,1,0,1,0
1605,1702,2025-11-20,primary_care,0,0,1,0,0
1606,1703,2026-03-10,primary_care,0,0,1,0,0
1607,1704,2026-02-16,ED,0,1,0,0,0
1608,1705,2025-05-01,care_manager,0,1,0,1,0
1609,1707,2025-12-01,primary_care,1,1,0,0,0
1610,1709,2025-02-27,phone,0,0,0,0,0
1611,1710,2026-05-13,CBO,0,0,0,0,0
1612,1710,2025-12-04,phone,0,0,0,1,0
1613,1713,2025-05-15,CBO,0,0,1,0,0
1614,1714,2025-02-12,phone,0,0,1,0,0
1615,1715,2025-12-13,primary_care,1,0,1,0,0
1616,1716,2025-05-20,primary_care,0,1,0,1,0
1617,1718,2026-06-05,care_manager,0,0,0,0,0
1618,1718,2026-03-26,care_manager,0,1,0,0,0
1619,1719,2025-06-01,phone,0,0,0,0,0
1620,1720,2025-10-19,phone,0,0,0,0,0
1621,1722,2025-04-19,care_manager,0,1,0,0,0
1622,1722,2025-12-18,primary_care,0,0,0,0,0
1623,1723,2025-06-08,ED,0,0,0,0,0
1624,1729,2025-02-20,CBO,1,1,0,0,0
1625,1734,2025-12-31,care_manager,0,1,0,0,1
1626,1735,2026-04-13,phone,0,1,0,0,0
1627,1736,2026-06-15,CBO,0,0,0,1,0
1628,1736,2025-04-21,phone,0,1,1,0,1
1629,1736,2026-04-04,ED,0,0,0,1,0
1630,1737,2025-10-07,primary_care,0,0,0,0,0
1631,1738,2026-02-19,primary_care,0,0,1,0,0
1632,1739,2026-03-21,phone,0,0,0,0,0
1633,1740,2025-11-06,CBO,0,0,0,0,0
1634,1740,2025-09-21,ED,0,0,0,0,0
1635,1741,2026-03-24,care_manager,0,0,1,0,0
1636,1743,2026-06-16,phone,1,0,0,0,0
1637,1744,2025-05-20,ED,0,0,1,0,0
1638,1744,2025-03-07,CBO,1,0,0,0,0
1639,1746,2025-11-30,CBO,0,0,0,0,0
1640,1748,2025-01-03,care_manager,1,0,1,0,0
1641,1749,2025-04-20,primary_care,0,0,1,0,0
1642,1750,2025-04-13,phone,0,1,0,1,0
1643,1751,2025-11-24,ED,1,1,0,0,0
1644,1751,2025-07-10,ED,0,0,0,1,0
1645,1752,2026-05-18,care_manager,1,0,1,1,0
1646,1752,2026-04-30,CBO,1,1,0,0,0
1647,1752,2026-01-11,ED,1,1,1,0,0
1648,1753,2025-03-26,care_manager,0,0,0,1,0
1649,1754,2025-12-31,CBO,0,1,0,0,0
1650,1754,2025-09-05,primary_care,0,0,0,1,0
1651,1756,2025-01-03,phone,0,0,0,0,0
1652,1757,2025-07-27,ED,0,0,0,0,0
1653,1760,2025-10-07,care_manager,0,0,0,0,0
1654,1760,2025-12-05,primary_care,0,1,0,0,0
1655,1761,2025-12-09,primary_care,0,0,0,0,0
1656,1762,2025-03-08,phone,0,1,0,0,0
1657,1762,2025-09-11,CBO,0,0,0,1,0
1658,1763,2026-02-20,ED,0,1,0,0,0
1659,1764,2025-07-08,ED,0,0,0,0,0
1660,1767,2026-04-27,care_manager,1,0,0,0,0
1661,1768,2025-08-31,primary_care,0,0,0,0,0
1662,1769,2025-03-27,care_manager,0,0,0,0,0
1663,1769,2025-08-05,CBO,0,0,0,1,0
1664,1774,2026-01-13,primary_care,0,0,0,0,0
1665,1775,2025-01-13,ED,0,0,0,1,0
1666,1776,2026-01-28,primary_care,0,0,1,0,0
1667,1776,2025-08-14,primary_care,0,1,0,0,0
1668,1777,2025-02-20,primary_care,0,0,0,0,0
1669,1778,2026-06-21,phone,0,0,0,0,0
1670,1778,2026-04-21,CBO,1,0,1,0,0
1671,1779,2026-05-18,phone,0,0,0,0,0
1672,1780,2025-06-21,CBO,1,0,0,0,0
1673,1780,2025-06-28,phone,0,1,0,0,0
1674,1780,2025-05-04,CBO,0,0,0,0,0
1675,1781,2026-01-18,phone,0,0,0,0,0
1676,1782,2026-01-17,primary_care,0,0,0,1,0
1677,1783,2026-01-25,primary_care,0,0,0,1,0
1678,1784,2025-09-09,ED,0,0,0,0,0
1679,1785,2026-05-04,primary_care,0,1,0,0,0
1680,1785,2026-05-18,phone,0,0,1,0,0
1681,1786,2025-03-26,ED,0,0,0,0,1
1682,1787,2025-02-26,phone,0,0,0,0,0
1683,1787,2025-03-22,CBO,0,1,0,0,0
1684,1788,2025-12-27,CBO,1,0,0,0,0
1685,1789,2026-04-07,phone,0,0,0,0,0
1686,1789,2025-04-13,phone,0,0,0,0,1
1687,1791,2025-04-19,phone,1,0,1,1,0
1688,1792,2025-06-09,CBO,0,0,0,0,0
1689,1793,2026-05-30,ED,0,1,1,0,1
1690,1795,2025-05-07,ED,0,0,0,0,0
1691,1796,2025-10-19,ED,1,0,1,0,0
1692,1798,2025-02-21,care_manager,0,1,0,0,0
1693,1799,2025-07-01,primary_care,1,1,0,1,0
1694,1799,2025-01-13,care_manager,1,0,0,0,0
1695,1800,2025-06-24,ED,0,0,1,0,0
1696,1802,2025-10-04,phone,0,1,1,0,0
1697,1803,2025-01-06,primary_care,0,0,0,1,0
1698,1804,2026-06-18,care_manager,0,0,0,1,0
1699,1808,2025-05-07,primary_care,0,0,1,1,0
1700,1809,2026-02-17,phone,0,0,1,0,0
1701,1811,2026-05-04,CBO,0,0,0,0,0
1702,1811,2025-09-10,care_manager,0,0,0,0,0
1703,1811,2025-02-10,ED,0,0,1,0,0
1704,1812,2025-11-06,ED,1,0,0,0,0
1705,1812,2025-10-27,CBO,0,1,0,0,1
1706,1813,2025-12-21,ED,0,1,0,0,0
1707,1814,2025-08-28,phone,0,0,0,0,0
1708,1814,2025-06-23,ED,0,0,0,0,0
1709,1816,2026-06-13,ED,1,0,0,1,0
1710,1818,2025-07-15,care_manager,0,0,0,1,1
1711,1819,2025-01-07,phone,0,0,0,0,0
1712,1820,2026-02-14,ED,1,0,0,0,0
1713,1820,2025-11-30,CBO,0,0,0,0,0
1714,1821,2026-01-15,primary_care,0,0,1,0,0
1715,1822,2025-12-29,care_manager,1,0,0,1,0
1716,1824,2025-03-08,ED,0,0,0,1,0
1717,1827,2025-06-26,phone,1,0,1,0,0
1718,1827,2026-03-30,primary_care,0,0,0,1,0
1719,1827,2026-03-28,ED,0,0,0,0,0
1720,1828,2025-07-30,ED,0,0,0,0,0
1721,1830,2025-12-09,phone,0,0,1,0,1
1722,1831,2025-03-19,care_manager,0,1,1,1,0
1723,1833,2026-05-23,CBO,0,0,0,1,1
1724,1834,2026-04-12,ED,0,1,0,0,0
1725,1836,2025-03-20,phone,0,0,0,0,0
1726,1836,2026-05-24,care_manager,0,0,0,0,0
1727,1839,2025-03-20,phone,1,1,0,0,0
1728,1840,2026-06-07,CBO,0,1,0,0,0
1729,1841,2025-11-16,care_manager,0,1,0,0,0
1730,1842,2025-11-30,CBO,0,0,1,0,0
1731,1842,2025-09-15,primary_care,1,0,0,0,0
1732,1843,2025-07-21,CBO,0,0,0,0,0
1733,1843,2025-12-11,care_manager,0,0,0,0,0
1734,1848,2026-05-31,ED,0,0,0,0,0
1735,1852,2025-05-24,care_manager,0,1,0,0,0
1736,1853,2025-01-16,CBO,0,1,0,1,0
1737,1854,2026-05-25,primary_care,1,1,0,0,0
1738,1856,2025-08-18,care_manager,0,1,0,0,0
1739,1860,2025-08-22,phone,0,1,0,0,0
1740,1861,2025-06-14,ED,0,1,0,1,0
1741,1864,2025-06-20,CBO,0,0,0,0,1
1742,1864,2025-06-08,CBO,0,0,0,0,0
1743,1865,2025-04-04,primary_care,0,0,1,1,0
1744,1866,2025-01-12,primary_care,0,1,0,0,0
1745,1867,2026-03-25,CBO,0,0,0,0,0
1746,1868,2026-03-11,phone,1,0,1,0,0
1747,1870,2025-11-21,primary_care,0,1,0,0,0
1748,1872,2025-07-19,ED,0,0,1,0,0
1749,1874,2025-06-25,care_manager,0,1,1,0,0
1750,1874,2026-04-07,CBO,0,0,0,0,0
1751,1875,2026-04-30,CBO,0,0,1,0,0
1752,1875,2026-03-22,phone,1,0,0,0,0
1753,1877,2025-12-27,ED,0,0,0,0,0
1754,1878,2025-09-18,ED,1,1,0,0,0
1755,1878,2025-09-16,primary_care,0,0,1,0,0
1756,1879,2025-05-15,phone,0,0,1,0,0
1757,1880,2025-06-09,CBO,0,1,1,0,0
1758,1882,2025-04-22,care_manager,0,0,0,0,0
1759,1882,2025-04-20,ED,0,1,1,0,0
1760,1886,2026-02-03,primary_care,0,0,1,0,0
1761,1888,2025-05-15,CBO,0,0,1,0,0
1762,1888,2025-05-19,ED,0,0,0,0,0
1763,1890,2025-08-23,care_manager,0,0,0,0,0
1764,1891,2026-03-05,primary_care,0,0,1,0,0
1765,1893,2026-06-19,CBO,0,0,0,0,0
1766,1893,2025-08-10,primary_care,0,1,0,0,0
1767,1893,2025-07-19,primary_care,1,0,1,0,0
1768,1894,2025-03-29,care_manager,0,0,1,0,0
1769,1894,2025-06-02,primary_care,0,0,1,1,0
1770,1894,2025-05-05,CBO,0,0,0,0,0
1771,1895,2025-05-15,phone,0,1,0,0,0
1772,1895,2026-01-05,phone,0,0,0,0,0
1773,1896,2026-03-21,ED,0,0,0,1,0
1774,1898,2025-01-25,care_manager,1,0,0,0,0
1775,1899,2025-12-10,care_manager,1,0,0,0,0
1776,1900,2025-12-14,ED,1,0,0,0,1
1777,1903,2025-10-21,care_manager,1,0,0,0,0
1778,1906,2026-01-04,care_manager,0,0,0,0,0
1779,1907,2026-04-14,ED,0,0,0,1,0
1780,1907,2025-02-23,CBO,1,1,0,0,0
1781,1908,2026-03-27,phone,1,1,0,0,0
1782,1909,2025-08-14,care_manager,0,0,1,0,0
1783,1911,2025-01-28,phone,0,0,0,0,0
1784,1912,2025-11-09,primary_care,1,0,0,1,0
1785,1913,2025-07-30,care_manager,1,0,0,0,0
1786,1914,2025-10-01,care_manager,0,0,0,0,0
1787,1914,2025-01-29,care_manager,0,0,0,1,0
1788,1915,2025-03-23,care_manager,0,0,0,0,0
1789,1916,2026-01-26,CBO,0,0,0,0,0
1790,1922,2026-05-29,CBO,0,1,1,0,0
1791,1923,2026-05-31,primary_care,0,1,0,0,0
1792,1927,2025-01-25,primary_care,1,0,1,0,0
1793,1928,2025-09-30,CBO,1,0,0,0,1
1794,1928,2026-02-15,CBO,0,0,0,0,0
1795,1931,2026-05-08,CBO,0,1,0,1,0
1796,1931,2026-05-18,phone,0,1,0,0,0
1797,1932,2025-06-20,phone,1,1,0,0,1
1798,1933,2025-06-16,ED,0,1,1,0,0
1799,1934,2025-03-22,CBO,1,1,0,0,1
1800,1934,2025-09-17,phone,0,0,0,0,0
1801,1936,2025-04-02,care_manager,0,0,0,0,0
1802,1938,2025-12-30,phone,0,0,0,0,0
1803,1938,2025-05-25,phone,0,0,0,0,0
1804,1938,2025-04-24,phone,0,0,0,0,0
1805,1939,2025-06-22,care_manager,0,0,0,0,0
1806,1940,2025-04-30,phone,0,0,1,0,0
1807,1941,2025-01-05,primary_care,1,0,0,0,0
1808,1941,2025-05-11,ED,0,1,0,0,0
1809,1942,2025-12-27,care_manager,0,0,0,0,0
1810,1943,2025-04-07,CBO,0,0,0,0,0
1811,1944,2025-07-13,CBO,0,0,0,0,0
1812,1945,2026-05-22,CBO,0,0,0,0,0
1813,1947,2026-06-26,phone,0,0,0,0,0
1814,1947,2025-08-06,phone,0,1,1,1,0
1815,1948,2025-09-05,care_manager,0,1,0,0,0
1816,1949,2025-12-12,care_manager,0,0,1,0,0
1817,1949,2025-08-11,primary_care,0,0,0,0,0
1818,1949,2025-05-23,ED,0,0,0,1,0
1819,1950,2025-12-05,phone,0,0,0,0,0
1820,1950,2025-03-13,primary_care,0,0,0,1,0
1821,1951,2026-01-07,primary_care,0,0,1,0,0
1822,1953,2025-02-16,care_manager,1,1,0,0,0
1823,1954,2025-01-08,care_manager,0,0,1,0,0
1824,1955,2026-04-02,ED,0,0,0,1,0
1825,1955,2025-02-14,CBO,0,0,0,0,0
1826,1956,2026-05-03,care_manager,0,0,0,0,0
1827,1956,2025-06-19,care_manager,0,1,0,1,0
1828,1959,2025-07-25,primary_care,0,0,0,0,0
1829,1959,2026-06-12,care_manager,0,0,0,0,0
1830,1960,2026-01-05,ED,0,0,0,1,0
1831,1960,2025-07-06,primary_care,0,0,1,0,0
1832,1961,2026-01-13,primary_care,0,1,0,0,0
1833,1962,2026-04-29,ED,1,1,0,0,0
1834,1963,2025-03-31,ED,0,0,0,0,0
1835,1964,2026-03-19,phone,0,0,0,0,0
1836,1965,2025-10-29,care_manager,0,0,0,1,0
1837,1965,2025-11-13,phone,0,1,0,0,0
1838,1966,2025-12-31,care_manager,0,1,0,0,0
1839,1967,2025-05-27,care_manager,0,0,1,0,0
1840,1967,2025-06-19,ED,0,1,0,0,0
1841,1968,2025-11-02,phone,0,0,1,1,0
1842,1969,2025-09-18,phone,0,0,0,0,0
1843,1970,2026-03-14,primary_care,0,0,0,0,0
1844,1973,2025-04-14,care_manager,0,0,1,0,0
1845,1974,2025-09-11,ED,0,0,0,1,0
1846,1975,2025-07-04,primary_care,1,0,0,1,0
1847,1975,2025-01-05,phone,0,1,1,1,0
1848,1977,2026-02-13,phone,0,0,1,0,0
1849,1978,2025-08-06,ED,0,1,1,0,0
1850,1978,2025-04-29,primary_care,1,0,1,0,0
1851,1978,2025-09-18,phone,1,0,0,0,0
1852,1979,2025-04-27,CBO,1,1,1,0,1
1853,1980,2025-02-13,CBO,0,1,1,0,0
1854,1981,2026-04-25,ED,0,0,0,1,0
1855,1981,2026-03-19,primary_care,0,0,1,1,0
1856,1982,2025-03-18,CBO,1,0,0,0,1
1857,1983,2025-01-08,CBO,0,0,0,0,0
1858,1985,2025-11-26,care_manager,0,0,1,0,0
1859,1986,2025-01-27,primary_care,1,0,0,1,0
1860,1987,2025-02-10,care_manager,0,1,1,0,0
1861,1988,2026-03-27,primary_care,0,0,0,0,0
1862,1989,2025-09-18,phone,0,0,0,1,0
1863,1989,2026-06-18,CBO,1,1,1,0,0
1864,1989,2026-02-13,care_manager,0,1,1,0,0
1865,1990,2025-12-25,ED,0,1,0,0,0
1866,1991,2025-07-06,phone,0,0,0,0,0
1867,1992,2025-06-25,care_manager,0,0,0,0,0
1868,1992,2025-01-17,phone,1,0,1,0,0
1869,1992,2026-04-11,CBO,0,0,0,0,0
1870,1993,2025-03-21,ED,0,0,0,0,0
1871,1994,2025-08-20,primary_care,0,0,0,0,0
1872,1996,2025-10-04,ED,0,1,0,1,0
1873,1997,2026-06-25,CBO,0,1,1,0,1
1874,1998,2025-09-29,primary_care,0,0,0,0,0
1875,1999,2025-11-03,CBO,1,0,0,0,0
1876,2000,2025-06-27,care_manager,0,0,1,0,0
1877,2000,2026-06-25,primary_care,0,0,0,0,0
1878,2001,2025-05-03,CBO,0,0,0,0,0
1879,2002,2025-08-29,ED,1,0,0,0,0
1880,2003,2025-05-24,care_manager,0,0,0,0,0
1881,2005,2025-03-14,care_manager,0,0,1,0,0
1882,2005,2026-02-28,primary_care,0,0,0,1,0
1883,2006,2025-01-10,primary_care,0,0,0,1,0
1884,2007,2025-09-18,phone,0,1,0,0,0
1885,2008,2026-02-05,primary_care,0,1,0,0,0
1886,2009,2026-04-09,primary_care,0,1,1,1,0
1887,2009,2025-12-29,phone,0,1,0,0,0
1888,2012,2025-08-24,phone,1,0,0,0,0
1889,2013,2025-01-17,CBO,0,0,1,0,0
1890,2014,2025-02-27,phone,0,0,0,0,0
1891,2014,2025-12-31,primary_care,0,0,0,0,0
1892,2016,2026-04-25,ED,0,0,0,0,0
1893,2017,2025-10-25,primary_care,1,1,1,0,0
1894,2020,2026-03-04,care_manager,0,0,0,0,0
1895,2020,2025-09-16,CBO,0,0,0,0,0
1896,2021,2025-12-05,primary_care,0,0,0,0,0
1897,2022,2025-11-29,ED,0,0,0,0,0
1898,2023,2026-03-15,phone,0,1,0,0,0
1899,2024,2025-03-03,phone,0,0,0,1,1
1900,2026,2025-12-15,ED,1,0,0,0,0
1901,2027,2025-06-21,ED,1,1,0,1,0
1902,2028,2026-06-04,care_manager,1,1,0,1,0
1903,2030,2025-01-17,primary_care,0,0,1,0,0
1904,2033,2026-04-20,CBO,0,0,0,0,0
1905,2034,2025-03-01,CBO,1,0,0,0,0
1906,2035,2025-11-19,ED,0,1,1,0,0
1907,2036,2026-06-17,primary_care,0,0,1,1,0
1908,2036,2025-11-10,care_manager,0,0,1,0,0
1909,2036,2025-09-08,phone,0,1,1,0,0
1910,2037,2026-01-05,ED,0,1,0,1,0
1911,2038,2026-01-02,phone,0,0,0,0,0
1912,2038,2025-10-10,CBO,0,0,0,0,0
1913,2038,2025-11-26,ED,1,0,1,0,0
1914,2039,2026-05-15,care_manager,0,0,1,0,0
1915,2041,2026-03-10,phone,0,0,0,0,0
1916,2041,2025-01-29,primary_care,1,0,0,0,0
1917,2042,2026-03-10,care_manager,1,1,0,0,0
1918,2044,2025-07-03,phone,0,0,0,0,0
1919,2046,2025-12-13,phone,0,0,0,0,0
1920,2046,2026-06-05,care_manager,1,0,0,0,0
1921,2047,2025-09-03,phone,0,0,0,0,1
1922,2048,2025-04-30,ED,0,1,0,0,0
1923,2049,2025-03-10,care_manager,0,1,1,0,0
1924,2050,2026-02-02,phone,0,0,0,0,0
1925,2050,2026-02-23,care_manager,0,1,0,0,0
1926,2051,2025-03-22,care_manager,0,1,1,1,0
1927,2051,2026-06-21,ED,0,0,0,1,0
1928,2052,2026-02-05,primary_care,0,1,0,0,0
1929,2053,2025-06-13,care_manager,0,1,0,0,0
1930,2053,2025-05-11,phone,0,1,0,0,0
1931,2055,2026-03-16,care_manager,0,0,0,0,0
1932,2057,2025-07-24,ED,0,0,0,0,0
1933,2058,2026-05-12,care_manager,0,1,0,0,0
1934,2059,2025-03-17,CBO,0,1,0,0,0
1935,2060,2025-10-12,ED,0,1,1,0,0
1936,2061,2025-12-17,phone,1,0,0,0,0
1937,2062,2026-02-12,primary_care,0,1,0,0,0
1938,2062,2026-05-30,phone,0,0,0,1,0
1939,2063,2025-03-28,ED,0,0,0,0,0
1940,2065,2026-02-01,primary_care,1,0,0,0,0
1941,2065,2025-05-15,CBO,0,0,0,0,0
1942,2067,2026-02-24,care_manager,0,1,0,0,0
1943,2069,2026-01-12,ED,0,0,0,0,0
1944,2070,2026-01-09,primary_care,0,0,0,0,1
1945,2071,2025-04-19,phone,0,0,0,1,0
1946,2074,2025-04-13,care_manager,0,1,0,0,0
1947,2075,2025-08-17,care_manager,0,1,1,0,0
1948,2078,2025-02-04,CBO,0,0,0,0,0
1949,2080,2025-12-16,ED,0,0,0,0,0
1950,2080,2025-02-21,ED,0,0,0,0,0
1951,2080,2025-12-05,care_manager,1,1,0,0,0
1952,2082,2025-11-10,care_manager,1,1,1,1,0
1953,2083,2026-02-16,CBO,0,1,0,0,0
1954,2084,2025-04-22,CBO,1,1,0,0,0
1955,2085,2025-01-15,phone,0,1,0,1,0
1956,2085,2026-04-25,phone,0,0,0,0,0
1957,2086,2025-03-14,phone,0,0,0,1,0
1958,2087,2026-04-18,ED,0,0,0,1,0
1959,2090,2026-01-27,phone,0,1,1,1,0
1960,2091,2025-03-15,phone,0,0,0,0,0
1961,2092,2025-08-22,care_manager,1,1,0,0,0
1962,2093,2025-08-03,ED,0,0,0,0,0
1963,2093,2025-09-30,care_manager,0,0,0,0,0
1964,2094,2025-10-16,CBO,0,0,0,0,0
1965,2094,2025-11-20,CBO,0,0,1,0,0
1966,2096,2025-02-19,primary_care,0,0,0,1,0
1967,2096,2025-08-26,care_manager,0,0,0,0,0
1968,2096,2025-02-07,primary_care,0,1,0,0,0
1969,2097,2025-08-03,ED,0,0,0,0,0
1970,2099,2025-02-22,ED,0,0,0,0,0
1971,2099,2025-07-31,ED,0,0,1,0,0
1972,2099,2025-12-12,phone,0,0,0,0,0
1973,2100,2025-07-27,care_manager,0,0,0,0,0
1974,2100,2025-04-01,phone,0,0,0,0,0
1975,2102,2025-09-14,care_manager,0,0,1,0,0
1976,2102,2026-04-26,phone,0,0,0,0,0
1977,2104,2025-06-08,ED,1,0,0,0,0
1978,2105,2025-01-01,phone,0,0,0,0,0
1979,2106,2026-05-29,CBO,0,0,0,0,0
1980,2106,2026-06-27,ED,0,0,1,0,0
1981,2108,2025-07-15,phone,0,1,0,0,0
1982,2109,2026-05-31,CBO,0,0,1,0,0
1983,2110,2026-01-31,phone,0,0,0,0,0
1984,2113,2025-06-24,CBO,0,0,1,0,0
1985,2115,2026-04-26,ED,1,0,0,0,1
1986,2116,2026-05-27,ED,0,1,1,0,0
1987,2116,2025-04-11,ED,0,1,0,0,0
1988,2117,2026-01-23,primary_care,1,0,0,0,0
1989,2118,2025-02-14,care_manager,0,0,0,0,1
1990,2118,2025-04-19,primary_care,0,0,0,1,0
1991,2119,2025-10-22,primary_care,0,0,0,0,0
1992,2120,2025-07-01,CBO,0,1,0,0,0
1993,2121,2025-01-16,primary_care,0,0,0,0,0
1994,2126,2025-12-14,CBO,0,1,0,1,0
1995,2127,2025-06-19,phone,0,0,1,1,0
1996,2127,2025-03-15,CBO,0,0,1,0,0
1997,2128,2025-06-20,ED,0,1,0,1,0
1998,2130,2025-06-22,ED,0,0,0,0,0
1999,2130,2026-06-02,ED,0,1,0,0,0
2000,2131,2025-06-08,primary_care,0,0,0,0,0
2001,2132,2025-04-09,phone,0,0,0,1,0
2002,2134,2026-05-23,ED,0,0,1,0,0
2003,2135,2025-08-26,primary_care,0,0,0,0,0
2004,2136,2026-01-01,care_manager,0,0,0,0,0
2005,2136,2025-12-04,care_manager,0,0,0,0,0
2006,2137,2026-03-30,care_manager,1,0,0,0,0
2007,2137,2025-01-02,ED,1,0,0,0,0
2008,2137,2025-09-10,CBO,0,1,1,0,0
2009,2138,2026-04-27,ED,0,0,1,0,0
2010,2139,2026-06-12,CBO,0,0,1,0,0
2011,2139,2026-06-19,care_manager,0,0,0,0,0
2012,2141,2025-04-06,CBO,1,0,0,0,0
2013,2141,2026-04-06,care_manager,0,1,0,0,1
2014,2142,2026-05-06,ED,0,1,0,0,1
2015,2142,2025-01-21,phone,0,1,0,0,0
2016,2143,2026-06-03,phone,0,0,1,0,0
2017,2144,2025-11-12,phone,0,1,1,0,0
2018,2145,2025-05-28,phone,0,0,1,0,0
2019,2146,2025-03-07,CBO,0,0,0,0,0
2020,2148,2026-01-12,care_manager,1,0,1,0,0
2021,2149,2025-10-05,care_manager,0,1,1,0,1
2022,2149,2025-02-11,ED,0,0,0,0,0
2023,2150,2025-12-05,phone,0,1,0,0,0
2024,2151,2026-02-25,CBO,0,0,0,0,0
2025,2152,2025-09-07,ED,0,0,1,1,0
2026,2152,2025-02-26,care_manager,0,0,0,1,0
2027,2153,2025-12-25,care_manager,0,0,1,1,0
2028,2153,2026-04-25,CBO,1,0,0,0,0
2029,2155,2025-04-14,care_manager,0,0,0,1,0
2030,2156,2025-08-26,ED,0,0,0,0,0
2031,2157,2025-10-17,ED,0,0,0,0,0
2032,2158,2025-04-21,primary_care,0,0,0,0,0
2033,2159,2026-04-28,care_manager,0,0,1,0,0
2034,2160,2025-08-28,care_manager,0,1,1,0,0
2035,2161,2025-01-13,CBO,0,0,0,0,1
2036,2163,2026-01-30,primary_care,0,0,0,0,0
2037,2164,2025-12-23,CBO,0,0,1,0,0
2038,2164,2025-05-10,phone,0,0,0,0,0
2039,2164,2026-03-21,care_manager,0,0,0,0,0
2040,2165,2025-02-05,phone,0,1,0,1,0
2041,2166,2025-12-09,CBO,1,0,1,0,0
2042,2167,2026-03-03,care_manager,0,0,0,1,0
2043,2167,2025-09-25,primary_care,0,0,1,0,0
2044,2168,2025-09-15,primary_care,0,0,0,0,0
2045,2171,2025-09-13,phone,1,1,0,0,0
2046,2172,2025-10-02,phone,1,1,0,1,0
2047,2174,2026-03-19,ED,0,0,1,0,0
2048,2175,2025-11-07,CBO,0,0,0,1,0
2049,2175,2026-04-04,CBO,0,0,1,1,0
2050,2177,2026-02-03,CBO,1,0,1,0,0
2051,2177,2025-12-29,phone,0,0,0,1,1
2052,2178,2025-11-27,ED,1,0,0,0,1
2053,2180,2025-09-18,CBO,1,1,1,0,0
2054,2183,2025-02-07,care_manager,0,0,0,0,0
2055,2184,2026-06-07,ED,1,1,0,0,0
2056,2185,2026-04-27,CBO,0,0,1,0,0
2057,2185,2026-04-27,ED,0,0,0,1,0
2058,2186,2026-05-25,primary_care,1,0,0,0,0
2059,2186,2025-10-21,CBO,0,1,0,0,0
2060,2187,2025-05-07,phone,0,0,0,0,0
2061,2188,2026-03-09,primary_care,0,0,0,0,0
2062,2188,2025-04-10,ED,1,0,0,0,0
2063,2189,2025-12-21,CBO,0,1,0,0,0
2064,2190,2026-05-20,CBO,0,0,0,0,0
2065,2191,2026-06-18,CBO,0,0,1,0,0
2066,2191,2026-06-28,phone,0,0,0,0,0
2067,2191,2025-11-01,CBO,1,0,0,0,0
2068,2195,2025-11-15,ED,0,0,0,0,0
2069,2196,2025-12-15,CBO,0,0,1,0,0
2070,2197,2026-04-01,phone,0,0,0,0,0
2071,2197,2026-03-21,CBO,1,0,0,0,0
2072,2199,2025-03-08,CBO,1,0,0,0,0
2073,2199,2025-02-22,care_manager,1,1,1,0,0
2074,2200,2025-05-19,CBO,1,0,0,1,1
2075,2203,2025-01-02,CBO,0,0,0,0,0
2076,2204,2025-10-28,ED,0,0,0,0,0
2077,2205,2025-07-23,ED,0,0,0,0,0
2078,2205,2025-12-06,ED,1,0,0,0,0
2079,2206,2026-03-31,CBO,1,0,0,1,0
2080,2207,2025-03-18,care_manager,0,0,0,0,0
2081,2207,2025-03-29,care_manager,0,0,0,0,0
2082,2208,2026-02-27,primary_care,0,0,0,0,0
2083,2208,2026-04-16,phone,1,0,1,0,0
2084,2211,2026-01-07,primary_care,0,0,0,0,0
2085,2211,2026-05-01,ED,0,0,0,0,0
2086,2213,2026-01-31,care_manager,0,0,0,0,0
2087,2214,2025-07-29,care_manager,0,0,0,0,0
2088,2215,2025-09-19,CBO,0,0,1,0,0
2089,2217,2025-05-01,phone,0,1,0,0,0
2090,2218,2025-07-20,ED,0,0,0,0,0
2091,2219,2025-06-13,phone,0,0,1,0,0
2092,2220,2025-02-07,phone,0,0,0,0,0
2093,2222,2025-07-07,ED,0,0,1,0,0
2094,2222,2026-06-06,care_manager,0,0,0,1,0
2095,2223,2025-03-11,CBO,0,1,0,0,0
2096,2224,2025-08-14,primary_care,0,0,1,0,0
2097,2226,2025-06-04,ED,0,0,0,0,0
2098,2226,2026-01-01,ED,0,0,0,0,0
2099,2227,2026-02-24,care_manager,0,0,0,0,0
2100,2227,2025-09-30,phone,0,0,0,0,0
2101,2228,2025-05-06,phone,0,0,0,1,0
2102,2228,2025-12-26,phone,0,0,0,1,1
2103,2229,2025-08-06,care_manager,0,0,0,0,0
2104,2231,2025-09-06,care_manager,0,1,0,0,0
2105,2231,2025-07-23,care_manager,0,0,0,0,0
2106,2233,2025-03-18,care_manager,0,1,0,0,0
2107,2234,2025-01-09,phone,0,0,1,1,0
2108,2235,2025-11-21,ED,0,0,1,0,0
2109,2235,2026-06-21,CBO,0,1,0,0,0
2110,2236,2025-09-26,ED,0,0,0,0,0
2111,2238,2025-09-14,ED,0,0,0,0,0
2112,2239,2026-04-01,phone,0,0,1,0,0
2113,2241,2025-02-11,CBO,0,1,1,0,0
2114,2241,2025-10-11,care_manager,0,1,0,0,0
2115,2242,2025-02-26,ED,0,0,0,0,0
2116,2242,2026-01-13,primary_care,0,0,0,0,0
2117,2243,2025-06-10,care_manager,0,0,1,0,1
2118,2243,2026-03-12,phone,0,0,0,0,0
2119,2243,2025-09-11,care_manager,0,0,0,0,0
2120,2244,2025-12-10,CBO,0,0,0,0,0
2121,2245,2025-05-24,primary_care,0,1,0,0,0
2122,2246,2026-04-05,primary_care,0,0,0,1,0
2123,2247,2026-03-29,phone,1,0,0,1,0
2124,2248,2026-02-06,CBO,0,0,1,0,0
2125,2249,2025-07-14,phone,0,0,0,0,0
2126,2250,2025-09-06,phone,0,0,0,0,0
2127,2252,2025-06-09,care_manager,1,0,0,0,0
2128,2253,2025-02-06,phone,0,0,0,1,0
2129,2254,2026-03-30,care_manager,1,0,0,0,1
2130,2257,2025-05-14,phone,0,1,1,0,0
2131,2257,2025-11-30,care_manager,0,1,0,0,0
2132,2259,2026-04-24,primary_care,0,0,0,0,0
2133,2260,2025-04-28,CBO,1,0,0,0,0
2134,2261,2025-11-16,care_manager,0,1,0,0,0
2135,2262,2025-09-05,phone,0,0,0,0,0
2136,2265,2025-08-05,CBO,0,0,0,0,0
2137,2268,2025-08-15,ED,0,1,0,0,0
2138,2269,2026-01-01,phone,1,0,0,1,0
2139,2271,2026-01-21,primary_care,1,0,0,0,0
2140,2272,2025-04-16,primary_care,0,1,0,0,0
2141,2273,2026-02-23,ED,0,1,0,1,0
2142,2275,2025-11-13,phone,0,0,0,0,0
2143,2277,2025-08-14,CBO,1,0,0,0,1
2144,2277,2025-12-07,CBO,1,1,0,0,0
2145,2279,2025-09-21,care_manager,1,0,0,0,0
2146,2279,2026-03-15,phone,1,0,0,0,0
2147,2279,2026-03-03,CBO,1,0,1,0,0
2148,2280,2025-05-07,phone,1,1,1,0,0
2149,2282,2026-05-08,CBO,0,0,0,0,0
2150,2284,2025-01-14,ED,0,0,1,0,0
2151,2285,2025-06-05,care_manager,0,1,0,0,0
2152,2285,2026-06-03,phone,0,0,0,0,0
2153,2287,2025-10-29,primary_care,0,1,0,0,0
2154,2288,2026-02-17,CBO,0,1,0,0,1
2155,2288,2025-07-31,ED,0,0,0,0,0
2156,2288,2025-08-15,primary_care,1,1,0,0,0
2157,2289,2026-05-28,ED,0,0,0,0,0
2158,2290,2025-09-04,primary_care,0,0,1,0,0
2159,2291,2026-01-22,CBO,0,1,0,0,0
2160,2292,2025-06-28,ED,0,0,0,0,0
2161,2292,2025-12-11,care_manager,1,0,0,1,0
2162,2292,2026-03-02,phone,1,1,0,1,0
2163,2294,2026-01-19,ED,1,0,0,1,0
2164,2295,2025-01-19,CBO,1,1,0,0,0
2165,2296,2025-07-01,care_manager,0,0,0,0,0
2166,2297,2026-06-27,CBO,0,1,1,0,0
2167,2297,2025-12-02,CBO,0,1,0,0,0
2168,2298,2025-11-15,phone,0,1,0,1,0
2169,2299,2026-01-04,phone,0,0,0,0,0
2170,2299,2025-09-07,primary_care,0,0,1,0,0
2171,2300,2025-03-21,ED,0,0,0,0,1
2172,2301,2025-01-19,ED,1,1,0,1,0
2173,2302,2026-01-28,care_manager,1,0,1,0,0
2174,2303,2026-04-05,primary_care,1,0,1,0,0
2175,2304,2025-12-07,care_manager,0,0,0,0,0
2176,2304,2025-08-20,CBO,0,0,0,0,0
2177,2305,2025-01-29,care_manager,1,1,0,0,0
2178,2306,2026-04-02,primary_care,0,1,0,0,0
2179,2307,2026-05-21,phone,0,0,0,0,0
2180,2308,2026-06-21,primary_care,0,0,0,0,0
2181,2308,2026-05-04,CBO,0,0,0,1,0
2182,2312,2025-07-28,primary_care,0,0,0,0,0
2183,2313,2026-02-24,CBO,0,0,0,0,0
2184,2313,2026-05-03,primary_care,0,1,0,0,0
2185,2314,2026-04-18,ED,1,1,0,1,0
2186,2314,2025-09-23,CBO,1,1,1,0,0
2187,2315,2025-03-13,care_manager,0,1,0,0,0
2188,2316,2026-06-25,CBO,1,1,0,0,0
2189,2316,2025-12-23,care_manager,1,0,0,0,0
2190,2317,2025-11-29,phone,1,0,1,0,0
2191,2319,2025-10-25,primary_care,0,0,0,0,0
2192,2319,2026-05-24,CBO,0,0,1,0,0
2193,2321,2025-10-08,care_manager,1,0,0,0,0
2194,2321,2026-04-26,CBO,0,0,0,1,0
2195,2321,2026-05-11,care_manager,0,0,1,1,0
2196,2322,2025-12-29,CBO,1,0,0,0,0
2197,2324,2025-06-26,CBO,0,0,0,1,0
2198,2325,2025-01-27,ED,0,0,0,0,0
2199,2325,2025-04-02,CBO,0,1,0,1,0
2200,2326,2025-08-08,care_manager,0,0,0,0,0
2201,2327,2025-09-25,ED,1,1,1,0,0
2202,2327,2025-06-04,CBO,1,1,1,0,0
2203,2327,2025-12-04,phone,0,0,0,0,0
2204,2328,2026-05-19,ED,0,0,0,0,0
2205,2329,2025-12-23,primary_care,0,1,0,1,0
2206,2330,2025-02-15,CBO,1,1,0,0,0
2207,2331,2025-06-24,care_manager,0,0,0,0,0
2208,2332,2025-11-08,CBO,1,0,1,0,0
2209,2332,2025-04-25,phone,0,0,0,1,0
2210,2333,2026-04-05,ED,0,1,0,0,0
2211,2335,2025-08-17,CBO,0,0,0,0,0
2212,2337,2026-05-15,phone,0,1,0,0,0
2213,2338,2026-06-08,CBO,1,0,1,0,0
2214,2339,2026-05-13,primary_care,0,1,1,0,0
2215,2340,2025-08-27,primary_care,1,0,0,0,0
2216,2341,2025-08-14,primary_care,1,1,0,1,0
2217,2342,2025-01-15,primary_care,0,0,0,1,0
2218,2342,2025-11-02,CBO,1,0,0,0,0
2219,2343,2025-12-10,primary_care,0,1,0,0,0
2220,2344,2026-05-04,CBO,0,0,0,0,0
2221,2345,2025-04-12,CBO,0,0,0,0,0
2222,2345,2025-10-12,phone,0,0,0,0,0
2223,2345,2025-03-23,CBO,0,0,1,0,0
2224,2349,2025-10-15,CBO,1,0,1,0,0
2225,2349,2025-12-24,CBO,0,0,0,0,0
2226,2351,2025-11-13,primary_care,0,1,1,1,0
2227,2353,2025-10-16,phone,0,1,0,1,0
2228,2354,2026-01-17,ED,1,0,0,0,1
2229,2355,2025-03-14,care_manager,0,0,0,0,0
2230,2359,2025-08-23,primary_care,0,1,1,0,0
2231,2361,2025-07-04,primary_care,0,1,0,0,0
2232,2361,2025-09-05,care_manager,0,0,1,0,0
2233,2362,2026-04-14,CBO,0,0,0,0,0
2234,2362,2026-06-27,CBO,0,0,0,0,0
2235,2363,2025-09-19,CBO,0,1,0,0,0
2236,2363,2026-05-04,CBO,0,0,0,0,0
2237,2365,2026-06-28,phone,1,1,0,0,0
2238,2369,2025-07-14,phone,0,1,0,1,0
2239,2371,2025-01-27,phone,0,0,0,0,0
2240,2372,2026-03-02,care_manager,0,0,0,0,0
2241,2372,2025-04-24,primary_care,0,0,0,0,0
2242,2373,2025-01-19,phone,0,0,0,0,0
2243,2374,2025-11-25,CBO,0,0,0,0,0
2244,2374,2025-10-01,care_manager,0,0,0,0,0
2245,2375,2026-02-24,CBO,1,0,0,0,1
2246,2375,2026-04-27,CBO,1,0,0,1,0
2247,2376,2026-03-13,primary_care,0,1,0,0,0
2248,2376,2025-11-10,CBO,0,1,0,0,0
2249,2378,2026-05-23,care_manager,0,0,0,1,0
2250,2379,2025-04-25,care_manager,0,0,0,0,0
2251,2381,2025-02-06,care_manager,1,0,0,0,0
2252,2382,2025-03-06,ED,1,0,0,0,0
2253,2384,2025-10-16,phone,1,1,0,0,0
2254,2384,2025-09-11,primary_care,1,1,1,0,0
2255,2386,2026-01-30,CBO,0,0,0,0,0
2256,2388,2026-05-09,phone,0,0,0,0,0
2257,2389,2026-05-01,ED,0,1,0,0,0
2258,2392,2025-07-29,ED,0,0,0,0,0
2259,2393,2025-05-30,ED,0,0,0,0,0
2260,2394,2026-04-18,phone,0,0,0,0,0
2261,2395,2025-03-23,care_manager,0,0,0,0,0
2262,2396,2026-01-28,ED,0,1,0,0,0
2263,2396,2025-11-21,CBO,0,1,0,1,0
2264,2397,2026-04-13,CBO,1,0,0,0,0
2265,2398,2025-03-23,ED,1,1,0,0,0
2266,2398,2025-02-17,ED,0,0,0,0,0
2267,2399,2026-01-04,primary_care,0,1,0,0,0
2268,2399,2025-08-07,primary_care,0,1,0,0,0
2269,2399,2025-01-06,phone,1,0,1,0,0
2270,2400,2026-03-13,CBO,0,1,0,0,0
2271,2401,2025-02-01,ED,0,1,0,1,0
2272,2405,2026-05-09,care_manager,0,0,0,0,0
2273,2405,2026-05-12,CBO,0,0,0,0,0
2274,2405,2026-01-21,care_manager,1,0,1,0,0
2275,2407,2025-04-23,phone,0,0,0,0,0
2276,2408,2025-04-22,CBO,0,1,0,0,0
2277,2408,2025-01-22,care_manager,0,0,0,0,0
2278,2409,2026-05-19,CBO,0,0,0,0,0
2279,2410,2025-10-13,care_manager,0,0,0,0,0
2280,2412,2025-12-21,care_manager,0,1,0,0,0
2281,2414,2026-03-31,primary_care,1,1,1,0,0
2282,2415,2026-04-29,care_manager,1,0,0,0,0
2283,2416,2025-03-27,care_manager,0,1,0,1,0
2284,2417,2026-01-07,primary_care,0,1,0,0,0
2285,2417,2025-07-01,phone,0,1,0,1,0
2286,2417,2026-01-08,CBO,0,0,0,0,0
2287,2419,2025-04-15,CBO,1,0,0,0,0
2288,2420,2025-01-30,primary_care,1,0,1,0,0
2289,2420,2025-02-09,ED,1,0,0,0,0
2290,2423,2025-04-19,care_manager,0,0,0,0,0
2291,2423,2025-06-05,ED,0,0,0,0,0
2292,2424,2025-05-16,ED,0,1,0,0,0
2293,2424,2025-10-10,CBO,0,0,0,0,0
2294,2424,2025-01-19,phone,0,0,0,0,0
2295,2425,2025-07-24,primary_care,0,1,1,1,0
2296,2428,2025-01-06,care_manager,0,1,0,0,0
2297,2429,2025-09-08,primary_care,0,0,1,0,0
2298,2429,2025-01-16,CBO,1,0,0,0,0
2299,2431,2025-02-21,care_manager,0,1,0,0,0
2300,2433,2025-11-11,ED,1,1,1,0,1
2301,2434,2025-05-06,CBO,1,0,0,1,0
2302,2434,2025-04-15,primary_care,1,0,0,1,0
2303,2435,2025-08-06,care_manager,1,0,0,0,0
2304,2435,2025-02-13,care_manager,0,1,0,0,0
2305,2436,2025-02-16,ED,0,1,0,0,0
2306,2438,2025-08-16,care_manager,0,0,1,0,0
2307,2438,2025-10-14,phone,0,0,0,0,0
2308,2439,2025-10-28,phone,0,1,0,0,0
2309,2440,2025-02-17,ED,1,1,1,0,0
2310,2441,2026-03-22,ED,0,0,0,1,0
2311,2441,2026-03-13,phone,1,0,0,0,0
2312,2443,2025-06-23,care_manager,0,0,0,0,0
2313,2444,2026-06-04,care_manager,0,0,0,0,0
2314,2445,2025-06-28,primary_care,0,0,0,0,0
2315,2445,2025-01-15,phone,0,0,0,0,0
2316,2446,2026-05-14,CBO,0,0,0,0,0
2317,2446,2026-01-22,phone,0,0,0,0,0
2318,2447,2025-04-14,primary_care,0,0,0,0,1
2319,2448,2025-09-22,CBO,0,0,0,0,0
2320,2448,2025-09-10,care_manager,1,0,0,0,0
2321,2450,2025-08-10,care_manager,1,0,0,0,0
2322,2451,2025-08-16,care_manager,0,0,0,1,0
2323,2452,2026-03-05,primary_care,0,0,0,1,0
2324,2454,2025-07-25,CBO,0,1,1,0,0
2325,2454,2025-06-12,care_manager,0,0,1,0,0
2326,2455,2026-02-15,care_manager,0,1,1,0,0
2327,2455,2025-12-18,CBO,0,0,0,0,0
2328,2456,2026-04-11,care_manager,1,1,0,0,0
2329,2457,2025-08-27,ED,0,0,0,0,0
2330,2457,2026-06-22,care_manager,0,1,0,0,0
2331,2458,2026-01-17,primary_care,0,0,1,0,0
2332,2460,2025-06-02,phone,0,0,0,0,0
2333,2460,2026-03-21,primary_care,1,0,1,0,0
2334,2461,2026-06-16,CBO,0,0,1,0,0
2335,2462,2025-01-05,phone,0,0,0,1,0
2336,2463,2025-07-23,phone,1,0,0,0,0
2337,2464,2026-06-29,primary_care,0,0,0,0,0
2338,2465,2025-01-01,care_manager,0,0,0,0,0
2339,2465,2026-03-07,care_manager,0,1,0,0,0
2340,2466,2025-07-17,care_manager,0,0,0,0,0
2341,2466,2025-01-16,phone,1,0,0,0,0
2342,2468,2025-03-02,phone,0,1,0,0,0
2343,2468,2025-04-12,ED,0,0,0,1,0
2344,2469,2025-05-29,care_manager,0,1,0,0,0
2345,2469,2025-02-25,care_manager,0,0,0,0,0
2346,2470,2026-05-08,CBO,1,0,0,0,0
2347,2470,2025-03-18,phone,1,0,0,0,0
2348,2471,2026-06-03,ED,0,0,0,1,0
2349,2472,2025-04-01,CBO,0,0,0,0,0
2350,2474,2025-05-31,care_manager,0,1,0,0,0
2351,2475,2025-12-03,CBO,0,1,0,0,0
2352,2475,2025-01-22,ED,0,1,0,0,0
2353,2476,2025-03-22,care_manager,0,1,0,0,0
2354,2477,2025-01-26,care_manager,0,0,0,0,0
2355,2479,2025-09-19,care_manager,0,0,0,0,0
2356,2480,2026-05-23,ED,0,1,0,1,0
2357,2480,2025-04-22,phone,0,1,0,1,0
2358,2480,2025-06-07,CBO,0,0,1,0,0
2359,2481,2026-05-21,primary_care,0,0,0,0,0
2360,2481,2026-04-02,care_manager,0,0,1,0,0
2361,2482,2025-02-21,phone,1,0,0,0,0
2362,2486,2025-05-04,care_manager,0,0,0,0,0
2363,2487,2025-01-03,ED,0,1,0,0,0
2364,2490,2026-05-25,phone,0,0,0,0,0
2365,2490,2026-05-03,ED,0,1,0,0,0
2366,2491,2025-11-03,phone,0,0,0,0,0
2367,2492,2026-01-29,ED,1,1,1,0,0
2368,2493,2025-05-02,primary_care,0,0,1,0,0
2369,2495,2026-02-17,primary_care,0,0,0,0,0
2370,2497,2025-03-25,CBO,1,1,0,0,0
2371,2497,2026-02-09,care_manager,0,0,0,1,0
2372,2497,2025-03-27,ED,0,0,0,0,1
2373,2499,2026-05-12,CBO,0,0,0,0,0
2374,2500,2026-04-19,CBO,1,0,1,0,0
2375,2500,2025-03-05,primary_care,0,0,0,0,0
2376,2502,2026-02-11,primary_care,0,1,0,0,0
2377,2503,2025-07-27,phone,1,0,0,0,0
2378,2504,2025-06-02,care_manager,1,0,0,1,0
2379,2504,2025-06-06,care_manager,0,1,0,0,0
2380,2505,2025-08-28,CBO,1,0,1,0,0
2381,2507,2025-12-02,ED,0,0,0,1,1
2382,2512,2025-03-23,ED,0,0,0,0,0
2383,2514,2025-08-30,phone,0,0,0,1,0
2384,2515,2025-01-24,CBO,1,0,0,0,0
2385,2515,2025-03-08,phone,0,0,0,0,0
2386,2516,2025-03-16,primary_care,0,0,0,0,0
2387,2519,2026-03-09,primary_care,0,0,0,0,0
2388,2520,2026-02-03,ED,1,0,0,0,0
2389,2521,2025-02-21,ED,0,1,0,0,0
2390,2521,2025-11-27,primary_care,0,1,0,1,0
2391,2522,2025-11-08,phone,0,0,1,0,0
2392,2523,2025-08-05,care_manager,1,0,0,1,1
2393,2524,2025-06-19,CBO,0,1,0,0,0
2394,2525,2025-01-05,primary_care,1,0,0,0,0
2395,2526,2026-01-07,CBO,0,0,0,0,0
2396,2527,2026-05-22,ED,0,0,0,0,0
2397,2527,2025-05-31,care_manager,0,1,1,0,0
2398,2528,2025-11-30,ED,0,0,1,0,0
2399,2529,2026-01-24,care_manager,1,0,0,0,0
2400,2531,2026-06-21,ED,1,0,1,0,0
2401,2532,2025-07-22,CBO,0,0,0,1,0
2402,2534,2025-08-05,care_manager,0,1,0,0,0
2403,2535,2025-03-19,phone,0,0,0,0,0
2404,2536,2026-04-09,care_manager,0,0,1,0,0
2405,2536,2025-12-02,ED,0,1,1,1,0
2406,2538,2025-07-27,phone,0,1,1,0,0
2407,2538,2026-05-23,primary_care,0,1,1,0,0
2408,2539,2025-11-04,primary_care,1,1,1,0,0
2409,2540,2025-12-08,care_manager,0,0,0,0,0
2410,2541,2025-07-23,care_manager,1,0,0,0,0
2411,2543,2026-06-01,phone,1,1,0,0,0
2412,2544,2025-09-25,phone,1,0,0,0,0
2413,2544,2026-04-29,primary_care,0,1,1,0,0
2414,2545,2025-04-27,care_manager,0,0,0,0,0
2415,2547,2025-03-23,CBO,0,0,1,0,1
2416,2548,2025-12-19,phone,0,0,1,0,0
2417,2549,2025-01-19,phone,1,0,0,0,0
2418,2550,2025-01-06,ED,1,0,1,0,0
2419,2551,2025-10-17,ED,0,0,0,0,0
2420,2554,2025-07-31,primary_care,0,1,0,0,0
2421,2555,2026-01-07,ED,0,0,0,1,0
2422,2558,2026-05-05,care_manager,0,0,0,0,0
2423,2558,2025-12-12,phone,0,0,0,0,0
2424,2558,2026-01-06,primary_care,0,1,0,0,0
2425,2559,2026-01-22,primary_care,0,1,0,0,0
2426,2561,2026-01-15,care_manager,0,0,0,0,0
2427,2563,2025-04-11,primary_care,0,0,0,1,0
2428,2564,2025-04-25,phone,0,0,1,0,0
2429,2565,2026-04-30,ED,0,0,0,1,0
2430,2565,2026-03-18,care_manager,0,0,0,0,0
2431,2567,2025-01-04,ED,0,0,0,0,0
2432,2568,2025-08-21,care_manager,0,0,0,0,0
2433,2569,2026-03-25,CBO,0,0,1,0,0
2434,2569,2026-03-13,CBO,0,0,0,0,0
2435,2570,2025-05-23,primary_care,0,1,0,1,0
2436,2571,2025-07-22,ED,0,0,1,1,0
2437,2572,2025-01-29,primary_care,0,0,0,0,0
2438,2572,2025-04-09,CBO,0,0,0,1,0
2439,2572,2026-02-20,phone,0,0,1,0,0
2440,2573,2025-03-04,care_manager,0,0,0,0,0
2441,2574,2025-12-31,primary_care,0,0,1,0,0
2442,2576,2025-12-31,primary_care,0,1,0,0,0
2443,2577,2025-06-06,phone,0,0,1,0,0
2444,2578,2026-06-26,primary_care,1,0,0,0,0
2445,2578,2025-12-13,phone,1,0,0,0,0
2446,2578,2025-10-24,ED,1,0,0,0,0
2447,2579,2025-01-14,care_manager,0,0,0,1,0
2448,2580,2025-04-30,CBO,0,1,0,0,0
2449,2580,2026-05-23,ED,0,0,0,0,0
2450,2581,2026-05-03,phone,1,0,0,0,1
2451,2583,2025-11-12,phone,1,0,0,0,0
2452,2584,2026-03-18,primary_care,1,0,0,1,0
2453,2586,2025-03-10,CBO,1,1,0,0,0
2454,2587,2025-10-21,phone,0,0,1,0,0
2455,2587,2025-05-04,CBO,0,0,0,0,0
2456,2588,2025-07-18,care_manager,1,1,0,0,0
2457,2588,2026-01-10,primary_care,0,0,0,0,0
2458,2589,2025-09-28,CBO,0,0,0,0,0
2459,2589,2025-10-19,primary_care,0,0,1,0,0
2460,2589,2026-04-14,primary_care,1,0,0,1,0
2461,2590,2025-08-23,primary_care,1,0,0,0,0
2462,2591,2026-02-21,ED,0,1,0,0,0
2463,2592,2025-04-16,phone,0,0,0,0,0
2464,2593,2025-06-29,phone,1,0,1,1,0
2465,2594,2025-09-12,ED,0,0,0,0,0
2466,2595,2025-12-03,ED,0,0,0,0,0
2467,2599,2025-10-08,phone,0,0,0,0,0
2468,2600,2025-06-28,primary_care,1,1,0,0,0
2469,2601,2025-03-08,primary_care,0,1,0,0,0
2470,2602,2025-09-19,phone,0,1,0,0,1
2471,2602,2026-03-12,care_manager,0,0,0,0,0
2472,2602,2026-02-22,CBO,1,0,0,0,0
2473,2603,2026-05-01,care_manager,0,0,0,0,0
2474,2604,2025-09-10,phone,0,0,0,0,0
2475,2604,2025-10-06,CBO,0,0,0,0,0
2476,2605,2025-10-11,phone,0,0,0,0,0
2477,2607,2025-06-20,CBO,1,0,0,1,0
2478,2608,2025-03-15,care_manager,0,0,0,0,0
2479,2608,2025-08-02,primary_care,0,0,1,0,0
2480,2609,2025-01-10,primary_care,0,0,0,1,0
2481,2611,2025-03-23,phone,0,0,1,0,0
2482,2611,2026-01-09,primary_care,0,0,0,0,0
2483,2613,2025-01-04,ED,0,0,0,0,0
2484,2614,2025-10-18,care_manager,1,0,1,1,0
2485,2615,2025-06-18,phone,0,0,0,0,0
2486,2616,2026-02-01,CBO,0,0,0,0,0
2487,2617,2025-07-15,phone,0,0,0,0,0
2488,2618,2025-11-14,phone,0,0,0,0,0
2489,2618,2025-04-29,primary_care,0,0,0,1,0
2490,2620,2025-09-04,phone,0,0,0,0,0
2491,2620,2025-08-02,primary_care,0,0,0,0,0
2492,2622,2025-11-28,ED,0,0,0,1,1
2493,2623,2025-12-23,CBO,0,0,0,0,0
2494,2623,2025-04-22,care_manager,0,1,1,0,0
2495,2623,2026-01-28,care_manager,0,0,0,0,0
2496,2624,2025-05-16,phone,1,0,0,0,0
2497,2626,2026-04-03,CBO,0,1,1,0,0
2498,2627,2026-03-11,ED,0,0,0,0,0
2499,2628,2025-10-20,care_manager,0,0,0,0,0
2500,2629,2025-11-04,CBO,0,0,0,0,0
2501,2630,2025-06-17,phone,0,1,1,0,0
2502,2630,2025-08-22,primary_care,0,0,0,0,0
2503,2631,2026-05-22,phone,0,1,0,0,0
2504,2632,2026-02-08,CBO,0,0,0,0,0
2505,2632,2026-02-08,care_manager,0,1,0,0,0
2506,2632,2025-03-13,phone,0,1,0,0,0
2507,2634,2026-06-13,CBO,0,1,0,0,0
2508,2639,2025-05-16,primary_care,1,0,1,0,0
2509,2640,2025-12-30,care_manager,0,0,1,0,0
2510,2640,2025-06-23,primary_care,0,1,0,0,0
2511,2642,2026-04-13,care_manager,0,0,0,1,0
2512,2643,2026-05-07,ED,0,0,0,0,0
2513,2643,2025-08-20,primary_care,0,0,0,0,0
2514,2644,2025-11-25,ED,0,0,1,0,0
2515,2648,2025-03-08,care_manager,1,1,0,0,0
2516,2649,2026-01-14,primary_care,0,0,0,0,0
2517,2649,2025-08-14,care_manager,0,0,0,0,0
2518,2649,2025-09-24,phone,0,1,0,0,0
2519,2650,2025-09-26,phone,0,0,0,0,0
2520,2650,2026-03-09,ED,0,0,0,0,0
2521,2653,2025-12-08,CBO,0,1,0,0,0
2522,2653,2025-05-22,care_manager,0,1,0,0,0
2523,2654,2025-12-24,primary_care,0,0,0,0,0
2524,2655,2025-10-07,ED,0,1,0,0,0
2525,2656,2025-08-04,ED,1,0,0,0,0
2526,2656,2025-10-06,care_manager,0,0,0,0,0
2527,2656,2025-05-26,care_manager,1,0,0,0,0
2528,2658,2026-01-29,ED,0,0,0,0,0
2529,2659,2025-10-24,phone,1,1,0,1,0
2530,2660,2026-06-06,phone,0,0,0,0,0
2531,2661,2026-06-20,CBO,0,0,0,0,0
2532,2661,2025-12-16,primary_care,0,1,0,0,0
2533,2663,2026-06-04,primary_care,0,0,0,1,0
2534,2663,2025-02-16,CBO,0,0,0,1,0
2535,2664,2026-05-07,CBO,0,1,1,1,0
2536,2665,2026-02-12,phone,0,1,0,0,0
2537,2668,2025-10-09,care_manager,0,0,0,0,0
2538,2669,2025-01-26,primary_care,0,1,0,0,0
2539,2670,2025-02-17,care_manager,1,0,0,0,0
2540,2671,2025-10-31,ED,1,0,1,0,0
2541,2672,2026-02-07,phone,1,0,0,0,0
2542,2673,2025-05-01,care_manager,1,0,0,1,0
2543,2674,2026-03-15,primary_care,0,0,0,0,0
2544,2674,2025-08-19,phone,0,1,0,0,0
2545,2678,2025-08-11,CBO,0,0,0,0,0
2546,2679,2025-01-05,phone,0,0,1,0,1
2547,2679,2025-01-25,ED,1,0,0,0,0
2548,2681,2025-04-02,ED,0,1,1,1,0
2549,2682,2025-02-24,primary_care,0,0,0,0,0
2550,2682,2026-06-12,primary_care,0,0,1,0,0
2551,2683,2026-04-21,phone,0,1,1,0,0
2552,2683,2025-12-08,primary_care,1,0,0,0,0
2553,2684,2025-11-11,care_manager,1,0,1,0,0
2554,2684,2026-04-16,care_manager,0,0,0,0,0
2555,2686,2026-01-18,ED,1,0,0,0,0
2556,2686,2025-12-28,CBO,0,0,0,0,0
2557,2692,2025-08-17,care_manager,1,1,0,0,0
2558,2694,2025-10-26,primary_care,1,1,0,0,0
2559,2694,2025-01-28,ED,0,0,1,0,0
2560,2695,2026-06-19,care_manager,0,0,0,0,0
2561,2696,2025-09-24,CBO,1,0,0,1,0
2562,2696,2026-05-10,care_manager,1,0,0,0,0
2563,2697,2026-01-22,CBO,1,0,1,1,0
2564,2697,2026-02-07,CBO,0,1,1,0,0
2565,2699,2025-03-10,phone,0,1,1,0,0
2566,2700,2026-06-24,primary_care,0,0,0,0,0
2567,2701,2025-05-02,phone,1,0,0,0,0
2568,2704,2025-05-02,primary_care,0,1,0,0,0
2569,2706,2025-04-22,primary_care,1,1,0,0,0
2570,2707,2026-04-15,CBO,0,1,0,0,0
2571,2709,2026-04-07,primary_care,0,0,0,0,0
2572,2710,2025-06-13,phone,1,0,0,0,0
2573,2711,2025-09-08,care_manager,0,1,1,0,0
2574,2713,2025-01-09,phone,0,0,0,1,0
2575,2714,2026-04-13,ED,0,0,0,0,0
2576,2714,2025-06-08,phone,1,0,0,0,0
2577,2716,2026-04-24,primary_care,0,0,1,0,0
2578,2716,2025-03-02,phone,0,0,0,1,0
2579,2717,2025-12-07,ED,0,0,0,0,0
2580,2718,2026-05-15,ED,0,1,0,0,0
2581,2718,2026-01-04,phone,0,0,0,0,0
2582,2719,2025-08-09,primary_care,0,0,1,0,0
2583,2720,2025-02-28,care_manager,0,0,0,0,0
2584,2721,2025-06-10,primary_care,0,1,0,0,0
2585,2722,2025-05-04,care_manager,0,1,1,0,0
2586,2722,2026-03-07,primary_care,1,0,0,0,0
2587,2722,2026-05-21,CBO,0,0,0,0,0
2588,2723,2026-05-25,CBO,0,1,0,0,0
2589,2724,2026-05-28,primary_care,1,0,0,0,0
2590,2725,2025-07-11,primary_care,0,0,0,0,0
2591,2726,2025-04-29,CBO,0,1,0,0,0
2592,2726,2026-05-12,ED,0,0,0,0,0
2593,2730,2025-05-16,primary_care,0,0,0,1,0
2594,2731,2025-03-24,ED,0,0,0,1,0
2595,2733,2026-03-20,care_manager,0,0,0,0,0
2596,2734,2026-01-01,phone,0,0,0,0,0
2597,2735,2026-03-13,care_manager,0,1,0,0,0
2598,2735,2025-12-27,phone,0,0,0,0,0
2599,2736,2025-09-29,primary_care,0,0,0,0,0
2600,2738,2026-01-30,primary_care,1,1,1,0,0
2601,2740,2025-06-17,ED,1,0,1,0,0
2602,2742,2025-01-06,ED,0,0,0,0,0
2603,2743,2025-01-03,ED,0,0,0,0,0
2604,2743,2026-03-02,CBO,0,1,0,0,0
2605,2744,2026-06-02,care_manager,0,0,0,0,0
2606,2746,2025-11-20,CBO,0,1,0,1,0
2607,2746,2025-05-18,ED,0,1,0,0,0
2608,2746,2026-06-29,care_manager,0,1,0,0,0
2609,2747,2025-02-05,ED,0,1,0,1,0
2610,2748,2025-07-05,ED,0,0,0,0,0
2611,2750,2025-12-07,ED,1,0,0,0,0
2612,2750,2026-04-21,care_manager,0,0,1,0,0
2613,2751,2025-07-05,CBO,0,0,0,0,0
2614,2752,2026-02-18,ED,0,0,0,0,1
2615,2754,2025-08-22,care_manager,0,0,1,1,0
2616,2755,2025-05-26,ED,0,0,0,0,0
2617,2756,2026-01-04,primary_care,0,0,1,0,0
2618,2756,2025-01-18,ED,1,0,0,0,0
2619,2758,2025-08-19,phone,1,0,0,0,0
2620,2758,2026-03-26,CBO,0,0,0,1,0
2621,2760,2025-05-09,care_manager,0,0,0,0,0
2622,2762,2025-11-19,phone,1,0,0,0,0
2623,2763,2026-05-24,ED,0,0,0,0,0
2624,2764,2025-03-04,phone,0,0,0,0,0
2625,2765,2025-09-10,primary_care,0,1,0,0,0
2626,2765,2025-05-31,ED,0,0,1,0,0
2627,2766,2025-10-22,CBO,0,1,1,0,0
2628,2766,2025-06-25,phone,0,0,1,0,0
2629,2767,2025-08-27,care_manager,0,0,0,0,0
2630,2767,2026-02-25,care_manager,1,1,0,0,0
2631,2768,2025-10-09,ED,1,1,0,1,0
2632,2769,2025-06-17,phone,0,0,0,0,0
2633,2769,2025-05-30,care_manager,0,0,0,0,0
2634,2770,2025-07-06,phone,0,1,0,1,0
2635,2770,2025-07-21,ED,0,0,1,0,0
2636,2774,2025-02-13,CBO,0,0,0,0,0
2637,2774,2025-06-14,primary_care,1,0,0,0,0
2638,2774,2025-12-23,ED,1,0,1,0,0
2639,2775,2026-01-09,ED,0,1,0,0,1
2640,2776,2025-07-15,care_manager,1,0,0,0,0
2641,2777,2026-04-23,ED,0,0,1,0,0
2642,2778,2025-05-20,ED,0,1,0,0,0
2643,2778,2025-09-28,CBO,0,1,1,0,0
2644,2779,2026-04-02,CBO,0,0,1,0,0
2645,2781,2025-02-06,CBO,0,0,0,0,0
2646,2784,2025-10-05,ED,0,0,1,0,0
2647,2786,2025-09-30,care_manager,1,1,0,0,0
2648,2787,2025-03-21,care_manager,0,1,0,0,0
2649,2787,2026-04-20,phone,1,0,0,0,0
2650,2788,2025-03-12,primary_care,0,1,0,0,0
2651,2788,2026-06-06,primary_care,0,0,0,1,0
2652,2789,2025-03-05,phone,0,0,0,0,0
2653,2789,2025-06-27,CBO,0,1,0,1,0
2654,2791,2025-12-23,phone,0,1,1,0,0
2655,2792,2026-02-17,primary_care,1,0,0,1,0
2656,2793,2026-03-21,phone,1,0,0,0,0
2657,2794,2025-11-30,CBO,1,1,0,0,0
2658,2795,2025-11-25,primary_care,0,0,0,1,0
2659,2795,2025-08-29,phone,0,1,1,0,0
2660,2795,2025-10-03,phone,0,1,0,0,0
2661,2798,2026-04-04,CBO,0,1,1,0,0
2662,2799,2026-03-20,primary_care,0,0,0,0,0
2663,2800,2025-06-25,ED,0,0,0,0,0
2664,2801,2026-04-28,primary_care,0,0,0,0,0
2665,2802,2025-05-18,ED,0,1,0,0,0
2666,2803,2026-01-30,ED,1,0,0,1,0
2667,2803,2026-03-05,phone,0,0,1,1,0
2668,2804,2026-06-26,CBO,0,0,1,0,0
2669,2806,2025-12-15,primary_care,0,0,1,1,0
2670,2806,2026-01-15,CBO,0,0,0,1,0
2671,2807,2025-01-14,care_manager,0,0,0,0,0
2672,2808,2026-06-01,care_manager,1,0,0,0,0
2673,2809,2025-04-06,primary_care,0,0,0,0,1
2674,2810,2025-12-07,phone,0,0,0,0,0
2675,2810,2025-11-26,phone,1,0,0,0,0
2676,2812,2025-07-28,care_manager,0,0,1,0,0
2677,2813,2025-02-15,primary_care,0,0,1,0,0
2678,2814,2025-09-21,phone,0,0,0,0,0
2679,2814,2026-04-21,care_manager,0,0,0,0,0
2680,2815,2026-05-26,phone,0,1,1,0,0
2681,2816,2026-04-23,primary_care,0,0,1,1,0
2682,2817,2025-05-26,care_manager,0,0,0,0,0
2683,2817,2025-09-14,care_manager,0,0,0,0,0
2684,2819,2025-03-06,CBO,0,1,0,0,0
2685,2819,2025-08-18,primary_care,0,0,0,0,0
2686,2822,2025-08-17,phone,0,0,0,0,0
2687,2824,2025-01-17,CBO,1,1,0,0,0
2688,2825,2025-01-05,care_manager,0,0,0,1,0
2689,2826,2026-05-30,phone,0,0,1,0,0
2690,2827,2025-10-29,phone,0,1,1,0,0
2691,2829,2025-05-03,care_manager,0,1,0,0,0
2692,2831,2025-07-26,primary_care,1,1,0,0,0
2693,2834,2025-11-23,CBO,1,0,1,0,0
2694,2834,2025-05-29,ED,0,1,0,0,0
2695,2834,2025-03-02,CBO,0,0,0,0,0
2696,2835,2025-11-25,care_manager,1,0,0,0,0
2697,2836,2025-03-11,primary_care,0,0,0,1,0
2698,2836,2025-08-18,ED,1,0,0,1,0
2699,2836,2025-06-15,care_manager,0,0,0,0,0
2700,2837,2026-02-05,primary_care,1,0,0,1,0
2701,2837,2026-06-08,care_manager,0,0,0,0,0
2702,2839,2026-05-01,care_manager,0,0,1,1,0
2703,2841,2026-03-05,phone,0,0,0,0,0
2704,2841,2025-08-17,CBO,0,0,0,0,0
2705,2842,2025-01-15,phone,0,1,0,0,0
2706,2842,2025-12-04,phone,0,0,0,0,0
2707,2843,2025-09-21,ED,0,0,0,0,0
2708,2844,2025-01-12,phone,1,0,0,0,0
2709,2844,2025-05-31,phone,0,0,1,0,0
2710,2844,2026-04-23,CBO,0,1,0,0,0
2711,2845,2026-06-12,phone,0,0,0,0,0
2712,2846,2026-02-15,CBO,1,0,0,0,0
2713,2846,2026-05-07,care_manager,0,0,0,0,0
2714,2847,2025-08-05,ED,0,0,1,0,0
2715,2847,2025-08-09,primary_care,0,0,0,0,0
2716,2848,2026-02-11,care_manager,0,0,0,0,0
2717,2849,2026-05-30,CBO,1,0,0,0,0
2718,2849,2026-03-30,CBO,1,1,0,0,0
2719,2851,2025-01-27,CBO,0,1,0,0,0
2720,2853,2025-07-10,care_manager,0,0,0,0,0
2721,2854,2025-01-02,phone,0,1,0,0,0
2722,2857,2025-07-21,ED,1,0,1,0,1
2723,2858,2025-03-12,care_manager,0,0,0,0,0
2724,2859,2026-05-07,ED,1,0,0,1,0
2725,2862,2025-08-24,CBO,0,0,0,0,0
2726,2863,2026-06-04,care_manager,0,1,0,0,0
2727,2863,2025-07-17,ED,0,0,0,0,1
2728,2864,2025-05-24,ED,0,1,0,0,0
2729,2866,2025-08-01,phone,0,1,1,1,1
2730,2867,2025-03-04,primary_care,0,0,0,0,1
2731,2868,2025-01-18,ED,1,0,1,0,0
2732,2869,2025-04-21,phone,1,0,1,0,0
2733,2869,2025-02-18,CBO,0,1,0,1,0
2734,2871,2026-02-12,phone,1,0,1,0,0
2735,2872,2025-01-19,ED,0,1,0,0,0
2736,2872,2025-03-02,ED,1,0,1,1,0
2737,2873,2025-01-18,phone,0,1,0,1,0
2738,2873,2025-10-17,CBO,1,0,0,0,0
2739,2874,2026-06-10,care_manager,0,0,0,0,0
2740,2875,2026-01-04,care_manager,1,0,0,0,0
2741,2876,2025-01-15,CBO,1,0,0,0,0
2742,2877,2025-02-16,primary_care,1,1,0,0,0
2743,2877,2025-03-21,primary_care,0,1,1,0,0
2744,2878,2026-01-31,CBO,1,0,1,0,0
2745,2878,2025-01-09,ED,0,0,0,0,0
2746,2880,2026-01-05,phone,0,1,1,0,0
2747,2881,2026-03-18,CBO,1,1,0,0,0
2748,2882,2025-05-07,primary_care,0,0,0,0,0
2749,2883,2025-08-01,CBO,1,0,1,0,0
2750,2884,2025-07-16,ED,0,1,0,0,0
2751,2885,2025-01-14,CBO,0,0,1,0,0
2752,2886,2026-04-02,primary_care,0,1,0,0,0
2753,2888,2025-12-25,primary_care,0,0,0,0,0
2754,2889,2025-11-16,ED,0,0,0,0,0
2755,2890,2025-04-09,ED,0,1,0,0,0
2756,2891,2025-06-26,primary_care,0,0,0,0,0
2757,2892,2026-05-18,care_manager,0,1,0,1,0
2758,2893,2025-08-04,care_manager,1,0,0,0,0
2759,2894,2026-05-01,care_manager,1,0,0,0,0
2760,2894,2026-06-15,CBO,0,0,0,0,0
2761,2895,2025-01-16,ED,0,0,0,0,0
2762,2897,2026-02-25,CBO,0,0,0,0,0
2763,2898,2025-12-31,care_manager,0,1,1,1,0
2764,2899,2025-08-17,CBO,0,0,1,0,0
2765,2900,2026-04-28,primary_care,0,1,0,0,1
2766,2901,2026-06-13,CBO,0,1,0,0,0
2767,2902,2025-03-12,primary_care,0,0,0,0,1
2768,2903,2025-11-11,phone,0,1,0,0,0
2769,2904,2026-02-04,care_manager,0,1,0,0,0
2770,2905,2026-03-28,phone,0,1,0,0,0
2771,2906,2025-04-15,CBO,0,0,0,1,0
2772,2907,2025-12-10,care_manager,0,0,0,0,0
2773,2909,2025-03-04,CBO,0,0,1,0,0
2774,2910,2026-05-12,CBO,1,0,0,0,0
2775,2912,2025-05-11,CBO,0,0,0,0,0
2776,2914,2026-06-29,CBO,0,0,0,0,0
2777,2915,2026-06-02,primary_care,0,0,1,1,0
2778,2916,2026-02-26,ED,0,1,1,1,0
2779,2917,2026-02-02,phone,0,1,0,0,0
2780,2917,2026-02-11,primary_care,0,0,1,0,1
2781,2918,2026-01-07,phone,1,0,0,1,0
2782,2920,2025-02-17,ED,0,1,0,1,0
2783,2921,2026-06-03,care_manager,0,0,0,0,0
2784,2922,2026-02-06,ED,0,0,0,0,0
2785,2925,2025-03-07,ED,0,1,0,0,0
2786,2926,2025-01-31,care_manager,0,1,1,0,0
2787,2926,2025-11-15,ED,1,0,1,0,0
2788,2930,2025-09-27,care_manager,0,0,1,0,0
2789,2930,2025-06-20,CBO,0,0,0,1,1
2790,2930,2025-10-08,CBO,0,1,0,0,0
2791,2931,2026-02-19,care_manager,0,0,0,0,0
2792,2932,2025-03-20,care_manager,0,0,1,0,0
2793,2932,2025-05-14,phone,0,0,0,0,0
2794,2933,2026-05-05,ED,0,0,0,0,0
2795,2933,2025-09-22,ED,0,0,0,0,0
2796,2934,2025-08-10,ED,0,0,1,0,0
2797,2935,2025-07-06,primary_care,0,0,0,0,1
2798,2935,2025-05-27,primary_care,0,0,0,0,0
2799,2936,2025-06-09,primary_care,0,1,0,0,0
2800,2936,2025-06-30,phone,0,0,0,0,0
2801,2937,2025-12-02,ED,0,0,0,0,0
2802,2937,2026-02-09,care_manager,0,0,0,1,0
2803,2939,2026-03-03,primary_care,0,0,1,0,0
2804,2940,2025-10-03,ED,0,0,1,0,0
2805,2941,2025-07-03,CBO,1,1,0,0,0
2806,2941,2025-09-17,primary_care,0,1,0,0,0
2807,2942,2025-07-24,care_manager,0,0,0,0,0
2808,2943,2026-02-20,phone,0,1,0,1,0
2809,2944,2026-01-09,phone,0,0,0,0,0
2810,2945,2025-03-06,CBO,0,0,0,0,0
2811,2945,2025-03-19,primary_care,0,0,0,0,0
2812,2947,2025-11-10,ED,0,0,0,0,0
2813,2948,2025-10-03,care_manager,1,0,0,0,0
2814,2950,2025-07-10,care_manager,0,1,0,0,0
2815,2952,2025-09-21,CBO,0,1,0,1,0
2816,2952,2025-11-27,CBO,1,1,0,0,0
2817,2954,2025-07-20,ED,0,1,0,0,0
2818,2954,2025-06-20,ED,0,1,0,0,0
2819,2955,2025-02-12,care_manager,1,0,0,0,0
2820,2955,2026-06-11,ED,0,0,1,0,0
2821,2956,2025-08-11,CBO,0,0,1,0,0
2822,2957,2025-01-12,ED,0,1,0,1,0
2823,2958,2025-11-06,phone,0,0,0,0,0
2824,2958,2026-03-13,phone,0,1,1,1,0
2825,2959,2026-01-08,CBO,0,0,0,0,0
2826,2960,2025-04-25,ED,0,1,0,0,0
2827,2961,2026-03-05,primary_care,0,0,0,1,0
2828,2962,2025-12-05,ED,0,1,0,0,0
2829,2963,2026-01-09,ED,0,1,0,0,0
2830,2964,2025-10-04,primary_care,0,0,0,0,0
2831,2965,2026-03-24,ED,0,1,0,0,0
2832,2965,2026-06-18,ED,0,0,0,0,0
2833,2967,2026-04-18,phone,0,0,0,0,0
2834,2968,2025-11-03,primary_care,0,1,0,0,0
2835,2968,2026-02-16,CBO,0,0,0,1,0
2836,2969,2026-04-22,care_manager,0,0,0,0,0
2837,2972,2026-03-29,primary_care,0,0,0,0,1
2838,2972,2025-10-17,care_manager,1,1,0,0,0
2839,2972,2025-02-23,primary_care,0,0,1,0,0
2840,2973,2025-09-20,CBO,0,0,0,0,0
2841,2975,2026-06-01,care_manager,1,0,0,0,0
2842,2977,2025-09-09,care_manager,0,0,0,0,0
2843,2978,2025-02-13,primary_care,1,1,0,1,0
2844,2980,2025-05-02,CBO,0,0,0,0,0
2845,2980,2025-08-28,care_manager,0,0,1,0,0
2846,2980,2026-06-29,phone,1,0,0,0,0
2847,2982,2025-01-28,phone,0,0,1,0,0
2848,2984,2025-12-31,primary_care,0,0,0,0,0
2849,2984,2025-03-13,ED,0,0,0,0,0
2850,2985,2026-02-06,phone,1,0,0,0,0
2851,2986,2025-11-25,CBO,1,1,0,0,0
2852,2988,2026-05-08,CBO,0,1,0,0,0
2853,2988,2025-10-30,phone,0,1,1,0,0
2854,2989,2025-04-25,CBO,0,0,0,0,0
2855,2990,2025-11-14,phone,0,1,0,1,0
2856,2991,2025-02-25,phone,1,0,0,0,0
2857,2992,2025-10-08,primary_care,1,1,0,1,0
2858,2993,2026-04-04,primary_care,0,0,0,0,0
2859,2994,2026-03-13,ED,0,0,0,0,1
2860,2995,2025-06-28,ED,1,1,0,0,0
2861,2996,2025-11-30,primary_care,0,1,0,0,0
2862,2998,2026-04-08,CBO,0,0,0,0,0
2863,3000,2025-11-16,care_manager,0,0,0,0,0
2864,3001,2025-05-01,phone,0,0,0,1,0
2865,3002,2025-12-06,phone,0,0,0,0,0
2866,3003,2025-02-18,care_manager,0,1,0,0,0
2867,3004,2025-05-26,phone,0,0,0,0,0
2868,3005,2025-04-23,CBO,1,0,0,1,0
2869,3006,2026-06-08,ED,0,0,0,1,0
2870,3006,2025-09-04,CBO,0,0,1,0,0
2871,3008,2025-08-17,ED,0,0,0,0,0
2872,3009,2025-11-26,care_manager,1,0,0,1,0
2873,3010,2025-01-27,primary_care,0,0,1,0,0
2874,3012,2025-10-03,ED,1,0,0,0,0
2875,3013,2025-11-03,ED,1,0,0,0,0
2876,3014,2025-02-05,phone,0,0,0,0,0
2877,3015,2026-04-04,phone,0,0,0,0,0
2878,3018,2026-02-16,primary_care,1,0,0,1,0
2879,3018,2026-01-04,care_manager,0,0,0,0,0
2880,3019,2025-05-20,CBO,0,0,1,0,0
2881,3019,2025-05-08,primary_care,1,1,0,0,0
2882,3020,2025-04-23,ED,0,0,0,0,0
2883,3021,2026-03-10,phone,1,0,0,0,0
2884,3021,2026-04-30,primary_care,0,0,0,1,0
2885,3022,2025-06-13,care_manager,1,1,1,0,0
2886,3023,2025-03-12,ED,1,0,1,1,0
2887,3023,2025-12-28,CBO,0,0,1,0,0
2888,3024,2025-07-10,primary_care,0,1,0,1,1
2889,3027,2025-06-24,CBO,0,0,1,0,0
2890,3028,2025-06-09,CBO,0,0,0,0,0
2891,3029,2026-01-30,primary_care,0,1,1,0,0
2892,3030,2025-12-12,ED,0,1,1,0,0
2893,3030,2025-09-20,phone,0,0,0,0,0
2894,3031,2025-03-26,CBO,0,0,0,0,0
2895,3032,2025-10-12,primary_care,0,0,0,0,0
2896,3032,2025-10-23,CBO,0,0,0,1,0
2897,3033,2025-09-22,CBO,0,0,0,0,0
2898,3034,2025-05-18,care_manager,0,0,0,0,0
2899,3035,2025-08-23,ED,0,1,0,0,0
2900,3037,2025-09-24,care_manager,0,0,0,0,0
2901,3038,2025-09-15,primary_care,0,1,1,0,0
2902,3038,2025-11-01,primary_care,0,0,0,0,1
2903,3038,2025-08-30,care_manager,1,0,0,0,0
2904,3039,2025-06-13,care_manager,1,1,0,0,0
2905,3039,2026-01-14,phone,0,0,0,0,0
2906,3039,2026-06-13,phone,0,0,0,0,0
2907,3040,2025-05-03,primary_care,0,0,0,0,0
2908,3041,2025-11-23,primary_care,0,0,1,0,0
2909,3042,2025-08-09,primary_care,1,1,0,0,0
2910,3042,2026-01-21,care_manager,1,1,0,1,0
2911,3045,2025-03-21,ED,1,1,1,0,0
2912,3046,2025-08-04,primary_care,1,0,0,0,0
2913,3046,2025-04-20,ED,0,1,0,0,1
2914,3047,2025-01-20,ED,1,0,0,0,0
2915,3047,2025-04-04,care_manager,0,0,0,0,0
2916,3047,2025-08-21,ED,0,0,1,0,0
2917,3048,2025-04-06,primary_care,1,0,0,0,0
2918,3048,2026-04-11,ED,0,0,0,0,0
2919,3049,2026-02-07,primary_care,0,0,0,0,0
2920,3050,2026-01-15,CBO,0,0,0,0,0
2921,3054,2026-03-28,ED,1,0,0,0,0
2922,3054,2025-11-08,ED,0,0,0,0,0
2923,3056,2025-02-14,phone,0,0,0,0,0
2924,3056,2026-04-06,care_manager,0,0,0,1,0
2925,3057,2025-08-16,phone,1,0,1,0,0
2926,3057,2025-01-05,phone,1,1,0,0,0
2927,3058,2026-01-14,CBO,0,0,0,0,0
2928,3058,2025-09-27,care_manager,0,0,0,0,0
2929,3059,2025-10-27,CBO,0,0,0,1,0
2930,3060,2026-05-22,phone,0,0,1,0,0
2931,3063,2025-11-22,care_manager,0,0,1,0,0
2932,3064,2025-09-25,ED,0,1,0,0,0
2933,3064,2025-06-08,ED,0,1,0,1,0
2934,3066,2025-07-28,primary_care,0,1,0,0,0
2935,3068,2025-10-23,care_manager,1,1,0,0,0
2936,3069,2025-07-14,primary_care,0,0,0,0,0
2937,3070,2026-04-15,primary_care,0,0,0,0,0
2938,3074,2026-05-18,phone,0,0,1,1,0
2939,3075,2026-04-19,care_manager,1,0,1,0,0
2940,3076,2025-01-22,care_manager,1,0,0,1,0
2941,3077,2025-03-20,CBO,0,0,0,0,0
2942,3077,2025-04-25,primary_care,1,0,0,0,0
2943,3077,2025-03-25,ED,0,0,0,0,0
2944,3079,2025-09-21,care_manager,0,0,0,0,0
2945,3080,2025-04-22,CBO,1,0,1,0,0
2946,3082,2026-06-15,phone,0,0,0,0,0
2947,3082,2025-02-21,ED,0,0,0,0,0
2948,3083,2025-05-22,CBO,0,1,0,0,0
2949,3083,2025-07-18,ED,1,1,0,0,0
2950,3083,2026-05-16,CBO,0,0,0,1,0
2951,3085,2026-03-24,care_manager,1,0,0,0,0
2952,3085,2025-11-16,care_manager,0,0,0,0,0
2953,3086,2025-12-02,CBO,0,0,0,0,0
2954,3088,2025-05-01,ED,0,0,0,1,0
2955,3089,2025-08-09,CBO,1,0,1,0,0
2956,3089,2025-11-09,primary_care,0,1,1,0,1
2957,3090,2025-07-26,CBO,0,0,0,0,0
2958,3090,2025-12-07,ED,0,1,0,0,0
2959,3095,2025-06-02,primary_care,0,0,0,0,0
2960,3095,2025-04-26,primary_care,1,0,0,0,0
2961,3096,2025-01-09,phone,1,0,1,0,0
2962,3097,2026-02-19,CBO,0,0,1,0,0
2963,3097,2025-05-21,primary_care,1,0,1,0,0
2964,3098,2026-04-03,care_manager,0,0,0,0,0
2965,3103,2025-04-13,phone,1,1,0,0,0
2966,3104,2025-09-21,phone,0,0,1,0,0
2967,3104,2025-03-06,CBO,0,1,0,0,0
2968,3106,2026-05-01,phone,0,0,0,0,0
2969,3108,2025-11-09,ED,0,0,0,0,0
2970,3108,2025-07-11,CBO,0,1,0,0,0
2971,3109,2026-04-30,primary_care,0,0,1,0,0
2972,3109,2026-01-25,ED,0,1,0,0,0
2973,3110,2025-05-11,ED,0,0,0,0,0
2974,3112,2026-04-11,ED,0,0,0,1,0
2975,3113,2025-04-30,ED,1,0,0,0,0
2976,3114,2026-03-16,care_manager,0,0,0,0,0
2977,3116,2025-08-09,CBO,0,0,0,0,0
2978,3116,2025-10-13,care_manager,0,0,0,0,0
2979,3116,2025-08-07,care_manager,0,0,0,0,0
2980,3117,2025-05-25,CBO,0,0,0,0,0
2981,3118,2026-05-08,phone,0,0,0,0,0
2982,3119,2025-12-29,ED,1,0,0,1,0
2983,3119,2026-03-07,CBO,0,0,1,0,0
2984,3119,2025-06-24,primary_care,0,0,1,1,0
2985,3120,2026-02-13,phone,1,0,1,0,0
2986,3120,2025-10-05,CBO,0,0,1,0,0
2987,3124,2025-10-28,phone,0,0,0,0,0
2988,3125,2025-07-25,care_manager,0,0,1,0,0
2989,3126,2026-02-18,primary_care,0,0,1,0,0
2990,3126,2026-01-01,care_manager,1,0,0,0,0
2991,3128,2025-09-18,CBO,0,0,0,0,0
2992,3129,2025-09-24,care_manager,1,0,1,0,0
2993,3129,2025-05-05,phone,0,0,0,0,0
2994,3130,2025-08-14,ED,0,0,0,0,0
2995,3131,2025-04-10,primary_care,0,0,0,0,0
2996,3132,2026-06-17,ED,0,0,0,0,0
2997,3133,2025-12-08,care_manager,1,0,0,0,0
2998,3133,2025-12-12,phone,0,1,0,0,0
2999,3134,2026-05-16,ED,0,0,0,0,0
3000,3136,2025-04-06,CBO,0,0,0,0,0
3001,3137,2025-04-23,care_manager,0,0,0,0,0
3002,3138,2025-07-19,primary_care,0,1,0,0,0
3003,3139,2025-10-30,care_manager,0,0,0,0,0
3004,3140,2025-07-01,care_manager,1,1,0,0,0
3005,3140,2025-08-12,primary_care,0,0,0,0,0
3006,3140,2026-03-02,phone,0,0,0,0,0
3007,3141,2026-05-06,phone,0,1,0,0,0
3008,3144,2025-03-31,phone,1,0,0,0,0
3009,3144,2026-03-08,care_manager,0,0,0,0,0
3010,3146,2025-08-27,primary_care,1,0,0,0,0
3011,3146,2025-04-25,CBO,0,0,1,1,0
3012,3150,2026-03-24,phone,0,1,0,0,0
3013,3151,2026-05-26,CBO,0,0,0,0,0
3014,3151,2026-05-28,phone,0,0,0,0,0
3015,3152,2025-03-30,phone,0,0,0,0,0
3016,3153,2025-07-01,ED,0,0,0,0,1
3017,3157,2026-06-22,CBO,0,1,0,0,0
3018,3157,2025-09-25,CBO,1,1,1,0,0
3019,3158,2026-03-04,phone,0,1,1,0,0
3020,3159,2026-01-21,CBO,1,0,0,0,0
3021,3160,2026-06-09,phone,0,0,0,0,0
3022,3162,2025-03-09,primary_care,1,0,1,0,0
3023,3162,2025-09-07,ED,0,0,1,0,0
3024,3162,2026-06-09,care_manager,0,0,0,0,0
3025,3164,2025-10-29,primary_care,0,0,0,0,1
3026,3164,2025-03-30,phone,0,0,0,0,0
3027,3165,2025-05-28,primary_care,0,1,0,0,0
3028,3167,2025-06-25,phone,0,1,0,0,0
3029,3168,2025-06-16,care_manager,0,0,1,0,0
3030,3169,2025-03-30,care_manager,0,0,0,0,0
3031,3170,2025-06-25,CBO,0,0,0,0,0
3032,3171,2025-10-25,phone,0,1,0,0,0
3033,3173,2025-11-11,CBO,0,1,0,0,0
3034,3173,2025-07-18,care_manager,0,1,0,1,0
3035,3173,2026-05-18,care_manager,0,0,0,0,0
3036,3175,2025-09-24,ED,0,0,1,0,0
3037,3176,2026-03-08,phone,0,0,0,0,0
3038,3177,2026-01-14,ED,0,0,0,1,0
3039,3177,2026-03-25,primary_care,0,1,0,0,0
3040,3178,2026-06-25,phone,0,0,1,0,0
3041,3182,2026-06-02,phone,1,1,0,0,0
3042,3184,2026-01-23,phone,0,0,0,1,0
3043,3185,2026-05-18,care_manager,0,0,1,0,0
3044,3186,2026-02-18,phone,1,1,0,0,0
3045,3186,2025-02-27,care_manager,0,0,0,0,0
3046,3189,2025-03-19,CBO,0,1,0,0,0
3047,3190,2025-08-22,ED,1,0,0,0,0
3048,3190,2025-05-24,care_manager,0,1,1,0,0
3049,3191,2025-01-22,ED,0,0,0,0,0
3050,3192,2025-05-31,phone,0,0,0,1,0
3051,3195,2025-12-30,phone,0,0,1,0,0
3052,3195,2025-11-17,phone,0,0,1,0,1
3053,3196,2025-10-28,phone,0,0,0,0,0
3054,3196,2026-04-01,care_manager,0,1,1,0,0
3055,3196,2025-08-31,primary_care,0,1,0,1,0
3056,3197,2026-03-24,CBO,0,1,0,1,0
3057,3197,2026-05-25,phone,0,1,1,0,0
3058,3199,2025-06-10,ED,0,0,1,0,0
3059,3200,2025-07-14,care_manager,0,0,0,0,0
3060,3200,2025-07-23,phone,1,1,0,0,0
3061,3202,2025-01-14,primary_care,0,0,0,0,0
3062,3202,2025-05-24,primary_care,0,0,1,0,0
3063,3204,2025-05-16,phone,0,0,0,0,0
3064,3205,2025-08-29,phone,1,0,0,1,0
3065,3206,2025-02-24,CBO,0,0,0,0,0
3066,3207,2025-03-11,care_manager,0,1,0,0,0
3067,3207,2025-02-22,CBO,0,0,0,0,0
3068,3208,2025-01-29,phone,0,0,1,0,0
3069,3210,2025-05-22,primary_care,0,0,0,0,0
3070,3210,2026-03-04,CBO,0,0,0,0,0
3071,3211,2025-01-22,care_manager,0,0,0,0,0
3072,3212,2026-05-03,CBO,0,0,0,0,0
3073,3213,2025-02-12,phone,0,0,1,0,0
3074,3214,2025-10-06,ED,0,0,0,0,0
3075,3214,2025-06-22,care_manager,1,1,0,1,0
3076,3215,2026-05-18,ED,0,0,1,0,0
3077,3216,2026-03-03,primary_care,0,0,0,0,0
3078,3216,2025-12-08,CBO,0,1,1,0,0
3079,3220,2025-12-08,CBO,0,1,0,0,0
3080,3221,2025-04-28,CBO,0,0,0,0,0
3081,3222,2025-12-16,CBO,0,0,1,0,0
3082,3224,2026-02-13,CBO,1,0,0,0,0
3083,3225,2025-05-16,care_manager,0,0,1,0,0
3084,3225,2026-06-07,care_manager,0,0,1,0,0
3085,3226,2025-08-12,primary_care,0,0,1,0,0
3086,3227,2026-03-18,CBO,1,1,0,1,0
3087,3229,2026-02-22,phone,0,0,0,0,0
3088,3232,2025-08-09,phone,0,0,0,0,0
3089,3233,2025-01-29,care_manager,0,1,0,0,0
3090,3234,2025-09-06,CBO,0,1,0,1,1
3091,3235,2025-11-15,care_manager,0,1,0,0,0
3092,3236,2025-09-09,care_manager,0,0,0,1,0
3093,3237,2025-11-02,phone,0,0,0,0,0
3094,3238,2025-04-01,care_manager,1,1,0,1,0
3095,3238,2025-04-15,CBO,0,0,1,0,0
3096,3239,2026-04-24,phone,1,0,0,0,0
3097,3240,2026-04-25,primary_care,0,0,0,1,0
3098,3241,2025-01-08,phone,0,1,0,0,0
3099,3242,2025-07-01,care_manager,0,0,0,0,0
3100,3243,2026-05-24,ED,0,0,0,1,0
3101,3244,2025-02-19,CBO,0,1,1,0,0
3102,3245,2026-04-25,CBO,0,0,0,1,0
3103,3246,2026-04-15,ED,1,1,1,0,0
3104,3247,2026-03-15,ED,1,0,0,0,0
3105,3247,2025-07-12,phone,0,0,0,0,0
3106,3248,2025-03-07,care_manager,0,1,0,0,0
3107,3249,2026-06-10,care_manager,0,0,0,0,0
3108,3249,2026-05-18,primary_care,0,0,0,0,0
3109,3250,2025-09-09,ED,0,0,0,0,0
3110,3251,2025-09-26,CBO,1,1,0,0,0
3111,3253,2025-10-21,CBO,1,0,0,0,0
3112,3254,2026-01-24,phone,0,0,0,0,0
3113,3254,2025-06-05,care_manager,0,1,1,0,0
3114,3254,2025-08-07,CBO,0,1,0,0,0
3115,3255,2026-03-04,primary_care,0,1,1,0,0
3116,3256,2025-04-19,phone,0,1,0,0,0
3117,3256,2026-05-21,CBO,0,0,0,0,0
3118,3258,2025-11-02,CBO,1,0,0,0,0
3119,3260,2025-12-16,CBO,0,0,0,0,0
3120,3260,2025-10-28,care_manager,0,1,0,0,0
3121,3263,2025-08-27,primary_care,1,0,0,0,0
3122,3264,2025-08-11,phone,0,0,0,0,0
3123,3265,2026-04-17,primary_care,0,1,0,0,0
3124,3265,2025-04-26,care_manager,0,0,0,0,0
3125,3265,2025-08-04,phone,0,1,0,1,0
3126,3266,2025-03-02,phone,0,0,0,0,0
3127,3266,2025-09-17,CBO,0,1,0,0,0
3128,3267,2025-02-26,phone,0,0,0,0,1
3129,3269,2025-07-13,primary_care,0,0,0,0,0
3130,3270,2025-12-08,care_manager,1,1,0,0,0
3131,3271,2025-04-29,primary_care,0,0,0,1,1
3132,3274,2025-06-25,phone,0,1,1,0,0
3133,3274,2025-03-27,phone,0,0,1,0,0
3134,3277,2025-01-20,care_manager,0,0,0,0,0
3135,3277,2026-02-04,care_manager,1,1,1,0,1
3136,3280,2025-08-07,ED,0,0,1,0,0
3137,3281,2025-12-20,primary_care,0,1,0,0,0
3138,3281,2025-01-26,care_manager,1,0,1,0,0
3139,3282,2025-11-05,ED,1,0,0,1,0
3140,3284,2026-01-26,ED,0,1,0,0,0
3141,3285,2025-05-19,CBO,1,0,0,0,0
3142,3286,2025-09-19,ED,0,0,0,0,0
3143,3287,2026-05-24,ED,1,0,0,0,0
3144,3288,2026-04-09,ED,0,1,0,1,0
3145,3290,2026-04-21,CBO,0,0,1,0,0
3146,3291,2026-05-08,ED,0,0,0,0,0
3147,3292,2025-07-19,phone,1,0,0,0,0
3148,3294,2026-01-30,primary_care,1,0,0,1,0
3149,3297,2026-03-05,care_manager,0,1,1,0,0
3150,3298,2026-01-13,care_manager,0,0,0,0,0
3151,3299,2026-06-01,ED,0,0,0,1,0
3152,3301,2025-02-20,phone,1,1,0,0,0
3153,3303,2025-07-21,phone,1,1,0,0,0
3154,3305,2026-04-14,phone,0,0,0,0,0
3155,3305,2025-06-10,care_manager,0,1,0,0,0
3156,3306,2025-10-05,CBO,1,0,1,1,0
3157,3307,2025-08-12,primary_care,0,0,0,0,0
3158,3307,2026-03-25,care_manager,0,1,1,0,0
3159,3309,2025-01-07,primary_care,1,0,0,0,0
3160,3310,2026-02-23,primary_care,0,1,1,0,0
3161,3310,2026-06-03,CBO,1,0,0,0,0
3162,3310,2025-12-09,phone,0,1,0,0,0
3163,3311,2025-03-17,care_manager,0,1,0,0,0
3164,3312,2025-07-14,ED,1,0,1,0,0
3165,3316,2025-05-04,CBO,0,1,1,1,0
3166,3317,2025-09-06,primary_care,0,1,1,0,0
3167,3317,2025-04-02,care_manager,0,0,0,0,0
3168,3318,2025-02-16,care_manager,0,1,0,0,0
3169,3319,2025-04-07,primary_care,1,0,0,0,0
3170,3320,2025-10-08,ED,0,1,0,0,0
3171,3323,2025-08-20,primary_care,0,0,1,1,0
3172,3324,2025-10-02,primary_care,0,0,0,0,0
3173,3324,2026-06-19,phone,0,0,0,0,0
3174,3325,2026-02-07,CBO,0,1,1,0,0
3175,3326,2025-03-18,primary_care,0,0,0,0,0
3176,3327,2025-07-18,care_manager,1,0,1,1,0
3177,3327,2025-09-14,primary_care,0,0,0,0,0
3178,3330,2025-06-12,CBO,0,0,0,0,0
3179,3331,2026-02-09,primary_care,0,0,0,0,0
3180,3333,2025-01-19,phone,1,0,1,0,0
3181,3333,2025-07-06,primary_care,0,0,1,0,0
3182,3334,2025-02-18,phone,0,0,0,0,0
3183,3336,2025-09-16,care_manager,1,0,1,0,0
3184,3337,2025-08-11,care_manager,1,1,1,0,0
3185,3339,2025-06-01,phone,0,0,0,0,0
3186,3339,2025-02-17,phone,0,0,1,0,0
3187,3342,2026-06-19,phone,0,1,0,0,0
3188,3343,2025-07-18,care_manager,0,0,0,0,0
3189,3344,2025-11-03,CBO,0,0,0,0,0
3190,3346,2025-04-01,care_manager,0,1,0,0,0
3191,3349,2025-02-11,phone,0,1,1,0,0
3192,3349,2025-07-25,ED,0,1,0,0,0
3193,3352,2025-06-28,care_manager,0,0,1,0,1
3194,3352,2025-07-09,phone,1,0,0,0,1
3195,3352,2025-07-02,CBO,0,0,0,1,0
3196,3353,2025-07-12,phone,1,0,0,1,0
3197,3353,2025-08-09,care_manager,0,0,0,0,0
3198,3354,2025-02-04,CBO,1,1,0,0,0
3199,3356,2025-06-10,ED,0,0,0,0,0
3200,3357,2025-07-03,primary_care,0,0,0,1,0
3201,3359,2025-08-10,ED,1,0,0,0,0
3202,3360,2025-10-05,primary_care,0,0,0,0,0
3203,3362,2026-03-05,care_manager,0,0,0,0,1
3204,3363,2026-06-27,primary_care,0,0,0,0,0
3205,3363,2025-07-03,phone,0,0,1,0,0
3206,3364,2025-12-01,primary_care,1,0,0,0,0
3207,3364,2026-03-28,primary_care,0,0,0,0,0
3208,3367,2026-03-26,phone,0,0,0,0,0
3209,3372,2026-01-27,CBO,0,0,0,0,0
3210,3374,2025-11-29,ED,0,0,0,1,0
3211,3374,2026-02-19,primary_care,0,0,0,1,0
3212,3376,2026-03-17,care_manager,0,0,0,0,0
3213,3379,2025-12-25,CBO,0,0,0,1,0
3214,3380,2026-01-31,CBO,0,0,1,0,0
3215,3382,2025-05-23,primary_care,1,0,1,0,0
3216,3384,2025-11-19,ED,0,0,0,0,0
3217,3384,2025-06-03,primary_care,0,1,0,0,0
3218,3384,2026-06-14,phone,0,0,0,0,0
3219,3386,2026-04-10,ED,0,0,0,0,0
3220,3387,2025-09-23,phone,0,0,0,0,0
3221,3388,2026-01-24,primary_care,0,0,0,0,0
3222,3390,2025-10-25,phone,0,0,0,0,0
3223,3390,2026-05-27,ED,1,1,0,0,0
3224,3391,2025-11-10,primary_care,0,0,0,0,0
3225,3392,2025-03-17,ED,0,1,1,0,0
3226,3393,2026-04-08,ED,0,0,0,0,0
3227,3395,2025-10-21,CBO,0,0,0,0,0
3228,3397,2025-08-13,ED,1,1,0,0,0
3229,3398,2025-12-18,phone,0,1,0,0,0
3230,3398,2026-03-06,primary_care,0,1,0,0,0
3231,3399,2025-06-22,CBO,0,1,0,0,0
3232,3399,2025-07-10,care_manager,0,1,0,0,0
3233,3400,2026-03-02,ED,0,0,0,0,0
3234,3401,2026-03-16,phone,0,0,0,0,0
3235,3402,2025-01-13,care_manager,0,1,0,0,0
3236,3404,2025-06-08,care_manager,0,1,0,0,0
3237,3406,2025-02-01,CBO,0,0,0,0,0
3238,3406,2026-05-21,primary_care,1,0,0,0,0
3239,3407,2025-09-03,primary_care,0,1,0,0,0
3240,3410,2025-01-05,ED,1,0,1,0,0
3241,3411,2026-03-11,CBO,0,0,1,0,0
3242,3412,2025-05-05,care_manager,0,1,1,0,0
3243,3413,2025-12-23,ED,1,0,0,0,0
3244,3414,2025-12-24,phone,1,0,0,0,0
3245,3417,2026-01-26,CBO,0,0,0,0,0
3246,3417,2026-02-26,primary_care,0,0,0,0,0
3247,3418,2025-01-14,care_manager,0,1,0,0,0
3248,3418,2025-07-02,phone,1,1,0,0,0
3249,3419,2025-04-29,care_manager,0,1,0,0,0
3250,3420,2025-02-21,care_manager,1,0,0,0,0
3251,3423,2025-03-29,ED,0,1,0,0,0
3252,3424,2025-01-20,ED,0,0,0,0,0
3253,3425,2025-08-17,phone,0,0,0,0,0
3254,3425,2025-10-15,ED,0,0,0,0,0
3255,3427,2025-11-02,care_manager,0,0,0,0,0
3256,3428,2026-04-10,ED,1,0,0,0,0
3257,3428,2026-05-14,CBO,0,1,0,0,1
3258,3428,2026-05-08,phone,0,0,0,0,0
3259,3430,2025-04-29,care_manager,0,0,0,0,0
3260,3432,2025-07-11,phone,0,1,1,1,0
3261,3432,2026-05-29,care_manager,0,0,0,0,0
3262,3433,2026-03-19,CBO,1,0,0,0,0
3263,3435,2025-12-18,primary_care,0,1,1,0,0
3264,3436,2025-04-10,phone,0,0,0,0,0
3265,3436,2025-09-03,ED,0,0,0,0,0
3266,3440,2025-10-23,phone,1,0,0,0,0
3267,3440,2026-05-18,care_manager,0,1,1,0,0
3268,3441,2026-05-30,primary_care,0,0,1,1,0
3269,3442,2025-01-09,phone,1,0,0,0,0
3270,3444,2026-05-19,CBO,0,1,0,0,0
3271,3445,2025-04-12,care_manager,0,0,0,0,0
3272,3448,2025-02-15,primary_care,0,0,0,0,0
3273,3449,2025-01-16,care_manager,0,0,1,0,0
3274,3452,2025-05-19,phone,0,0,0,1,0
3275,3452,2025-06-11,phone,0,0,0,0,0
3276,3454,2025-12-30,phone,0,0,1,0,0
3277,3454,2026-04-21,primary_care,0,0,0,0,0
3278,3455,2025-02-04,care_manager,0,0,1,0,0
3279,3456,2025-06-29,ED,0,0,0,0,0
3280,3457,2026-01-12,care_manager,0,0,0,0,0
3281,3460,2025-01-04,phone,0,0,0,0,0
3282,3461,2025-06-18,CBO,0,0,0,0,0
3283,3464,2025-08-12,phone,1,0,0,0,1
3284,3465,2025-12-21,care_manager,0,1,0,0,0
3285,3467,2026-03-27,care_manager,0,1,0,0,0
3286,3469,2025-09-14,care_manager,1,0,0,0,0
3287,3470,2025-03-27,care_manager,0,1,0,0,0
3288,3471,2025-04-24,primary_care,1,0,0,0,0
3289,3472,2025-01-23,primary_care,1,1,1,0,0
3290,3474,2025-03-29,CBO,0,1,0,0,0
3291,3475,2025-12-24,phone,0,0,1,0,0
3292,3476,2025-07-03,care_manager,0,0,0,1,0
3293,3478,2026-05-07,CBO,0,0,0,0,0
3294,3479,2025-10-10,ED,0,0,0,1,0
3295,3479,2025-03-19,ED,0,1,0,0,0
3296,3479,2026-01-08,CBO,1,0,1,0,1
3297,3481,2025-04-08,ED,0,0,1,0,0
3298,3481,2026-02-05,care_manager,1,0,1,0,0
3299,3482,2025-04-21,care_manager,1,0,0,0,0
3300,3482,2026-06-09,care_manager,1,0,0,0,0
3301,3483,2025-03-29,CBO,1,1,0,0,0
3302,3486,2025-01-23,primary_care,0,0,0,0,0
3303,3486,2025-09-30,phone,0,0,1,0,0
3304,3486,2025-05-12,care_manager,0,0,1,0,0
3305,3487,2026-03-26,ED,0,1,0,0,0
3306,3489,2025-03-22,care_manager,1,1,0,0,0
3307,3491,2025-10-07,care_manager,0,1,0,0,0
3308,3492,2025-05-12,CBO,0,0,0,0,0
3309,3493,2026-01-13,CBO,0,1,0,0,0
3310,3493,2025-09-28,primary_care,0,0,0,0,0
3311,3493,2026-03-15,ED,0,0,0,1,0
3312,3494,2026-05-03,ED,1,0,0,1,0
3313,3494,2025-09-01,phone,1,0,0,0,0
3314,3495,2026-05-01,primary_care,0,0,0,0,0
3315,3496,2025-07-01,ED,0,1,0,0,0
3316,3497,2026-05-17,CBO,0,0,0,0,1
3317,3497,2025-05-20,phone,0,0,0,0,0
3318,3498,2025-09-14,CBO,0,1,0,0,0
3319,3498,2026-04-30,CBO,0,1,0,0,0
3320,3499,2026-01-14,CBO,0,1,0,0,0
3321,3499,2026-06-07,care_manager,0,0,1,0,0
3322,3499,2025-10-24,phone,0,0,1,0,0
3323,3500,2026-05-28,primary_care,0,1,1,0,0
3324,3501,2026-03-29,ED,0,0,0,1,0
3325,3502,2025-11-06,phone,0,0,0,1,0
3326,3504,2025-08-26,primary_care,0,1,0,0,0
3327,3504,2025-01-12,phone,0,0,1,0,0
3328,3505,2026-04-23,primary_care,1,1,0,1,0
3329,3506,2025-11-09,primary_care,0,1,1,0,0
3330,3507,2025-06-18,phone,1,0,1,0,0
3331,3508,2025-11-30,phone,1,0,1,0,0
3332,3509,2025-10-07,phone,1,1,0,1,1
3333,3509,2025-09-01,primary_care,0,0,1,0,0
3334,3509,2025-04-29,CBO,1,0,1,1,0
3335,3510,2026-03-22,care_manager,0,0,1,0,0
3336,3510,2025-04-19,primary_care,0,0,0,0,0
3337,3511,2026-01-20,care_manager,0,0,0,0,0
3338,3511,2025-02-10,care_manager,0,1,0,0,0
3339,3512,2025-04-30,phone,1,0,0,0,0
3340,3515,2025-05-23,ED,0,0,0,0,0
3341,3515,2025-12-13,CBO,0,0,0,0,0
3342,3516,2025-09-18,CBO,0,0,1,0,0
3343,3517,2026-03-09,ED,1,0,0,0,0
3344,3519,2025-02-19,CBO,0,0,0,0,0
3345,3520,2025-09-04,care_manager,1,0,0,0,0
3346,3521,2025-04-15,ED,0,1,0,0,0
3347,3522,2025-05-23,phone,0,0,0,0,0
3348,3524,2025-01-02,CBO,1,0,0,0,0
3349,3524,2026-03-22,primary_care,1,0,0,0,0
3350,3526,2025-02-28,care_manager,1,0,0,0,0
3351,3527,2026-01-17,ED,0,1,1,0,0
3352,3527,2026-04-17,ED,0,0,0,0,0
3353,3528,2025-06-04,CBO,1,1,0,0,0
3354,3529,2025-06-14,primary_care,1,0,0,0,1
3355,3529,2025-12-09,CBO,0,1,0,0,0
3356,3529,2025-07-19,CBO,0,0,1,0,0
3357,3530,2026-01-21,ED,1,1,0,1,0
3358,3531,2025-06-26,ED,1,1,0,0,0
3359,3533,2026-04-08,phone,0,1,1,1,0
3360,3534,2025-04-30,ED,0,1,0,0,0
3361,3536,2025-12-06,care_manager,1,0,0,0,0
3362,3537,2026-01-02,phone,1,0,1,0,0
3363,3538,2026-05-19,care_manager,0,0,0,0,0
3364,3538,2026-02-13,phone,0,1,0,0,0
3365,3539,2025-10-30,primary_care,0,1,0,0,0
3366,3540,2025-09-29,ED,0,0,0,1,0
3367,3540,2026-04-10,care_manager,0,0,0,0,0
3368,3544,2025-09-26,CBO,1,0,0,0,0
3369,3545,2025-10-04,primary_care,0,0,0,0,0
3370,3547,2025-12-27,CBO,0,0,0,0,0
3371,3547,2025-04-25,care_manager,0,0,0,1,0
3372,3549,2025-08-07,ED,0,0,1,0,0
3373,3550,2025-03-27,ED,0,0,0,0,1
3374,3551,2025-02-07,care_manager,0,1,1,1,0
3375,3552,2026-06-02,CBO,0,0,0,0,0
3376,3553,2025-10-02,care_manager,0,0,1,1,0
3377,3553,2025-03-17,phone,0,0,0,0,0
3378,3554,2025-02-24,ED,0,0,1,0,0
3379,3556,2025-11-13,primary_care,0,0,0,0,0
3380,3556,2026-02-18,care_manager,0,1,0,0,0
3381,3556,2025-01-08,CBO,0,0,0,0,0
3382,3557,2026-01-10,ED,0,0,0,0,0
3383,3558,2025-02-23,CBO,1,0,1,0,0
3384,3558,2025-11-02,primary_care,0,1,1,0,0
3385,3559,2025-12-22,phone,0,0,1,0,0
3386,3561,2026-02-01,ED,0,0,0,1,0
3387,3563,2025-06-03,care_manager,0,0,0,0,0
3388,3563,2026-02-02,ED,0,0,1,0,0
3389,3563,2025-02-02,primary_care,0,0,0,0,0
3390,3564,2025-08-28,ED,0,1,0,0,0
3391,3564,2025-02-16,phone,0,0,0,0,0
3392,3565,2026-03-30,phone,0,0,0,0,0
3393,3565,2025-03-27,phone,1,1,0,1,0
3394,3566,2026-06-15,care_manager,0,0,0,0,0
3395,3567,2025-05-18,primary_care,0,0,1,0,0
3396,3567,2025-08-30,phone,0,0,0,0,0
3397,3568,2025-11-18,ED,0,0,0,0,0
3398,3569,2026-01-25,care_manager,0,0,1,0,0
3399,3569,2026-03-28,ED,0,0,1,0,0
3400,3569,2026-01-13,primary_care,0,0,0,0,0
3401,3570,2026-05-18,ED,0,0,0,0,0
3402,3571,2025-03-25,primary_care,1,0,0,0,0
3403,3572,2025-04-02,CBO,0,1,1,0,0
3404,3573,2025-03-11,care_manager,1,0,0,0,0
3405,3574,2026-01-07,ED,0,0,0,0,0
3406,3576,2025-06-26,care_manager,0,0,0,0,0
3407,3577,2025-05-15,ED,0,1,0,0,0
3408,3579,2025-09-04,care_manager,1,0,0,0,0
3409,3581,2025-01-21,phone,0,0,0,0,0
3410,3582,2025-11-07,ED,0,0,1,0,0
3411,3582,2025-10-28,CBO,0,0,1,0,0
3412,3582,2026-02-15,ED,0,1,0,1,0
3413,3584,2026-03-09,ED,0,0,1,1,0
3414,3585,2025-08-22,care_manager,1,1,0,1,0
3415,3585,2025-10-05,ED,0,0,0,0,0
3416,3586,2025-11-05,primary_care,0,0,0,0,0
3417,3587,2026-06-06,care_manager,0,1,0,1,0
3418,3587,2026-01-01,CBO,0,1,1,0,0
3419,3593,2025-12-18,CBO,0,0,0,0,0
3420,3594,2026-03-25,primary_care,0,0,1,1,0
3421,3595,2026-01-26,care_manager,0,0,0,0,0
3422,3595,2025-04-06,CBO,0,0,0,0,0
3423,3595,2025-08-16,phone,0,0,0,0,0
3424,3598,2025-02-27,primary_care,0,0,0,0,0
3425,3598,2025-06-22,primary_care,0,0,0,0,0
3426,3598,2026-04-18,phone,0,0,0,1,0
3427,3600,2026-04-06,primary_care,0,0,0,1,0
3428,3601,2025-09-11,CBO,0,1,0,0,0
3429,3604,2026-02-13,ED,0,0,0,0,0
3430,3605,2025-10-21,primary_care,0,0,1,0,0
3431,3606,2025-11-17,ED,0,1,0,0,0
3432,3607,2025-09-13,primary_care,0,1,1,0,0
3433,3609,2026-05-26,ED,0,0,0,0,0
3434,3609,2025-05-17,ED,0,0,1,0,0
3435,3611,2025-08-04,care_manager,0,1,1,0,0
3436,3612,2025-09-21,phone,0,0,0,0,0
3437,3612,2026-02-21,phone,0,0,1,0,0
3438,3613,2025-06-29,primary_care,0,0,0,0,0
3439,3614,2026-05-31,ED,0,0,1,0,0
3440,3615,2025-05-31,care_manager,0,0,0,0,0
3441,3615,2026-01-28,phone,0,1,1,0,0
3442,3615,2026-02-08,primary_care,0,0,0,0,0
3443,3616,2025-08-26,care_manager,0,0,0,0,0
3444,3616,2025-04-07,phone,0,1,0,0,0
3445,3617,2025-09-05,primary_care,0,0,0,0,0
3446,3619,2026-04-28,ED,0,0,1,0,0
3447,3621,2025-07-10,ED,0,0,1,0,0
3448,3621,2026-01-14,care_manager,0,0,0,0,0
3449,3623,2025-06-28,primary_care,0,0,0,0,0
3450,3623,2026-04-12,phone,0,0,0,0,0
3451,3625,2026-01-20,care_manager,1,0,0,0,0
3452,3626,2025-07-29,phone,0,0,0,0,0
3453,3626,2025-03-13,care_manager,1,0,1,1,0
3454,3627,2025-11-21,care_manager,0,0,0,0,0
3455,3628,2025-07-08,CBO,0,0,1,0,0
3456,3628,2025-05-16,ED,1,1,0,0,0
3457,3629,2026-04-23,CBO,0,1,0,0,0
3458,3630,2026-05-14,CBO,0,0,0,0,0
3459,3631,2026-01-25,CBO,0,0,0,1,0
3460,3633,2025-12-11,CBO,1,0,1,0,0
3461,3633,2025-04-12,phone,1,0,0,0,0
3462,3635,2025-11-25,primary_care,1,0,0,0,0
3463,3635,2026-01-10,phone,0,0,1,1,0
3464,3636,2026-03-29,primary_care,0,0,0,0,0
3465,3637,2026-02-15,phone,0,0,0,0,1
3466,3639,2025-05-20,ED,1,0,1,0,0
3467,3640,2025-01-20,CBO,0,0,0,0,0
3468,3641,2025-08-18,ED,0,0,1,1,0
3469,3641,2025-03-25,ED,0,0,0,0,0
3470,3642,2025-02-17,CBO,0,1,0,0,0
3471,3643,2026-03-09,CBO,0,1,0,0,0
3472,3644,2025-04-17,care_manager,0,0,1,0,0
3473,3644,2026-05-04,primary_care,0,0,0,0,0
3474,3644,2026-02-19,care_manager,0,1,0,0,0
3475,3646,2026-06-06,care_manager,0,1,0,0,0
3476,3647,2025-07-15,ED,0,0,0,0,0
3477,3651,2025-03-14,primary_care,0,0,0,0,0
3478,3651,2025-12-19,phone,0,0,1,0,0
3479,3651,2026-04-07,ED,0,0,1,0,0
3480,3652,2025-10-12,CBO,0,0,1,0,0
3481,3652,2025-08-04,phone,0,1,0,0,0
3482,3653,2025-06-18,care_manager,0,0,0,0,0
3483,3654,2025-09-22,primary_care,0,0,0,1,0
3484,3655,2026-03-05,care_manager,0,0,0,1,0
3485,3656,2026-05-22,CBO,0,0,0,1,0
3486,3656,2025-06-15,CBO,0,0,1,0,0
3487,3656,2026-01-13,primary_care,1,0,0,0,0
3488,3657,2026-02-08,ED,0,0,0,0,0
3489,3658,2025-02-19,CBO,0,0,0,1,0
3490,3661,2025-11-28,ED,1,0,0,0,0
3491,3662,2025-04-16,ED,0,1,0,0,0
3492,3663,2025-07-11,ED,0,1,0,0,0
3493,3664,2026-02-28,primary_care,1,0,0,0,0
3494,3665,2025-05-13,primary_care,0,0,0,0,0
3495,3667,2026-05-15,phone,1,0,0,0,0
3496,3668,2026-06-01,care_manager,0,0,0,1,0
3497,3668,2025-04-12,CBO,0,1,0,0,0
3498,3669,2025-12-06,phone,0,0,0,0,0
3499,3670,2025-11-26,care_manager,0,1,1,1,0
3500,3670,2025-09-15,ED,0,0,1,0,0
3501,3672,2025-12-08,primary_care,1,0,0,1,0
3502,3672,2026-02-05,ED,1,0,0,0,0
3503,3674,2025-03-01,ED,0,0,0,0,0
3504,3676,2025-09-24,primary_care,0,0,0,0,0
3505,3677,2025-12-01,ED,0,0,1,0,0
3506,3680,2025-08-10,phone,1,0,1,0,0
3507,3680,2025-01-21,phone,1,0,0,0,0
3508,3681,2026-04-21,CBO,0,0,0,0,0
3509,3682,2025-06-29,ED,0,0,1,0,0
3510,3684,2025-12-30,primary_care,1,0,1,0,0
3511,3685,2026-05-26,phone,0,1,1,1,0
3512,3686,2026-03-21,CBO,0,0,0,0,0
3513,3687,2026-02-02,phone,0,0,0,1,0
3514,3687,2026-06-07,CBO,0,0,0,0,0
3515,3688,2026-06-21,care_manager,0,1,0,0,0
3516,3690,2026-01-08,primary_care,0,1,0,0,0
3517,3690,2025-03-30,care_manager,0,0,1,0,0
3518,3691,2025-03-23,care_manager,0,0,0,0,0
3519,3691,2025-06-22,primary_care,0,1,1,1,0
3520,3692,2025-11-01,ED,0,1,0,0,0
3521,3692,2026-05-01,primary_care,0,1,0,0,0
3522,3693,2025-07-27,care_manager,0,0,0,0,0
3523,3694,2025-07-29,primary_care,0,0,0,0,0
3524,3694,2025-10-14,care_manager,0,0,0,1,0
3525,3694,2025-03-10,CBO,0,0,0,0,1
3526,3696,2026-03-30,ED,1,0,0,0,0
3527,3697,2026-02-26,ED,0,0,1,0,0
3528,3697,2025-10-30,primary_care,0,0,0,0,0
3529,3702,2025-09-14,primary_care,0,0,0,0,0
3530,3703,2026-05-11,care_manager,0,0,1,0,0
3531,3704,2025-07-16,primary_care,0,0,0,0,0
3532,3706,2026-05-16,phone,0,1,0,1,0
3533,3707,2025-12-21,CBO,0,1,0,0,0
3534,3707,2026-06-19,ED,0,0,0,0,0
3535,3708,2025-08-15,care_manager,0,1,0,0,0
3536,3708,2025-09-18,care_manager,0,1,0,0,0
3537,3711,2025-03-26,primary_care,0,0,0,0,0
3538,3712,2025-06-03,ED,1,0,1,0,1
3539,3713,2026-02-26,ED,0,1,0,0,0
3540,3714,2025-11-25,CBO,0,1,1,0,0
3541,3716,2026-06-22,CBO,0,1,0,0,0
3542,3717,2026-01-24,CBO,0,1,0,0,0
3543,3717,2025-09-24,care_manager,0,0,0,0,0
3544,3718,2026-03-11,primary_care,0,0,0,0,0
3545,3718,2026-04-15,CBO,0,1,1,0,0
3546,3718,2025-04-22,primary_care,0,0,1,0,0
3547,3719,2026-02-23,phone,0,0,0,0,0
3548,3722,2025-09-22,ED,1,0,0,0,0
3549,3722,2025-04-14,CBO,0,0,0,0,0
3550,3723,2025-02-18,phone,0,1,0,1,0
3551,3724,2025-04-10,care_manager,0,1,0,0,0
3552,3725,2025-08-22,CBO,0,0,0,0,1
3553,3726,2025-11-23,primary_care,0,1,1,0,0
3554,3729,2025-08-12,CBO,0,1,1,0,0
3555,3729,2026-02-16,CBO,1,0,0,0,0
3556,3731,2026-06-09,ED,1,0,0,0,0
3557,3732,2025-10-13,ED,0,0,0,1,0
3558,3734,2025-03-22,CBO,0,0,1,0,0
3559,3735,2025-07-29,ED,0,1,0,0,0
3560,3735,2025-04-02,primary_care,1,0,0,0,0
3561,3736,2026-06-04,primary_care,0,0,0,0,0
3562,3736,2026-03-17,phone,0,1,0,0,0
3563,3738,2026-03-22,care_manager,0,0,0,0,0
3564,3739,2025-05-21,ED,0,0,0,0,0
3565,3743,2026-01-23,primary_care,0,1,0,0,0
3566,3746,2025-07-24,phone,0,0,0,0,0
3567,3747,2025-01-22,care_manager,0,0,0,0,1
3568,3748,2025-08-03,phone,0,0,0,0,0
3569,3749,2025-05-24,primary_care,0,1,1,0,0
3570,3750,2025-08-09,care_manager,0,1,0,0,0
3571,3750,2025-08-11,ED,0,0,0,0,1
3572,3751,2025-11-25,primary_care,0,0,0,0,0
3573,3751,2026-04-29,phone,0,0,1,0,0
3574,3752,2025-11-16,ED,0,0,1,0,0
3575,3758,2025-03-13,CBO,0,0,0,0,0
3576,3758,2026-01-09,phone,0,0,0,0,0
3577,3759,2026-02-12,phone,0,0,0,0,0
3578,3760,2025-03-07,phone,0,0,0,0,0
3579,3760,2025-08-04,phone,0,1,1,0,0
3580,3762,2026-03-27,primary_care,0,0,1,0,0
3581,3762,2025-09-14,primary_care,1,1,1,0,0
3582,3762,2026-03-26,phone,0,0,1,0,0
3583,3764,2025-06-06,ED,0,1,0,0,0
3584,3764,2025-03-09,phone,0,0,0,0,0
3585,3765,2026-04-26,ED,0,0,0,0,0
3586,3766,2025-06-24,primary_care,0,0,0,0,0
3587,3767,2025-03-06,ED,1,1,0,0,0
3588,3767,2025-11-24,CBO,0,0,0,0,0
3589,3768,2025-01-26,CBO,0,1,0,0,1
3590,3769,2026-06-21,ED,0,0,0,0,0
3591,3770,2026-06-19,primary_care,0,1,0,0,0
3592,3770,2025-03-17,ED,1,0,0,1,0
3593,3771,2025-11-14,phone,0,0,0,0,0
3594,3774,2026-02-07,CBO,0,1,0,0,0
3595,3775,2025-11-11,CBO,0,0,0,0,0
3596,3776,2025-08-25,CBO,1,0,0,0,0
3597,3777,2025-08-30,phone,0,0,0,0,0
3598,3777,2025-02-04,CBO,0,0,0,0,0
3599,3777,2025-09-03,phone,0,1,0,0,0
3600,3778,2025-12-28,ED,0,0,0,0,0
3601,3779,2026-01-19,phone,1,0,0,0,0
3602,3780,2025-03-08,phone,1,1,0,0,0
3603,3781,2025-08-20,care_manager,0,1,0,0,0
3604,3784,2026-03-17,phone,1,1,0,0,0
3605,3785,2026-01-20,primary_care,1,1,0,0,1
3606,3785,2026-06-28,CBO,0,0,0,0,0
3607,3785,2025-05-20,ED,0,0,0,0,1
3608,3786,2026-06-30,CBO,0,1,0,0,0
3609,3787,2025-07-11,ED,0,0,0,0,0
3610,3788,2025-06-04,care_manager,1,0,1,0,0
3611,3788,2025-10-06,care_manager,0,0,0,0,0
3612,3789,2025-08-14,primary_care,0,0,0,1,0
3613,3790,2025-01-08,CBO,0,1,1,0,0
3614,3791,2025-10-22,care_manager,0,1,0,0,0
3615,3791,2025-12-30,phone,1,0,0,0,0
3616,3792,2025-12-01,ED,0,0,0,0,0
3617,3794,2025-12-24,ED,0,1,0,0,0
3618,3795,2025-05-10,CBO,0,0,1,0,0
3619,3795,2025-11-28,ED,0,1,0,1,0
3620,3796,2026-06-13,phone,0,1,0,0,0
3621,3803,2026-02-21,CBO,1,1,0,0,0
3622,3803,2026-02-05,CBO,1,0,1,0,0
3623,3804,2025-07-13,primary_care,0,0,0,0,0
3624,3805,2025-01-01,care_manager,0,0,0,0,0
3625,3806,2025-06-03,ED,0,1,0,0,0
3626,3807,2025-04-11,CBO,0,1,0,0,0
3627,3809,2025-02-20,CBO,1,0,0,0,0
3628,3810,2025-04-12,phone,0,0,0,0,0
3629,3810,2026-04-13,ED,0,0,0,0,0
3630,3810,2025-09-30,phone,0,0,0,0,0
3631,3812,2025-12-11,care_manager,0,1,1,0,0
3632,3813,2026-02-01,care_manager,0,1,1,0,0
3633,3814,2025-10-14,phone,0,0,0,0,0
3634,3816,2026-03-22,primary_care,1,0,0,0,0
3635,3818,2025-03-20,ED,0,0,0,0,0
3636,3819,2026-05-31,phone,0,0,0,0,0
3637,3820,2025-12-03,phone,0,1,1,0,0
3638,3821,2025-09-25,care_manager,0,0,0,0,0
3639,3824,2026-02-26,care_manager,0,0,0,0,1
3640,3825,2026-05-17,ED,0,0,0,0,0
3641,3825,2026-05-02,CBO,0,1,0,0,0
3642,3827,2025-02-22,primary_care,1,0,0,0,0
3643,3829,2026-05-25,care_manager,0,0,0,0,0
3644,3830,2026-01-18,primary_care,0,1,0,1,0
3645,3831,2026-04-30,care_manager,0,0,0,0,0
3646,3832,2025-02-23,ED,0,1,0,0,0
3647,3833,2026-04-12,CBO,0,1,0,0,0
3648,3834,2025-02-26,CBO,0,0,0,1,0
3649,3835,2026-02-02,CBO,0,0,0,0,0
3650,3835,2026-04-28,primary_care,1,0,0,0,0
3651,3836,2026-04-04,ED,0,0,0,0,0
3652,3837,2025-09-13,ED,0,0,0,0,0
3653,3838,2025-01-31,care_manager,0,1,0,0,0
3654,3839,2025-01-27,CBO,0,1,0,0,0
3655,3839,2026-04-01,phone,0,0,0,0,0
3656,3839,2025-11-28,phone,1,0,0,0,0
3657,3840,2025-07-16,CBO,0,1,0,0,0
3658,3840,2025-10-24,phone,0,0,0,0,0
3659,3840,2025-04-27,CBO,0,1,0,0,0
3660,3841,2026-03-11,phone,0,0,0,0,0
3661,3842,2025-01-27,phone,1,1,0,0,0
3662,3843,2025-09-15,phone,0,0,0,0,0
3663,3845,2026-05-21,CBO,1,0,1,1,0
3664,3845,2025-01-15,phone,1,0,0,0,0
3665,3846,2026-06-21,CBO,1,1,0,0,0
3666,3847,2026-03-06,primary_care,1,0,0,0,0
3667,3848,2026-02-13,primary_care,0,0,1,0,0
3668,3849,2025-02-27,ED,0,0,0,0,0
3669,3850,2025-01-06,primary_care,0,0,0,0,0
3670,3850,2025-05-15,ED,1,0,1,0,0
3671,3851,2025-07-18,ED,1,1,0,0,0
3672,3853,2025-02-10,CBO,0,1,0,0,0
3673,3858,2026-02-23,primary_care,0,0,0,0,0
3674,3858,2025-04-18,primary_care,1,0,0,0,0
3675,3859,2025-04-18,phone,1,1,0,0,0
3676,3860,2026-01-02,phone,0,0,0,0,0
3677,3862,2025-02-14,phone,0,1,0,0,0
3678,3862,2025-10-14,primary_care,0,0,1,0,0
3679,3863,2025-04-18,care_manager,0,0,0,0,1
3680,3864,2025-08-14,ED,1,0,0,0,0
3681,3865,2025-05-28,CBO,0,0,0,1,0
3682,3865,2025-09-24,ED,0,0,0,0,0
3683,3866,2025-04-10,CBO,1,0,1,0,0
3684,3869,2026-02-03,care_manager,0,1,1,1,0
3685,3870,2026-05-21,CBO,1,1,1,0,0
3686,3873,2025-11-14,phone,1,1,0,0,0
3687,3874,2025-10-28,care_manager,0,0,0,0,0
3688,3875,2025-06-04,ED,1,1,0,0,0
3689,3875,2025-11-08,ED,0,0,0,0,0
3690,3876,2025-05-13,care_manager,0,0,0,0,0
3691,3876,2025-10-14,ED,1,0,0,0,0
3692,3877,2026-04-04,phone,0,0,0,0,0
3693,3877,2025-06-18,care_manager,0,0,0,1,0
3694,3877,2025-10-23,CBO,0,0,0,0,0
3695,3879,2026-02-21,care_manager,0,0,1,1,0
3696,3881,2025-06-23,primary_care,1,0,0,1,0
3697,3881,2025-02-26,CBO,0,1,1,0,0
3698,3882,2026-05-08,phone,0,1,1,0,0
3699,3883,2025-03-15,primary_care,1,0,0,0,0
3700,3883,2025-06-13,phone,0,0,0,0,0
3701,3884,2026-06-02,ED,1,0,0,0,0
3702,3884,2025-12-22,care_manager,0,1,1,0,0
3703,3885,2025-06-13,ED,0,1,0,0,0
3704,3886,2025-04-24,CBO,0,1,1,0,0
3705,3887,2026-05-19,care_manager,0,0,0,0,0
3706,3888,2026-02-01,primary_care,0,0,0,0,0
3707,3889,2025-11-15,phone,0,0,0,0,0
3708,3889,2026-01-08,CBO,1,0,1,0,0
3709,3889,2025-06-10,phone,0,1,0,0,0
3710,3890,2026-02-04,ED,0,0,1,0,0
3711,3891,2026-03-21,primary_care,0,0,0,0,0
3712,3891,2026-01-10,primary_care,0,0,0,0,0
3713,3893,2025-08-14,phone,0,0,0,0,0
3714,3894,2025-10-16,phone,0,1,0,0,0
3715,3896,2025-12-25,care_manager,0,0,0,0,0
3716,3897,2026-03-26,primary_care,0,0,0,0,0
3717,3898,2026-01-26,care_manager,0,0,1,0,0
3718,3899,2025-05-18,phone,0,0,1,1,0
3719,3899,2025-11-18,care_manager,0,0,0,0,0
3720,3900,2025-08-20,CBO,0,1,0,0,0
3721,3900,2026-04-11,phone,1,0,0,0,0
3722,3901,2025-12-19,ED,0,1,0,1,0
3723,3902,2025-10-18,phone,0,0,0,0,0
3724,3902,2026-04-20,care_manager,0,0,0,0,0
3725,3903,2025-03-24,primary_care,0,0,0,0,0
3726,3903,2026-03-28,ED,0,0,1,0,0
3727,3904,2026-02-27,ED,1,1,0,0,0
3728,3905,2026-06-01,care_manager,0,0,1,0,0
3729,3905,2026-05-19,phone,1,0,0,0,0
3730,3906,2025-06-11,CBO,0,1,0,0,0
3731,3907,2025-08-05,primary_care,0,0,0,0,0
3732,3909,2026-05-15,CBO,0,0,1,0,0
3733,3910,2025-02-21,phone,1,0,0,0,0
3734,3910,2025-12-10,primary_care,0,1,0,0,0
3735,3912,2025-04-29,ED,0,1,1,0,0
3736,3913,2026-04-24,care_manager,0,1,0,1,0
3737,3914,2026-02-02,CBO,1,1,0,1,0
3738,3914,2025-04-09,care_manager,0,0,0,0,0
3739,3916,2025-06-06,primary_care,0,0,1,0,0
3740,3917,2025-08-30,primary_care,0,1,0,0,0
3741,3919,2026-03-31,ED,0,0,0,0,0
3742,3920,2025-04-26,phone,0,0,0,0,0
3743,3921,2025-06-24,phone,0,1,0,0,1
3744,3922,2025-02-04,phone,0,0,1,1,0
3745,3924,2025-10-05,CBO,1,0,1,0,0
3746,3925,2026-02-03,primary_care,0,0,0,0,0
3747,3926,2025-12-29,CBO,0,0,0,0,0
3748,3926,2025-07-02,care_manager,0,1,0,0,0
3749,3927,2025-05-18,phone,1,0,0,0,0
3750,3928,2025-12-12,care_manager,0,1,1,0,0
3751,3928,2026-04-08,phone,0,1,0,1,0
3752,3929,2026-01-19,care_manager,0,0,1,0,0
3753,3931,2025-09-26,primary_care,0,0,0,0,0
3754,3934,2025-03-29,care_manager,0,1,1,0,0
3755,3935,2025-01-17,phone,0,1,1,0,0
3756,3936,2025-04-03,ED,0,0,0,0,0
3757,3936,2025-03-23,phone,0,0,0,0,0
3758,3937,2025-08-04,care_manager,0,0,1,1,0
3759,3939,2026-04-17,ED,0,0,0,0,0
3760,3940,2025-03-09,care_manager,1,0,0,0,0
3761,3940,2025-12-10,ED,0,1,0,0,0
3762,3944,2025-06-05,care_manager,0,1,1,1,0
3763,3945,2026-05-26,care_manager,0,0,0,0,0
3764,3946,2025-05-13,primary_care,0,0,0,0,1
3765,3947,2026-05-07,care_manager,0,0,0,0,0
3766,3947,2025-04-01,care_manager,0,0,0,0,0
3767,3948,2025-01-20,care_manager,0,0,0,0,0
3768,3949,2025-07-05,phone,0,1,0,0,0
3769,3950,2025-10-28,care_manager,1,0,0,0,0
3770,3950,2025-10-31,care_manager,0,0,0,0,0
3771,3950,2025-12-28,ED,1,0,0,0,0
3772,3951,2026-02-23,care_manager,0,0,0,1,0
3773,3951,2025-07-19,primary_care,0,0,0,0,0
3774,3952,2026-05-25,primary_care,0,0,0,0,0
3775,3952,2026-01-20,ED,0,0,0,0,0
3776,3955,2025-07-28,CBO,0,0,0,0,0
3777,3957,2026-06-15,ED,0,0,1,0,0
3778,3959,2026-05-17,ED,1,0,0,0,0
3779,3960,2025-07-27,care_manager,0,0,0,1,0
3780,3960,2026-03-18,primary_care,0,0,0,0,0
3781,3962,2026-06-09,primary_care,0,1,0,0,0
3782,3962,2025-10-28,ED,1,1,1,0,0
3783,3965,2025-05-18,primary_care,0,1,0,0,0
3784,3966,2025-03-31,CBO,0,0,0,0,0
3785,3967,2025-08-11,care_manager,1,1,0,0,0
3786,3971,2025-11-28,ED,0,0,0,0,0
3787,3973,2025-10-06,ED,0,0,0,0,0
3788,3973,2026-01-10,phone,0,0,1,1,0
3789,3974,2026-05-22,ED,0,1,0,0,0
3790,3976,2026-01-12,CBO,1,1,0,0,0
3791,3976,2026-05-14,primary_care,0,0,0,1,0
3792,3977,2025-04-14,primary_care,0,0,0,0,0
3793,3978,2026-02-16,CBO,0,1,0,0,0
3794,3978,2026-04-19,primary_care,0,0,0,1,0
3795,3978,2025-05-17,care_manager,1,1,0,0,0
3796,3979,2025-01-26,phone,0,1,0,0,0
3797,3981,2025-08-01,care_manager,1,0,0,0,0
3798,3982,2026-01-04,phone,1,0,0,0,0
3799,3982,2025-12-15,CBO,1,1,0,0,0
3800,3984,2025-05-02,primary_care,0,1,0,0,0
3801,3986,2025-12-01,phone,0,0,0,1,0
3802,3987,2025-07-05,CBO,0,0,0,0,0
3803,3988,2025-03-05,primary_care,0,0,0,0,0
3804,3988,2025-12-30,CBO,1,0,0,0,0
3805,3990,2025-07-26,primary_care,0,1,0,0,0
3806,3991,2025-10-22,primary_care,0,0,1,0,0
3807,3992,2025-02-25,primary_care,0,0,0,0,0
3808,3993,2025-10-30,ED,1,0,0,0,0
3809,3994,2025-02-11,phone,1,0,0,0,0
3810,3996,2026-06-13,primary_care,1,0,0,0,0
3811,3996,2025-11-02,phone,0,0,0,0,1
3812,3997,2025-02-15,ED,1,0,1,0,0
3813,3998,2025-08-08,CBO,0,1,0,0,0
3814,3999,2025-08-19,phone,1,1,0,0,0
3815,4000,2025-08-23,phone,0,0,0,0,0
3816,1506,2026-05-04,CBO,0,0,0,0,0
3817,177,2025-07-11,primary_care,0,1,0,0,0
3818,2767,2025-08-27,care_manager,0,0,0,0,0
3819,1963,2025-03-31,ED,0,0,0,0,0
3820,1114,2025-10-23,ED,0,0,0,0,0
3821,1997,2026-06-25,CBO,0,1,1,0,1
3822,1912,2025-11-09,primary_care,1,0,0,1,0
3823,718,2025-08-21,primary_care,0,0,1,1,0
3824,382,2025-02-20,care_manager,0,0,0,0,0
3825,2440,2025-02-17,ED,1,1,1,0,0
3826,2374,2025-10-01,care_manager,0,0,0,0,0
3827,3607,2025-09-13,primary_care,0,1,1,0,0
